batch_id,timestamp,node_type,commodity,category,initial_quantity_kg,current_quantity_kg,days_since_harvest,shelf_life_days,days_to_expiry,storage_temp_celsius,optimal_temp_celsius,storage_humidity_pct,original_price_per_kg,recommended_price_per_kg,discount_percentage,urgency_level,spoilage_risk_percentage,waste_avoided_kg,revenue_recovered_inr,carbon_saved_kg_co2
BATCH-PRX-00318,2025-01-01 00:00:00,Wholesaler Depot,Banana,Fruit,3639,519.0,5,6,1,22.3,14.0,87.1,49.4,18.03,63.5,critical,100.0,457.2,8243.32,914.4
BATCH-PRX-00823,2025-01-01 00:00:00,Farm Hub,Rice,Cereal,1451,949.2,57,180,123,31.2,22.0,83.7,45.05,41.36,8.2,low,41.8,521.3,21560.97,1042.6
BATCH-PRX-00977,2025-01-01 00:00:00,Wholesaler Depot,Ginger,Spice,3674,455.8,22,20,-2,17.5,12.0,79.8,109.17,27.29,75.0,critical,100.0,0.0,0.0,0.0
BATCH-PRX-01127,2025-01-01 00:00:00,Mandi Yard,Cauliflower,Vegetable,1242,225.8,6,8,2,7.8,5.0,80.2,32.91,19.02,42.2,high,45.0,170.1,3235.3,340.2
BATCH-PRX-00315,2025-01-02 00:00:00,Retail Supermarket,Banana,Fruit,207,65.3,3,6,3,15.3,14.0,70.3,58.13,34.18,41.2,high,45.0,48.8,1667.98,97.6
BATCH-PRX-01291,2025-01-02 00:00:00,Farm Hub,Cabbage,Vegetable,3663,802.7,8,12,4,8.7,4.0,67.8,24.78,18.61,24.9,medium,20.0,521.3,9701.39,1042.6
BATCH-PRX-01933,2025-01-02 00:00:00,Mandi Yard,Rice,Cereal,4064,3377.3,11,180,169,27.4,22.0,80.7,50.61,41.25,18.5,low,26.5,2063.5,85119.38,4127.0
BATCH-PRX-00414,2025-01-03 00:00:00,Retail Supermarket,Orange,Fruit,3869,771.0,15,14,-1,18.5,6.0,80.9,68.03,17.01,75.0,critical,100.0,0.0,0.0,0.0
BATCH-PRX-00512,2025-01-03 00:00:00,Mandi Yard,Ginger,Spice,1081,455.7,7,20,13,21.5,12.0,79.4,122.74,113.41,7.6,low,43.0,248.6,28193.73,497.2
BATCH-PRX-00875,2025-01-03 00:00:00,Wholesaler Depot,Orange,Fruit,3560,2666.2,2,14,12,18.1,6.0,86.7,59.37,47.97,19.2,low,53.5,1640.2,78680.39,3280.4
BATCH-PRX-01170,2025-01-03 00:00:00,Retail Supermarket,Garlic,Spice / Vegetable,3176,2530.3,6,60,54,29.0,15.0,74.7,190.03,157.53,17.1,low,60.8,1524.8,240201.74,3049.6
BATCH-PRX-00982,2025-01-04 00:00:00,Farm Hub,Apple,Fruit,4328,1627.9,11,25,14,6.9,2.0,67.8,173.62,148.79,14.3,low,5.0,953.6,141886.14,1907.2
BATCH-PRX-01058,2025-01-04 00:00:00,Wholesaler Depot,Tomato,Vegetable,787,303.0,4,7,3,19.1,12.0,79.2,40.65,23.17,43.0,high,73.4,229.7,5322.15,459.4
BATCH-PRX-01082,2025-01-04 00:00:00,Farm Hub,Onion,Vegetable,4437,1789.1,10,30,20,16.5,10.0,66.1,33.25,28.23,15.1,low,31.0,1056.6,29827.82,2113.2
BATCH-PRX-01956,2025-01-04 00:00:00,Wholesaler Depot,Onion,Vegetable,1676,915.6,13,30,17,12.2,10.0,91.5,35.22,31.42,10.8,low,5.0,517.1,16247.28,1034.2
BATCH-PRX-00144,2025-01-05 00:00:00,Wholesaler Depot,Apple,Fruit,4356,692.1,24,25,1,8.9,2.0,86.6,177.51,62.66,64.7,critical,100.0,614.7,38517.1,1229.4
BATCH-PRX-00784,2025-01-05 00:00:00,Wholesaler Depot,Tomato,Vegetable,3658,1558.5,4,7,3,24.1,12.0,69.6,38.84,19.69,49.3,high,93.6,1240.3,24421.51,2480.6
BATCH-PRX-00405,2025-01-06 00:00:00,Retail Supermarket,Onion,Vegetable,997,666.4,7,30,23,21.7,10.0,74.1,34.98,31.66,9.5,low,51.8,371.2,11752.19,742.4
BATCH-PRX-01416,2025-01-06 00:00:00,Farm Hub,Banana,Fruit,1288,293.1,4,6,2,17.4,14.0,81.0,60.25,34.7,42.4,high,45.0,221.1,7672.17,442.2
BATCH-PRX-01602,2025-01-06 00:00:00,Mandi Yard,Ginger,Spice,4301,1002.3,14,20,6,22.7,12.0,65.9,129.41,96.67,25.3,medium,62.6,653.3,63154.51,1306.6
BATCH-PRX-01929,2025-01-06 00:00:00,Farm Hub,Apple,Fruit,2610,685.6,16,25,9,10.4,2.0,81.9,159.32,144.03,9.6,low,38.5,382.3,55062.67,764.6
BATCH-PRX-00049,2025-01-07 00:00:00,Farm Hub,Banana,Fruit,2738,1625.2,1,6,5,23.0,14.0,74.2,58.03,41.2,29.0,medium,56.0,1095.4,45130.48,2190.8
BATCH-PRX-00596,2025-01-07 00:00:00,Retail Supermarket,Onion,Vegetable,4339,664.9,31,30,-1,8.2,10.0,78.7,34.83,8.71,75.0,critical,95.0,0.0,0.0,0.0
BATCH-PRX-01498,2025-01-07 00:00:00,Wholesaler Depot,Apple,Fruit,3199,2942.1,2,25,23,6.2,2.0,66.5,194.5,153.85,20.9,low,5.0,1840.0,283084.0,3680.0
BATCH-PRX-01681,2025-01-07 00:00:00,Retail Supermarket,Mango,Fruit,2153,894.3,3,7,4,24.5,12.0,65.1,102.67,75.05,26.9,medium,70.2,591.5,44392.07,1183.0
BATCH-PRX-00106,2025-01-08 00:00:00,Wholesaler Depot,Wheat,Cereal,537,80.4,233,180,-53,26.8,22.0,70.6,34.36,8.86,74.2,critical,95.0,0.0,0.0,0.0
BATCH-PRX-00229,2025-01-08 00:00:00,Wholesaler Depot,Banana,Fruit,3929,646.6,5,6,1,20.8,14.0,71.2,56.68,20.35,64.1,critical,100.0,572.0,11640.2,1144.0
BATCH-PRX-00634,2025-01-08 00:00:00,Retail Supermarket,Garlic,Spice / Vegetable,3446,710.3,46,60,14,27.0,15.0,89.4,162.64,149.63,8.0,low,53.0,389.2,58236.0,778.4
BATCH-PRX-01115,2025-01-08 00:00:00,Farm Hub,Onion,Vegetable,1037,194.8,27,30,3,19.1,10.0,87.2,35.61,20.58,42.2,high,81.6,146.7,3019.09,293.4
BATCH-PRX-00114,2025-01-09 00:00:00,Retail Supermarket,Cabbage,Vegetable,903,444.7,5,12,7,13.6,4.0,88.8,21.08,16.21,23.1,medium,58.6,284.0,4603.64,568.0
BATCH-PRX-00299,2025-01-09 00:00:00,Mandi Yard,Banana,Fruit,541,108.3,4,6,2,22.2,14.0,80.9,50.95,29.86,41.4,high,77.9,81.1,2421.65,162.2
BATCH-PRX-00009,2025-01-10 00:00:00,Farm Hub,Turmeric,Spice,2512,1217.8,30,120,90,29.5,20.0,82.7,167.53,150.44,10.2,low,42.9,683.4,102810.7,1366.8
BATCH-PRX-00086,2025-01-10 00:00:00,Retail Supermarket,Garlic,Spice / Vegetable,1956,1006.5,14,60,46,14.3,15.0,76.5,174.03,157.67,9.4,low,5.0,560.0,88295.2,1120.0
BATCH-PRX-00219,2025-01-10 00:00:00,Farm Hub,Green Chilli,Spice / Vegetable,826,128.6,9,10,1,16.4,10.0,67.1,131.75,51.51,60.9,critical,100.0,111.3,5733.06,222.6
BATCH-PRX-01914,2025-01-10 00:00:00,Wholesaler Depot,Orange,Fruit,2945,566.4,13,14,1,7.5,6.0,90.7,62.33,22.63,63.7,critical,75.0,499.7,11308.21,999.4
BATCH-PRX-00992,2025-01-11 00:00:00,Wholesaler Depot,Banana,Fruit,3694,610.8,5,6,1,18.2,14.0,77.7,58.08,20.91,64.0,critical,75.0,539.9,11289.31,1079.8
BATCH-PRX-00997,2025-01-11 00:00:00,Retail Supermarket,Onion,Vegetable,1341,169.1,29,30,1,21.5,10.0,71.6,33.2,12.62,62.0,critical,100.0,147.5,1861.45,295.0
BATCH-PRX-00178,2025-01-12 00:00:00,Farm Hub,Mango,Fruit,4456,811.8,8,7,-1,20.6,12.0,80.7,97.53,24.38,75.0,critical,100.0,0.0,0.0,0.0
BATCH-PRX-00182,2025-01-12 00:00:00,Farm Hub,Rice,Cereal,2292,319.3,143,180,37,25.1,22.0,75.4,46.08,43.73,5.1,low,5.0,169.4,7407.86,338.8
BATCH-PRX-00298,2025-01-12 00:00:00,Retail Supermarket,Cabbage,Vegetable,1291,1140.4,0,12,12,3.7,4.0,72.4,25.7,22.72,11.6,low,5.0,649.6,14758.91,1299.2
BATCH-PRX-00350,2025-01-12 00:00:00,Farm Hub,Green Chilli,Spice / Vegetable,2245,447.7,7,10,3,19.7,10.0,77.1,149.62,86.03,42.5,high,84.0,338.0,29078.14,676.0
BATCH-PRX-01877,2025-01-12 00:00:00,Mandi Yard,Orange,Fruit,2736,1059.0,5,14,9,5.2,6.0,91.6,55.66,49.43,11.2,low,5.0,600.7,29692.6,1201.4
BATCH-PRX-00096,2025-01-13 00:00:00,Mandi Yard,Green Chilli,Spice / Vegetable,4053,519.1,11,10,-1,20.2,10.0,89.9,159.3,39.83,75.0,critical,100.0,0.0,0.0,0.0
BATCH-PRX-00577,2025-01-13 00:00:00,Farm Hub,Banana,Fruit,2846,1627.6,1,6,5,20.6,14.0,80.4,49.68,35.27,29.0,medium,46.4,1097.0,38691.19,2194.0
BATCH-PRX-00645,2025-01-13 00:00:00,Wholesaler Depot,Wheat,Cereal,4282,3520.1,5,180,175,32.6,22.0,74.2,36.36,29.52,18.8,low,47.3,2157.1,63677.59,4314.2
BATCH-PRX-00928,2025-01-13 00:00:00,Mandi Yard,Onion,Vegetable,4319,841.0,30,30,0,8.4,10.0,74.5,40.29,10.07,75.0,critical,95.0,798.9,8044.92,1597.8
BATCH-PRX-01389,2025-01-13 00:00:00,Retail Supermarket,Onion,Vegetable,1835,925.5,7,30,23,14.5,10.0,78.1,33.79,30.14,10.8,low,5.0,522.7,15754.18,1045.4
BATCH-PRX-01803,2025-01-13 00:00:00,Wholesaler Depot,Potato,Vegetable,2310,745.4,23,35,12,12.4,8.0,75.7,25.37,23.01,9.3,low,5.0,414.3,9533.04,828.6
BATCH-PRX-00452,2025-01-14 00:00:00,Wholesaler Depot,Mango,Fruit,1756,1174.5,1,7,6,14.3,12.0,78.8,90.24,64.7,28.3,medium,20.0,786.7,50899.49,1573.4
BATCH-PRX-00688,2025-01-14 00:00:00,Wholesaler Depot,Turmeric,Spice,3541,1684.4,47,120,73,20.8,20.0,75.9,156.98,137.36,12.5,low,5.0,968.5,133033.16,1937.0
BATCH-PRX-01776,2025-01-14 00:00:00,Wholesaler Depot,Wheat,Cereal,2501,1748.1,6,180,174,34.4,22.0,70.6,36.65,32.07,12.5,low,54.8,1005.2,32236.76,2010.4
BATCH-PRX-01851,2025-01-14 00:00:00,Retail Supermarket,Rice,Cereal,2820,368.6,206,180,-26,34.3,22.0,74.8,53.17,13.29,75.0,critical,100.0,0.0,0.0,0.0
BATCH-PRX-00266,2025-01-15 00:00:00,Retail Supermarket,Cauliflower,Vegetable,314,58.3,8,8,0,16.4,5.0,73.5,28.39,7.1,75.0,critical,100.0,55.4,393.34,110.8
BATCH-PRX-01124,2025-01-15 00:00:00,Farm Hub,Potato,Vegetable,590,485.9,3,35,32,19.7,8.0,86.5,28.94,26.62,8.0,low,52.0,266.3,7088.91,532.6
BATCH-PRX-00285,2025-01-16 00:00:00,Wholesaler Depot,Orange,Fruit,644,157.2,9,14,5,16.4,6.0,73.9,58.29,45.64,21.7,medium,61.4,99.1,4522.92,198.2
BATCH-PRX-00796,2025-01-16 00:00:00,Farm Hub,Ginger,Spice,3649,1054.9,13,20,7,12.0,12.0,87.7,109.15,81.21,25.6,medium,20.0,689.5,55994.29,1379.0
BATCH-PRX-01405,2025-01-16 00:00:00,Retail Supermarket,Orange,Fruit,2890,927.5,7,14,7,6.6,6.0,75.1,61.22,45.61,25.5,medium,20.0,605.7,27625.98,1211.4
BATCH-PRX-01503,2025-01-16 00:00:00,Farm Hub,Green Chilli,Spice / Vegetable,1026,224.9,7,10,3,10.2,10.0,83.9,143.83,84.28,41.4,high,45.0,168.3,14184.32,336.6
BATCH-PRX-00162,2025-01-17 00:00:00,Farm Hub,Banana,Fruit,2610,950.0,3,6,3,24.5,14.0,88.6,59.62,32.43,45.6,high,86.9,734.9,23832.81,1469.8
BATCH-PRX-00339,2025-01-17 00:00:00,Retail Supermarket,Cabbage,Vegetable,1928,250.2,11,12,1,16.8,4.0,66.7,24.78,9.37,62.2,critical,100.0,218.5,2047.34,437.0
BATCH-PRX-00493,2025-01-17 00:00:00,Farm Hub,Wheat,Cereal,2048,345.0,202,180,-22,22.9,22.0,85.5,37.67,9.42,75.0,critical,95.0,0.0,0.0,0.0
BATCH-PRX-00786,2025-01-17 00:00:00,Mandi Yard,Potato,Vegetable,4436,651.4,31,35,4,16.4,8.0,84.2,26.07,19.84,23.9,medium,53.6,419.1,8314.94,838.2
BATCH-PRX-00954,2025-01-17 00:00:00,Farm Hub,Apple,Fruit,2454,910.1,13,25,12,15.5,2.0,75.4,165.07,147.24,10.8,low,58.9,514.0,75681.36,1028.0
BATCH-PRX-00330,2025-01-18 00:00:00,Retail Supermarket,Apple,Fruit,1174,633.1,8,25,17,8.9,2.0,88.1,188.68,170.94,9.4,low,32.4,352.3,60222.16,704.6
BATCH-PRX-00393,2025-01-18 00:00:00,Mandi Yard,Tomato,Vegetable,183,78.7,3,7,4,10.1,12.0,76.7,46.12,36.02,21.9,medium,20.0,49.7,1790.19,99.4
BATCH-PRX-00501,2025-01-18 00:00:00,Farm Hub,Apple,Fruit,3549,1536.3,12,25,13,2.9,2.0,65.3,186.3,160.4,13.9,low,5.0,896.3,143766.52,1792.6
BATCH-PRX-00013,2025-01-19 00:00:00,Farm Hub,Potato,Vegetable,3705,501.9,28,35,7,18.7,8.0,70.2,29.86,22.96,23.1,medium,62.7,320.5,7358.68,641.0
BATCH-PRX-00057,2025-01-19 00:00:00,Farm Hub,Onion,Vegetable,2172,1279.0,4,30,26,8.6,10.0,68.9,37.92,33.14,12.6,low,5.0,736.2,24397.67,1472.4
BATCH-PRX-00367,2025-01-19 00:00:00,Wholesaler Depot,Garlic,Spice / Vegetable,518,96.2,63,60,-3,15.9,15.0,77.3,164.28,41.23,74.9,critical,95.0,0.0,0.0,0.0
BATCH-PRX-00502,2025-01-19 00:00:00,Mandi Yard,Apple,Fruit,1440,581.4,9,25,16,5.1,2.0,69.6,157.6,143.26,9.1,low,5.0,322.4,46187.02,644.8
BATCH-PRX-01244,2025-01-19 00:00:00,Wholesaler Depot,Mango,Fruit,3649,1039.0,5,7,2,22.3,12.0,66.1,93.54,49.01,47.6,high,86.3,816.2,40001.96,1632.4
BATCH-PRX-01330,2025-01-19 00:00:00,Farm Hub,Garlic,Spice / Vegetable,2961,616.2,45,60,15,18.0,15.0,87.1,184.55,170.71,7.5,low,5.0,335.8,57324.42,671.6
BATCH-PRX-01358,2025-01-19 00:00:00,Retail Supermarket,Carrot,Vegetable,3709,597.5,19,15,-4,7.9,4.0,70.2,45.8,11.45,75.0,critical,95.0,0.0,0.0,0.0
BATCH-PRX-00557,2025-01-20 00:00:00,Wholesaler Depot,Turmeric,Spice,3505,673.2,131,120,-11,31.0,20.0,73.4,169.32,42.33,75.0,critical,100.0,0.0,0.0,0.0
BATCH-PRX-00582,2025-01-20 00:00:00,Mandi Yard,Garlic,Spice / Vegetable,2128,1507.9,14,60,46,20.0,15.0,70.6,171.88,151.43,11.9,low,5.0,861.6,130472.09,1723.2
BATCH-PRX-00700,2025-01-20 00:00:00,Retail Supermarket,Apple,Fruit,3857,3656.9,0,25,25,11.6,2.0,88.9,181.63,143.12,21.2,low,43.4,2293.6,328260.03,4587.2
BATCH-PRX-00780,2025-01-20 00:00:00,Retail Supermarket,Orange,Fruit,3031,566.2,17,14,-3,18.1,6.0,82.0,62.26,15.56,75.0,critical,100.0,0.0,0.0,0.0
BATCH-PRX-00847,2025-01-20 00:00:00,Wholesaler Depot,Orange,Fruit,4194,1036.1,10,14,4,8.2,6.0,67.6,68.32,50.49,26.1,medium,20.0,680.3,34348.35,1360.6
BATCH-PRX-01289,2025-01-20 00:00:00,Wholesaler Depot,Onion,Vegetable,833,117.5,36,30,-6,16.9,10.0,70.5,34.04,8.51,75.0,critical,100.0,0.0,0.0,0.0
BATCH-PRX-01450,2025-01-20 00:00:00,Retail Supermarket,Ginger,Spice,623,121.9,16,20,4,14.0,12.0,75.7,111.06,87.85,20.9,medium,20.0,76.2,6694.17,152.4
BATCH-PRX-00240,2025-01-21 00:00:00,Mandi Yard,Cauliflower,Vegetable,3219,584.4,7,8,1,13.4,5.0,78.9,30.63,11.03,64.0,critical,100.0,516.6,5698.1,1033.2
BATCH-PRX-01027,2025-01-21 00:00:00,Retail Supermarket,Ginger,Spice,4375,808.3,20,20,0,25.0,12.0,71.7,131.92,32.98,75.0,critical,100.0,767.9,25325.34,1535.8
BATCH-PRX-00071,2025-01-22 00:00:00,Farm Hub,Tomato,Vegetable,3443,607.1,8,7,-1,12.4,12.0,78.7,42.61,10.65,75.0,critical,95.0,0.0,0.0,0.0
BATCH-PRX-00311,2025-01-22 00:00:00,Farm Hub,Mango,Fruit,3801,1205.4,4,7,3,16.0,12.0,75.1,88.33,45.58,48.4,high,45.0,952.7,43424.07,1905.4
BATCH-PRX-00120,2025-01-23 00:00:00,Retail Supermarket,Onion,Vegetable,2894,1578.8,10,30,20,14.8,10.0,83.5,39.91,34.28,14.1,low,5.0,923.0,31640.44,1846.0
BATCH-PRX-00616,2025-01-23 00:00:00,Wholesaler Depot,Orange,Fruit,2622,1200.1,7,14,7,18.8,6.0,83.2,55.61,40.65,26.9,medium,71.3,793.7,32263.91,1587.4
BATCH-PRX-01461,2025-01-23 00:00:00,Retail Supermarket,Ginger,Spice,439,226.2,6,20,14,18.6,12.0,91.3,124.94,116.94,6.4,low,31.2,121.8,14243.29,243.6
BATCH-PRX-00379,2025-01-24 00:00:00,Wholesaler Depot,Cauliflower,Vegetable,1895,1692.9,0,8,8,14.8,5.0,67.6,32.3,27.62,14.5,low,44.2,993.7,27445.99,1987.4
BATCH-PRX-01006,2025-01-24 00:00:00,Farm Hub,Turmeric,Spice,665,368.5,40,120,80,18.2,20.0,81.1,153.23,144.19,5.9,low,5.0,197.3,28448.69,394.6
BATCH-PRX-01165,2025-01-24 00:00:00,Farm Hub,Onion,Vegetable,1069,413.4,17,30,13,12.6,10.0,71.2,34.2,31.36,8.3,low,5.0,227.3,7128.13,454.6
BATCH-PRX-01252,2025-01-24 00:00:00,Wholesaler Depot,Potato,Vegetable,263,52.3,34,35,1,9.8,8.0,85.7,30.38,11.88,60.9,critical,75.0,45.3,538.16,90.6
BATCH-PRX-01708,2025-01-24 00:00:00,Farm Hub,Ginger,Spice,3704,1075.2,13,20,7,12.1,12.0,69.6,107.4,79.8,25.7,medium,20.0,703.4,56131.32,1406.8
BATCH-PRX-00155,2025-01-25 00:00:00,Mandi Yard,Banana,Fruit,2710,1654.0,0,6,6,22.5,14.0,74.9,53.34,37.76,29.2,medium,53.9,1116.8,42170.37,2233.6
BATCH-PRX-00720,2025-01-25 00:00:00,Wholesaler Depot,Apple,Fruit,504,83.9,28,25,-3,12.9,2.0,75.3,161.83,40.46,75.0,critical,100.0,0.0,0.0,0.0
BATCH-PRX-00889,2025-01-25 00:00:00,Retail Supermarket,Wheat,Cereal,3270,2408.6,45,180,135,28.7,22.0,76.1,31.87,26.83,15.8,low,31.8,1432.6,38436.66,2865.2
BATCH-PRX-00890,2025-01-25 00:00:00,Mandi Yard,Tomato,Vegetable,2409,629.9,5,7,2,23.7,12.0,77.7,41.27,22.86,44.6,high,91.9,483.5,11052.81,967.0
BATCH-PRX-01051,2025-01-25 00:00:00,Wholesaler Depot,Wheat,Cereal,4267,2073.3,80,180,100,24.3,22.0,77.7,33.1,28.4,14.2,low,5.0,1213.3,34457.72,2426.6
BATCH-PRX-01975,2025-01-25 00:00:00,Mandi Yard,Rice,Cereal,3259,1623.5,84,180,96,26.3,22.0,71.7,50.14,44.32,11.6,low,5.0,924.7,40982.7,1849.4
BATCH-PRX-00185,2025-01-26 00:00:00,Retail Supermarket,Orange,Fruit,4190,518.8,13,14,1,4.5,6.0,65.2,66.06,24.11,63.5,critical,75.0,457.1,11020.68,914.2
BATCH-PRX-00306,2025-01-26 00:00:00,Farm Hub,Tomato,Vegetable,4366,2043.2,2,7,5,14.4,12.0,71.6,39.86,27.22,31.7,medium,20.0,1410.2,38385.64,2820.4
BATCH-PRX-00469,2025-01-26 00:00:00,Farm Hub,Cabbage,Vegetable,1427,230.1,13,12,-1,9.4,4.0,87.1,21.06,5.26,75.0,critical,100.0,0.0,0.0,0.0
BATCH-PRX-01393,2025-01-26 00:00:00,Mandi Yard,Tomato,Vegetable,3012,853.8,4,7,3,11.0,12.0,74.3,37.59,20.37,45.8,high,45.0,661.5,13474.76,1323.0
BATCH-PRX-00446,2025-01-27 00:00:00,Mandi Yard,Wheat,Cereal,877,145.7,233,180,-53,22.9,22.0,80.1,33.58,8.56,74.5,critical,95.0,0.0,0.0,0.0
BATCH-PRX-01012,2025-01-27 00:00:00,Wholesaler Depot,Ginger,Spice,559,104.9,18,20,2,15.4,12.0,89.5,109.36,64.74,40.8,high,45.0,78.1,5056.19,156.2
BATCH-PRX-01088,2025-01-27 00:00:00,Wholesaler Depot,Apple,Fruit,3063,2245.6,0,25,25,8.2,2.0,90.9,177.67,146.76,17.4,low,29.9,1357.2,199182.67,2714.4
BATCH-PRX-01147,2025-01-27 00:00:00,Farm Hub,Onion,Vegetable,4475,1576.9,18,30,12,23.4,10.0,79.4,40.53,34.82,14.1,low,58.6,921.9,32100.56,1843.8
BATCH-PRX-01217,2025-01-27 00:00:00,Wholesaler Depot,Ginger,Spice,4290,1637.7,10,20,10,17.3,12.0,89.3,129.18,111.74,13.5,low,26.2,951.5,106320.61,1903.0
BATCH-PRX-01998,2025-01-27 00:00:00,Wholesaler Depot,Rice,Cereal,1633,229.0,228,180,-48,22.8,22.0,74.5,54.96,13.96,74.6,critical,95.0,0.0,0.0,0.0
BATCH-PRX-01579,2025-01-28 00:00:00,Mandi Yard,Turmeric,Spice,4256,2227.5,29,120,91,19.2,20.0,65.6,162.97,138.2,15.2,low,5.0,1316.9,181995.58,2633.8
BATCH-PRX-00831,2025-01-29 00:00:00,Farm Hub,Tomato,Vegetable,1363,237.6,7,7,0,23.6,12.0,87.1,43.88,10.97,75.0,critical,100.0,225.7,2475.93,451.4
BATCH-PRX-01234,2025-01-29 00:00:00,Retail Supermarket,Tomato,Vegetable,1758,248.0,8,7,-1,14.4,12.0,89.9,39.76,9.94,75.0,critical,95.0,0.0,0.0,0.0
BATCH-PRX-01275,2025-01-29 00:00:00,Retail Supermarket,Cabbage,Vegetable,1327,1094.2,0,12,12,17.9,4.0,86.7,24.11,21.36,11.4,low,60.6,621.9,13283.78,1243.8
BATCH-PRX-01678,2025-01-29 00:00:00,Mandi Yard,Apple,Fruit,290,163.4,2,25,23,6.2,2.0,87.5,161.98,150.64,7.0,low,5.0,88.6,13346.7,177.2
BATCH-PRX-01081,2025-01-30 00:00:00,Wholesaler Depot,Potato,Vegetable,2630,510.8,30,35,5,21.2,8.0,75.2,31.9,24.5,23.2,medium,72.8,326.5,7999.25,653.0
BATCH-PRX-01293,2025-01-30 00:00:00,Farm Hub,Banana,Fruit,492,90.0,5,6,1,15.9,14.0,65.7,49.07,18.99,61.3,critical,75.0,78.1,1483.12,156.2
BATCH-PRX-01955,2025-01-30 00:00:00,Retail Supermarket,Potato,Vegetable,1059,600.5,10,35,25,11.0,8.0,68.4,30.23,27.63,8.6,low,5.0,331.2,9151.06,662.4
BATCH-PRX-01994,2025-01-30 00:00:00,Retail Supermarket,Garlic,Spice / Vegetable,1020,165.4,76,60,-16,27.0,15.0,89.9,176.95,44.24,75.0,critical,100.0,0.0,0.0,0.0
BATCH-PRX-00839,2025-01-31 00:00:00,Wholesaler Depot,Turmeric,Spice,1892,292.7,110,120,10,31.5,20.0,91.9,166.13,156.83,5.6,low,50.9,156.2,24496.85,312.4
BATCH-PRX-00969,2025-01-31 00:00:00,Farm Hub,Cauliflower,Vegetable,1755,1195.7,1,8,7,17.2,5.0,81.9,29.99,21.89,27.0,medium,68.7,791.6,17328.12,1583.2
BATCH-PRX-00032,2025-02-01 00:00:00,Retail Supermarket,Cauliflower,Vegetable,3635,668.2,10,8,-2,17.0,5.0,91.3,33.76,8.44,75.0,critical,100.0,0.0,0.0,0.0
BATCH-PRX-00531,2025-02-01 00:00:00,Farm Hub,Green Chilli,Spice / Vegetable,3689,713.5,13,10,-3,13.5,10.0,79.5,152.11,38.03,75.0,critical,95.0,0.0,0.0,0.0
BATCH-PRX-00648,2025-02-02 00:00:00,Wholesaler Depot,Rice,Cereal,2264,1067.8,84,180,96,22.4,22.0,84.6,56.09,51.15,8.8,low,5.0,590.3,30193.84,1180.6
BATCH-PRX-01089,2025-02-02 00:00:00,Wholesaler Depot,Orange,Fruit,3819,1091.0,9,14,5,16.4,6.0,79.3,68.01,50.06,26.4,medium,61.5,718.3,35958.1,1436.6
BATCH-PRX-01511,2025-02-02 00:00:00,Retail Supermarket,Wheat,Cereal,3914,621.2,199,180,-19,20.9,22.0,74.2,37.48,9.37,75.0,critical,95.0,0.0,0.0,0.0
BATCH-PRX-01661,2025-02-02 00:00:00,Retail Supermarket,Ginger,Spice,3781,1160.3,12,20,8,21.3,12.0,82.2,113.13,100.57,11.1,low,42.1,657.4,66114.72,1314.8
BATCH-PRX-00135,2025-02-03 00:00:00,Wholesaler Depot,Orange,Fruit,1100,705.8,5,14,9,9.8,6.0,76.8,58.43,52.94,9.4,low,5.0,392.7,20789.54,785.4
BATCH-PRX-00288,2025-02-03 00:00:00,Farm Hub,Green Chilli,Spice / Vegetable,1098,146.0,9,10,1,8.6,10.0,67.4,140.51,54.8,61.0,critical,75.0,126.4,6926.72,252.8
BATCH-PRX-01706,2025-02-03 00:00:00,Farm Hub,Orange,Fruit,359,232.7,1,14,13,13.0,6.0,89.0,57.5,53.42,7.1,low,33.1,126.3,6746.95,252.6
BATCH-PRX-00189,2025-02-04 00:00:00,Retail Supermarket,Garlic,Spice / Vegetable,1913,253.9,49,60,11,17.2,15.0,81.6,191.97,181.03,5.7,low,5.0,135.6,24547.67,271.2
BATCH-PRX-00611,2025-02-04 00:00:00,Wholesaler Depot,Tomato,Vegetable,2616,684.8,5,7,2,14.3,12.0,66.7,43.32,23.87,44.9,high,45.0,526.9,12577.1,1053.8
BATCH-PRX-00794,2025-02-05 00:00:00,Farm Hub,Cauliflower,Vegetable,1599,360.5,5,8,3,3.5,5.0,85.4,28.31,16.17,42.9,high,45.0,273.0,4414.41,546.0
BATCH-PRX-01050,2025-02-05 00:00:00,Mandi Yard,Banana,Fruit,4126,586.1,6,6,0,24.5,14.0,78.1,51.74,12.94,75.0,critical,100.0,556.8,7204.99,1113.6
BATCH-PRX-01826,2025-02-05 00:00:00,Mandi Yard,Wheat,Cereal,3704,528.4,219,180,-39,26.3,22.0,75.7,35.18,8.79,75.0,critical,95.0,0.0,0.0,0.0
BATCH-PRX-01961,2025-02-05 00:00:00,Retail Supermarket,Cabbage,Vegetable,3849,2991.5,0,12,12,6.1,4.0,79.2,25.95,20.53,20.9,low,5.0,1870.9,38409.58,3741.8
BATCH-PRX-00002,2025-02-06 00:00:00,Wholesaler Depot,Ginger,Spice,4005,2443.7,4,20,16,11.9,12.0,71.4,126.9,104.69,17.5,low,5.0,1478.4,154773.7,2956.8
BATCH-PRX-00037,2025-02-06 00:00:00,Farm Hub,Wheat,Cereal,3352,1437.7,99,180,81,25.5,22.0,89.3,34.65,30.84,11.0,low,5.0,813.7,25094.51,1627.4
BATCH-PRX-01064,2025-02-06 00:00:00,Mandi Yard,Mango,Fruit,3855,1504.6,3,7,4,16.1,12.0,75.8,90.58,63.5,29.9,medium,20.0,1022.2,64909.7,2044.4
BATCH-PRX-01876,2025-02-06 00:00:00,Farm Hub,Green Chilli,Spice / Vegetable,554,97.7,10,10,0,15.9,10.0,84.7,147.67,36.92,75.0,critical,100.0,92.8,3426.18,185.6
BATCH-PRX-01915,2025-02-06 00:00:00,Farm Hub,Carrot,Vegetable,2705,1251.3,5,15,10,5.8,4.0,65.4,50.71,44.62,12.0,low,5.0,715.7,31934.53,1431.4
BATCH-PRX-00078,2025-02-07 00:00:00,Retail Supermarket,Apple,Fruit,575,166.2,16,25,9,15.7,2.0,84.0,178.01,165.55,7.0,low,59.9,90.1,14916.06,180.2
BATCH-PRX-00361,2025-02-07 00:00:00,Retail Supermarket,Potato,Vegetable,949,553.9,1,35,34,15.2,8.0,65.6,26.51,24.28,8.4,low,34.0,304.9,7402.97,609.8
BATCH-PRX-01455,2025-02-07 00:00:00,Wholesaler Depot,Potato,Vegetable,4071,3021.7,7,35,28,13.7,8.0,84.6,26.93,21.38,20.6,low,27.8,1884.3,40286.33,3768.6
BATCH-PRX-01912,2025-02-07 00:00:00,Wholesaler Depot,Ginger,Spice,1172,229.2,17,20,3,16.6,12.0,82.2,133.13,78.01,41.4,high,45.0,171.5,13378.72,343.0
BATCH-PRX-00195,2025-02-08 00:00:00,Farm Hub,Onion,Vegetable,2933,431.4,37,30,-7,23.0,10.0,86.2,40.17,10.04,75.0,critical,100.0,0.0,0.0,0.0
BATCH-PRX-00802,2025-02-08 00:00:00,Retail Supermarket,Onion,Vegetable,972,124.0,27,30,3,23.9,10.0,71.6,34.47,20.06,41.8,high,100.0,93.1,1867.59,186.2
BATCH-PRX-01182,2025-02-09 00:00:00,Mandi Yard,Tomato,Vegetable,273,53.0,5,7,2,11.1,12.0,75.7,36.93,21.49,41.8,high,45.0,39.8,855.3,79.6
BATCH-PRX-01474,2025-02-09 00:00:00,Farm Hub,Tomato,Vegetable,3185,537.9,9,7,-2,11.6,12.0,80.9,41.39,10.35,75.0,critical,95.0,0.0,0.0,0.0
BATCH-PRX-01520,2025-02-09 00:00:00,Farm Hub,Carrot,Vegetable,3019,1338.9,8,15,7,10.7,4.0,86.1,41.72,30.29,27.4,medium,46.9,889.6,26945.98,1779.2
BATCH-PRX-00275,2025-02-10 00:00:00,Farm Hub,Tomato,Vegetable,553,249.3,2,7,5,10.2,12.0,83.9,43.41,33.56,22.7,medium,20.0,158.6,5322.62,317.2
BATCH-PRX-00931,2025-02-10 00:00:00,Farm Hub,Wheat,Cereal,336,249.4,25,180,155,33.7,22.0,68.2,31.53,29.95,5.0,low,51.8,132.2,3959.39,264.4
BATCH-PRX-01054,2025-02-10 00:00:00,Farm Hub,Rice,Cereal,2728,1238.8,55,180,125,31.4,22.0,80.6,47.25,42.67,9.7,low,42.6,691.5,29506.31,1383.0
BATCH-PRX-01140,2025-02-10 00:00:00,Mandi Yard,Cauliflower,Vegetable,256,39.1,10,8,-2,7.1,5.0,82.5,29.97,7.49,75.0,critical,95.0,0.0,0.0,0.0
BATCH-PRX-00371,2025-02-11 00:00:00,Farm Hub,Onion,Vegetable,676,590.2,0,30,30,14.6,10.0,82.8,40.46,36.74,9.2,low,5.0,327.7,12039.7,655.4
BATCH-PRX-00401,2025-02-11 00:00:00,Retail Supermarket,Tomato,Vegetable,693,190.2,4,7,3,12.6,12.0,74.1,39.9,22.94,42.5,high,45.0,143.6,3294.18,287.2
BATCH-PRX-00664,2025-02-11 00:00:00,Farm Hub,Turmeric,Spice,1781,271.1,130,120,-10,21.2,20.0,73.3,169.46,42.37,75.0,critical,95.0,0.0,0.0,0.0
BATCH-PRX-00927,2025-02-11 00:00:00,Wholesaler Depot,Tomato,Vegetable,1379,414.8,4,7,3,12.5,12.0,80.7,38.09,21.48,43.6,high,45.0,315.9,6785.53,631.8
BATCH-PRX-01071,2025-02-11 00:00:00,Wholesaler Depot,Banana,Fruit,548,262.4,3,6,3,13.7,14.0,69.2,53.61,30.99,42.2,high,45.0,197.6,6123.62,395.2
BATCH-PRX-01331,2025-02-11 00:00:00,Mandi Yard,Mango,Fruit,488,387.4,0,7,7,22.8,12.0,72.6,86.68,65.62,24.3,medium,63.3,250.2,16418.12,500.4
BATCH-PRX-00650,2025-02-12 00:00:00,Retail Supermarket,Orange,Fruit,1284,645.7,3,14,11,19.6,6.0,89.0,55.77,50.69,9.1,low,59.5,358.1,18152.09,716.2
BATCH-PRX-01046,2025-02-12 00:00:00,Mandi Yard,Banana,Fruit,2425,1504.9,1,6,5,17.9,14.0,71.7,57.49,41.16,28.4,medium,20.0,1008.9,41526.32,2017.8
BATCH-PRX-01130,2025-02-12 00:00:00,Mandi Yard,Carrot,Vegetable,4455,576.1,18,15,-3,16.2,4.0,71.7,48.66,12.16,75.0,critical,100.0,0.0,0.0,0.0
BATCH-PRX-01162,2025-02-12 00:00:00,Mandi Yard,Banana,Fruit,1723,986.2,2,6,4,16.6,14.0,87.4,51.01,37.85,25.8,medium,20.0,645.8,24443.53,1291.6
BATCH-PRX-01179,2025-02-12 00:00:00,Retail Supermarket,Mango,Fruit,4045,570.9,7,7,0,15.0,12.0,83.0,89.32,22.33,75.0,critical,95.0,542.4,12111.79,1084.8
BATCH-PRX-01953,2025-02-12 00:00:00,Farm Hub,Banana,Fruit,4078,2644.3,2,6,4,20.8,14.0,81.0,56.95,37.53,34.1,medium,47.1,1863.2,69925.9,3726.4
BATCH-PRX-00200,2025-02-13 00:00:00,Retail Supermarket,Cabbage,Vegetable,757,151.8,9,12,3,5.4,4.0,80.1,20.76,12.1,41.7,high,45.0,113.9,1378.19,227.8
BATCH-PRX-01437,2025-02-13 00:00:00,Mandi Yard,Cabbage,Vegetable,2489,1691.8,1,12,11,11.7,4.0,76.7,24.11,20.64,14.4,low,35.6,992.1,20476.94,1984.2
BATCH-PRX-01713,2025-02-13 00:00:00,Retail Supermarket,Garlic,Spice / Vegetable,1834,519.3,32,60,28,26.6,15.0,79.4,183.24,170.41,7.0,low,51.3,281.5,47970.42,563.0
BATCH-PRX-00218,2025-02-14 00:00:00,Farm Hub,Ginger,Spice,330,44.0,18,20,2,14.6,12.0,75.4,128.14,76.24,40.5,high,45.0,32.7,2493.05,65.4
BATCH-PRX-01357,2025-02-14 00:00:00,Farm Hub,Ginger,Spice,579,190.9,13,20,7,24.9,12.0,70.7,110.82,87.22,21.3,medium,71.4,119.8,10448.96,239.6
BATCH-PRX-00684,2025-02-15 00:00:00,Wholesaler Depot,Mango,Fruit,2817,462.9,6,7,1,23.3,12.0,85.3,104.63,36.93,64.7,critical,100.0,411.1,15181.92,822.2
BATCH-PRX-01369,2025-02-15 00:00:00,Wholesaler Depot,Cabbage,Vegetable,1256,655.0,2,12,10,9.9,4.0,86.9,24.62,22.35,9.2,low,28.6,363.7,8128.7,727.4
BATCH-PRX-01586,2025-02-15 00:00:00,Retail Supermarket,Carrot,Vegetable,2847,559.9,11,15,4,4.0,4.0,70.0,45.38,34.72,23.5,medium,20.0,358.9,12461.01,717.8
BATCH-PRX-00322,2025-02-16 00:00:00,Mandi Yard,Tomato,Vegetable,1634,203.6,8,7,-1,20.6,12.0,67.9,43.48,10.87,75.0,critical,100.0,0.0,0.0,0.0
BATCH-PRX-00754,2025-02-16 00:00:00,Mandi Yard,Cabbage,Vegetable,3867,2704.5,3,12,9,16.5,4.0,66.4,25.18,20.3,19.4,low,54.8,1667.1,33842.13,3334.2
BATCH-PRX-01592,2025-02-16 00:00:00,Retail Supermarket,Carrot,Vegetable,3337,2517.9,1,15,14,7.5,4.0,67.7,50.16,40.98,18.3,low,5.0,1535.4,62920.69,3070.8
BATCH-PRX-01622,2025-02-16 00:00:00,Wholesaler Depot,Tomato,Vegetable,4140,3669.8,0,7,7,18.3,12.0,88.8,38.01,24.14,36.5,medium,45.1,2638.6,63695.8,5277.2
BATCH-PRX-01665,2025-02-16 00:00:00,Wholesaler Depot,Garlic,Spice / Vegetable,1590,320.7,42,60,18,19.8,15.0,70.9,200.5,188.47,6.0,low,5.0,171.9,32397.99,343.8
BATCH-PRX-00838,2025-02-17 00:00:00,Mandi Yard,Onion,Vegetable,2359,444.7,24,30,6,10.5,10.0,68.5,33.82,25.91,23.4,medium,20.0,284.8,7379.17,569.6
BATCH-PRX-01145,2025-02-17 00:00:00,Retail Supermarket,Potato,Vegetable,2596,1259.6,17,35,18,17.5,8.0,78.1,28.1,24.76,11.9,low,43.1,719.7,17819.77,1439.4
BATCH-PRX-00567,2025-02-18 00:00:00,Retail Supermarket,Onion,Vegetable,3294,1243.1,14,30,16,11.7,10.0,81.0,40.49,35.47,12.4,low,5.0,714.0,25325.58,1428.0
BATCH-PRX-01316,2025-02-18 00:00:00,Wholesaler Depot,Cabbage,Vegetable,624,148.0,9,12,3,6.1,4.0,68.1,23.76,13.88,41.6,high,45.0,110.9,1539.29,221.8
BATCH-PRX-01711,2025-02-18 00:00:00,Farm Hub,Garlic,Spice / Vegetable,2702,351.3,61,60,-1,23.3,15.0,70.0,165.51,41.38,75.0,critical,100.0,0.0,0.0,0.0
BATCH-PRX-00627,2025-02-19 00:00:00,Wholesaler Depot,Carrot,Vegetable,755,263.6,8,15,7,6.8,4.0,80.0,45.97,35.81,22.1,medium,20.0,166.8,5973.11,333.6
BATCH-PRX-00675,2025-02-19 00:00:00,Mandi Yard,Ginger,Spice,609,391.6,2,20,18,14.2,12.0,83.7,126.16,116.95,7.3,low,5.0,213.0,24910.35,426.0
BATCH-PRX-00701,2025-02-19 00:00:00,Retail Supermarket,Banana,Fruit,3455,2260.7,2,6,4,27.3,14.0,85.2,58.65,39.76,32.2,medium,73.2,1567.1,62307.9,3134.2
BATCH-PRX-00857,2025-02-20 00:00:00,Retail Supermarket,Orange,Fruit,1346,423.4,8,14,6,18.5,6.0,71.6,56.88,43.8,23.0,medium,69.8,270.1,11830.38,540.2
BATCH-PRX-00989,2025-02-20 00:00:00,Wholesaler Depot,Green Chilli,Spice / Vegetable,2377,1667.5,1,10,9,12.9,10.0,81.1,135.32,116.92,13.6,low,5.0,969.8,113389.02,1939.6
BATCH-PRX-01052,2025-02-20 00:00:00,Farm Hub,Cauliflower,Vegetable,2787,671.2,6,8,2,14.2,5.0,90.6,31.44,17.48,44.4,high,81.9,514.4,8991.71,1028.8
BATCH-PRX-01092,2025-02-20 00:00:00,Retail Supermarket,Onion,Vegetable,2417,453.9,26,30,4,8.8,10.0,86.6,37.46,28.66,23.5,medium,20.0,290.9,8337.19,581.8
BATCH-PRX-01601,2025-02-20 00:00:00,Wholesaler Depot,Apple,Fruit,143,51.3,16,25,9,2.5,2.0,75.8,193.91,181.31,6.5,low,5.0,27.7,5022.29,55.4
BATCH-PRX-00475,2025-02-21 00:00:00,Mandi Yard,Rice,Cereal,4173,711.0,202,180,-22,26.5,22.0,83.2,46.52,11.63,75.0,critical,95.0,0.0,0.0,0.0
BATCH-PRX-00722,2025-02-21 00:00:00,Retail Supermarket,Orange,Fruit,4035,2806.3,3,14,11,10.9,6.0,69.0,58.47,46.83,19.9,low,5.0,1738.2,81399.91,3476.4
BATCH-PRX-00983,2025-02-21 00:00:00,Mandi Yard,Cabbage,Vegetable,4234,802.7,12,12,0,5.9,4.0,82.5,23.28,5.82,75.0,critical,95.0,762.6,4438.33,1525.2
BATCH-PRX-01553,2025-02-22 00:00:00,Retail Supermarket,Potato,Vegetable,2694,1762.2,7,35,28,15.6,8.0,76.0,26.37,22.57,14.4,low,35.2,1033.4,23323.84,2066.8
BATCH-PRX-01789,2025-02-23 00:00:00,Farm Hub,Wheat,Cereal,2247,1303.7,68,180,112,20.5,22.0,69.9,35.38,31.74,10.3,low,5.0,732.4,23246.38,1464.8
BATCH-PRX-00902,2025-02-24 00:00:00,Wholesaler Depot,Orange,Fruit,4415,795.7,17,14,-3,4.5,6.0,74.7,67.66,16.91,75.0,critical,95.0,0.0,0.0,0.0
BATCH-PRX-01173,2025-02-24 00:00:00,Wholesaler Depot,Potato,Vegetable,1294,581.3,19,35,16,13.4,8.0,72.3,30.42,27.83,8.5,low,26.7,320.3,8913.95,640.6
BATCH-PRX-01218,2025-02-24 00:00:00,Farm Hub,Turmeric,Spice,1720,1151.1,14,120,106,29.2,20.0,70.2,178.29,160.64,9.9,low,41.7,643.9,103436.1,1287.8
BATCH-PRX-01284,2025-02-25 00:00:00,Farm Hub,Cauliflower,Vegetable,3155,787.4,6,8,2,11.6,5.0,72.6,33.07,18.19,45.0,high,71.2,606.3,11028.6,1212.6
BATCH-PRX-01577,2025-02-25 00:00:00,Retail Supermarket,Onion,Vegetable,350,50.4,39,30,-9,14.3,10.0,69.3,37.4,9.35,75.0,critical,95.0,0.0,0.0,0.0
BATCH-PRX-00085,2025-02-26 00:00:00,Wholesaler Depot,Cabbage,Vegetable,3468,678.8,12,12,0,11.5,4.0,84.1,21.95,5.49,75.0,critical,100.0,644.9,3540.5,1289.8
BATCH-PRX-01297,2025-02-26 00:00:00,Farm Hub,Tomato,Vegetable,4041,666.5,8,7,-1,11.1,12.0,88.6,41.05,10.26,75.0,critical,95.0,0.0,0.0,0.0
BATCH-PRX-01549,2025-02-26 00:00:00,Wholesaler Depot,Orange,Fruit,2951,2298.3,2,14,12,18.5,6.0,79.8,66.03,54.54,17.4,low,54.9,1389.1,75761.51,2778.2
BATCH-PRX-00991,2025-02-27 00:00:00,Farm Hub,Green Chilli,Spice / Vegetable,1905,367.9,11,10,-1,22.5,10.0,71.0,146.15,36.54,75.0,critical,100.0,0.0,0.0,0.0
BATCH-PRX-01541,2025-02-27 00:00:00,Mandi Yard,Rice,Cereal,1578,203.1,157,180,23,34.7,22.0,90.2,51.87,49.54,4.5,low,55.7,107.0,5300.78,214.0
BATCH-PRX-00079,2025-02-28 00:00:00,Farm Hub,Carrot,Vegetable,1091,582.2,6,15,9,15.5,4.0,76.5,43.33,39.56,8.7,low,50.9,321.5,12718.54,643.0
BATCH-PRX-00830,2025-02-28 00:00:00,Retail Supermarket,Apple,Fruit,3161,1754.3,9,25,16,15.5,2.0,89.2,167.0,141.95,15.0,low,59.0,1035.0,146918.25,2070.0
BATCH-PRX-01709,2025-02-28 00:00:00,Wholesaler Depot,Orange,Fruit,2373,462.9,15,14,-1,4.5,6.0,90.8,59.67,14.92,75.0,critical,95.0,0.0,0.0,0.0
BATCH-PRX-01755,2025-03-01 00:00:00,Retail Supermarket,Onion,Vegetable,3744,505.6,37,30,-7,15.9,10.0,82.7,36.33,9.08,75.0,critical,100.0,0.0,0.0,0.0
BATCH-PRX-00837,2025-03-02 00:00:00,Wholesaler Depot,Apple,Fruit,2029,377.4,20,25,5,14.4,2.0,65.8,183.51,141.12,23.1,medium,69.5,241.0,34009.92,482.0
BATCH-PRX-00464,2025-03-03 00:00:00,Mandi Yard,Banana,Fruit,2992,1323.6,2,6,4,21.7,14.0,66.5,51.12,37.06,27.5,medium,51.0,880.2,32620.21,1760.4
BATCH-PRX-00967,2025-03-03 00:00:00,Retail Supermarket,Potato,Vegetable,2083,1110.6,7,35,28,20.2,8.0,76.5,27.92,24.79,11.2,low,53.7,629.9,15615.22,1259.8
BATCH-PRX-01128,2025-03-03 00:00:00,Retail Supermarket,Banana,Fruit,1164,226.9,7,6,-1,20.8,14.0,65.1,58.72,14.68,75.0,critical,100.0,0.0,0.0,0.0
BATCH-PRX-00988,2025-03-04 00:00:00,Retail Supermarket,Ginger,Spice,3484,1394.7,10,20,10,24.9,12.0,86.4,111.33,97.64,12.3,low,56.7,800.3,78141.29,1600.6
BATCH-PRX-01267,2025-03-04 00:00:00,Retail Supermarket,Green Chilli,Spice / Vegetable,1371,473.8,5,10,5,23.0,10.0,71.4,154.25,119.24,22.7,medium,71.8,301.4,35938.94,602.8
BATCH-PRX-01543,2025-03-04 00:00:00,Farm Hub,Cauliflower,Vegetable,621,339.6,3,8,5,4.5,5.0,71.2,33.16,25.63,22.7,medium,20.0,216.1,5538.64,432.2
BATCH-PRX-01740,2025-03-04 00:00:00,Retail Supermarket,Onion,Vegetable,2698,1367.1,10,30,20,21.9,10.0,72.0,36.46,31.72,13.0,low,52.5,790.2,25065.14,1580.4
BATCH-PRX-00132,2025-03-05 00:00:00,Wholesaler Depot,Potato,Vegetable,3146,2583.7,5,35,30,16.3,8.0,78.0,30.88,25.17,18.5,low,38.4,1578.6,39733.36,3157.2
BATCH-PRX-00511,2025-03-05 00:00:00,Wholesaler Depot,Mango,Fruit,3426,2167.6,0,7,7,18.8,12.0,70.5,102.76,68.64,33.2,medium,47.2,1515.6,104030.78,3031.2
BATCH-PRX-00044,2025-03-06 00:00:00,Farm Hub,Cabbage,Vegetable,2624,543.3,9,12,3,4.4,4.0,73.4,24.51,13.82,43.6,high,45.0,413.8,5718.72,827.6
BATCH-PRX-00947,2025-03-06 00:00:00,Wholesaler Depot,Tomato,Vegetable,621,201.4,4,7,3,17.5,12.0,87.3,43.59,25.06,42.5,high,67.0,152.1,3811.63,304.2
BATCH-PRX-01146,2025-03-07 00:00:00,Farm Hub,Wheat,Cereal,3305,511.6,181,180,-1,31.4,22.0,74.7,34.58,8.64,75.0,critical,100.0,0.0,0.0,0.0
BATCH-PRX-01977,2025-03-07 00:00:00,Farm Hub,Rice,Cereal,645,109.7,155,180,25,24.6,22.0,67.8,56.22,53.97,4.0,low,5.0,57.5,3103.28,115.0
BATCH-PRX-00514,2025-03-08 00:00:00,Wholesaler Depot,Potato,Vegetable,3205,1647.9,15,35,20,21.8,8.0,91.2,28.87,24.89,13.8,low,60.3,960.4,23904.36,1920.8
BATCH-PRX-00613,2025-03-08 00:00:00,Retail Supermarket,Wheat,Cereal,2285,1854.6,0,180,180,33.9,22.0,69.2,32.88,28.57,13.1,low,52.6,1073.1,30658.47,2146.2
BATCH-PRX-00852,2025-03-08 00:00:00,Farm Hub,Potato,Vegetable,2431,1007.6,17,35,18,15.8,8.0,77.5,25.56,22.85,10.6,low,36.3,567.9,12976.51,1135.8
BATCH-PRX-01424,2025-03-08 00:00:00,Wholesaler Depot,Turmeric,Spice,545,398.5,13,120,107,30.1,20.0,66.3,164.45,154.42,6.1,low,45.6,213.8,33015.0,427.6
BATCH-PRX-01764,2025-03-08 00:00:00,Mandi Yard,Tomato,Vegetable,1726,1406.7,1,7,6,19.7,12.0,75.0,40.74,29.13,28.5,medium,51.0,943.9,27495.81,1887.8
BATCH-PRX-00604,2025-03-09 00:00:00,Retail Supermarket,Mango,Fruit,2959,382.4,6,7,1,24.5,12.0,69.4,89.91,32.1,64.3,critical,100.0,338.7,10872.27,677.4
BATCH-PRX-01454,2025-03-09 00:00:00,Wholesaler Depot,Banana,Fruit,4099,599.7,5,6,1,25.5,14.0,81.0,54.53,19.69,63.9,critical,100.0,529.8,10431.76,1059.6
BATCH-PRX-00232,2025-03-10 00:00:00,Wholesaler Depot,Orange,Fruit,2857,1361.6,6,14,8,17.5,6.0,72.1,68.06,59.42,12.7,low,51.0,784.6,46620.93,1569.2
BATCH-PRX-00922,2025-03-11 00:00:00,Wholesaler Depot,Rice,Cereal,2931,2208.5,14,180,166,22.6,22.0,66.7,46.91,40.11,14.5,low,5.0,1296.4,51998.6,2592.8
BATCH-PRX-01499,2025-03-11 00:00:00,Farm Hub,Tomato,Vegetable,1718,1320.6,0,7,7,21.9,12.0,80.2,43.48,31.26,28.1,medium,59.4,883.0,27602.58,1766.0
BATCH-PRX-00546,2025-03-12 00:00:00,Farm Hub,Cabbage,Vegetable,943,413.6,5,12,7,14.2,4.0,77.2,21.57,16.61,23.0,medium,60.8,263.9,4383.38,527.8
BATCH-PRX-00551,2025-03-12 00:00:00,Mandi Yard,Garlic,Spice / Vegetable,2269,947.4,27,60,33,27.3,15.0,71.2,177.91,161.72,9.1,low,54.1,525.4,84967.69,1050.8
BATCH-PRX-00655,2025-03-12 00:00:00,Wholesaler Depot,Rice,Cereal,1123,895.6,35,180,145,27.5,22.0,89.2,46.8,43.06,8.0,low,27.0,490.8,21133.85,981.6
BATCH-PRX-01134,2025-03-12 00:00:00,Wholesaler Depot,Cabbage,Vegetable,2770,1060.9,7,12,5,15.8,4.0,86.8,22.9,16.9,26.2,medium,67.3,697.2,11782.68,1394.4
BATCH-PRX-01202,2025-03-12 00:00:00,Farm Hub,Banana,Fruit,636,422.5,2,6,4,12.9,14.0,70.5,54.89,42.27,23.0,medium,20.0,269.6,11395.99,539.2
BATCH-PRX-01276,2025-03-12 00:00:00,Mandi Yard,Potato,Vegetable,2043,284.6,29,35,6,14.1,8.0,78.3,31.41,24.5,22.0,medium,44.4,179.9,4407.55,359.8
BATCH-PRX-01833,2025-03-12 00:00:00,Wholesaler Depot,Carrot,Vegetable,312,260.5,0,15,15,12.6,4.0,77.1,46.25,42.97,7.1,low,39.3,141.3,6071.66,282.6
BATCH-PRX-01906,2025-03-12 00:00:00,Wholesaler Depot,Apple,Fruit,4090,2579.5,6,25,19,9.0,2.0,65.5,155.84,126.07,19.1,low,32.8,1585.4,199871.38,3170.8
BATCH-PRX-00669,2025-03-13 00:00:00,Retail Supermarket,Cabbage,Vegetable,391,56.7,12,12,0,8.6,4.0,71.7,23.67,5.92,75.0,critical,95.0,53.9,319.09,107.8
BATCH-PRX-00858,2025-03-13 00:00:00,Wholesaler Depot,Orange,Fruit,1364,779.5,3,14,11,13.4,6.0,80.3,65.76,59.32,9.8,low,34.5,435.6,25839.79,871.2
BATCH-PRX-01489,2025-03-13 00:00:00,Retail Supermarket,Rice,Cereal,1068,196.1,176,180,4,29.6,22.0,71.1,46.91,37.76,19.5,medium,50.3,121.0,4568.96,242.0
BATCH-PRX-01563,2025-03-13 00:00:00,Mandi Yard,Onion,Vegetable,3090,446.9,28,30,2,19.6,10.0,75.6,34.55,19.56,43.4,high,83.6,339.8,6646.49,679.6
BATCH-PRX-01666,2025-03-13 00:00:00,Farm Hub,Carrot,Vegetable,1780,482.2,10,15,5,12.0,4.0,65.2,45.82,35.19,23.2,medium,52.1,308.2,10845.56,616.4
BATCH-PRX-01133,2025-03-14 00:00:00,Retail Supermarket,Garlic,Spice / Vegetable,1820,502.6,39,60,21,27.4,15.0,76.3,195.21,181.74,6.9,low,54.4,272.1,49451.45,544.2
BATCH-PRX-00222,2025-03-15 00:00:00,Wholesaler Depot,Turmeric,Spice,3728,473.3,150,120,-30,27.0,20.0,84.9,159.22,39.8,75.0,critical,100.0,0.0,0.0,0.0
BATCH-PRX-01186,2025-03-15 00:00:00,Retail Supermarket,Cauliflower,Vegetable,2067,265.6,8,8,0,12.7,5.0,80.2,32.01,8.0,75.0,critical,100.0,252.3,2018.4,504.6
BATCH-PRX-01459,2025-03-15 00:00:00,Wholesaler Depot,Mango,Fruit,3692,2086.3,2,7,5,17.9,12.0,67.2,87.18,58.58,32.8,medium,43.5,1453.7,85157.75,2907.4
BATCH-PRX-00843,2025-03-16 00:00:00,Farm Hub,Turmeric,Spice,612,161.9,73,120,47,24.5,20.0,74.9,147.98,140.73,4.9,low,5.0,85.7,12060.56,171.4
BATCH-PRX-00849,2025-03-16 00:00:00,Retail Supermarket,Rice,Cereal,757,94.5,154,180,26,25.0,22.0,67.3,50.3,48.29,4.0,low,5.0,49.5,2390.36,99.0
BATCH-PRX-01715,2025-03-16 00:00:00,Mandi Yard,Rice,Cereal,3635,2254.9,44,180,136,30.0,22.0,82.2,53.58,45.65,14.8,low,37.0,1327.7,60609.5,2655.4
BATCH-PRX-00470,2025-03-17 00:00:00,Retail Supermarket,Wheat,Cereal,3385,542.4,136,180,44,27.2,22.0,74.4,33.72,31.53,6.5,low,25.9,292.4,9219.37,584.8
BATCH-PRX-01062,2025-03-17 00:00:00,Retail Supermarket,Orange,Fruit,1959,760.0,5,14,9,9.3,6.0,70.6,56.1,50.66,9.7,low,5.0,424.2,21489.97,848.4
BATCH-PRX-01190,2025-03-17 00:00:00,Wholesaler Depot,Cabbage,Vegetable,122,22.7,13,12,-1,12.1,4.0,69.9,25.67,6.42,75.0,critical,100.0,0.0,0.0,0.0
BATCH-PRX-01478,2025-03-17 00:00:00,Wholesaler Depot,Ginger,Spice,3874,1534.7,10,20,10,17.2,12.0,75.6,128.51,111.8,13.0,low,26.0,887.1,99177.78,1774.2
BATCH-PRX-01704,2025-03-17 00:00:00,Mandi Yard,Mango,Fruit,4136,684.4,9,7,-2,17.7,12.0,78.5,92.72,23.18,75.0,critical,100.0,0.0,0.0,0.0
BATCH-PRX-00148,2025-03-18 00:00:00,Mandi Yard,Garlic,Spice / Vegetable,4271,1297.1,30,60,30,16.7,15.0,86.5,162.31,144.62,10.9,low,5.0,733.4,106064.31,1466.8
BATCH-PRX-00277,2025-03-18 00:00:00,Retail Supermarket,Green Chilli,Spice / Vegetable,1633,1265.0,0,10,10,16.2,10.0,69.4,129.51,114.49,11.6,low,29.8,720.5,82490.04,1441.0
BATCH-PRX-00410,2025-03-18 00:00:00,Retail Supermarket,Green Chilli,Spice / Vegetable,947,132.4,8,10,2,23.6,10.0,72.8,128.77,75.97,41.0,high,99.3,98.8,7505.84,197.6
BATCH-PRX-00821,2025-03-18 00:00:00,Retail Supermarket,Carrot,Vegetable,2113,1519.5,0,15,15,9.3,4.0,71.7,47.96,41.58,13.3,low,26.3,881.0,36631.98,1762.0
BATCH-PRX-01075,2025-03-18 00:00:00,Retail Supermarket,Cabbage,Vegetable,1674,314.9,12,12,0,11.2,4.0,80.5,23.32,5.83,75.0,critical,100.0,299.2,1744.34,598.4
BATCH-PRX-01893,2025-03-18 00:00:00,Farm Hub,Tomato,Vegetable,3977,3816.5,0,7,7,25.6,12.0,76.3,45.95,29.18,36.5,medium,74.6,2744.1,80072.84,5488.2
BATCH-PRX-00173,2025-03-19 00:00:00,Mandi Yard,Wheat,Cereal,2856,553.0,230,180,-50,29.7,22.0,81.8,30.76,7.69,75.0,critical,100.0,0.0,0.0,0.0
BATCH-PRX-01965,2025-03-19 00:00:00,Retail Supermarket,Onion,Vegetable,2301,1043.6,13,30,17,17.9,10.0,72.3,34.32,30.41,11.4,low,36.7,593.2,18039.21,1186.4
BATCH-PRX-01320,2025-03-20 00:00:00,Farm Hub,Banana,Fruit,239,40.1,6,6,0,16.7,14.0,83.5,58.39,14.6,75.0,critical,95.0,38.1,556.26,76.2
BATCH-PRX-01422,2025-03-20 00:00:00,Wholesaler Depot,Potato,Vegetable,3901,541.0,33,35,2,11.0,8.0,78.2,30.0,17.01,43.3,high,45.0,411.1,6992.81,822.2
BATCH-PRX-01897,2025-03-20 00:00:00,Retail Supermarket,Ginger,Spice,742,143.2,26,20,-6,21.3,12.0,69.3,125.32,31.33,75.0,critical,100.0,0.0,0.0,0.0
BATCH-PRX-00343,2025-03-21 00:00:00,Wholesaler Depot,Tomato,Vegetable,4299,518.5,9,7,-2,19.5,12.0,70.0,36.96,9.24,75.0,critical,100.0,0.0,0.0,0.0
BATCH-PRX-00364,2025-03-21 00:00:00,Wholesaler Depot,Garlic,Spice / Vegetable,2919,357.4,52,60,8,18.9,15.0,70.6,162.35,152.28,6.2,low,5.0,192.0,29237.76,384.0
BATCH-PRX-00375,2025-03-21 00:00:00,Retail Supermarket,Turmeric,Spice,1832,270.5,126,120,-6,22.4,20.0,73.8,172.53,43.13,75.0,critical,95.0,0.0,0.0,0.0
BATCH-PRX-00516,2025-03-21 00:00:00,Wholesaler Depot,Cauliflower,Vegetable,169,89.6,1,8,7,5.9,5.0,66.0,34.23,26.87,21.5,medium,20.0,56.4,1515.47,112.8
BATCH-PRX-00566,2025-03-21 00:00:00,Wholesaler Depot,Rice,Cereal,3908,2374.1,61,180,119,31.3,22.0,66.5,55.34,46.82,15.4,low,42.4,1406.4,65847.65,2812.8
BATCH-PRX-01504,2025-03-21 00:00:00,Wholesaler Depot,Garlic,Spice / Vegetable,4090,1258.6,35,60,25,21.1,15.0,69.5,201.43,179.88,10.7,low,29.3,710.1,127732.79,1420.2
BATCH-PRX-00542,2025-03-22 00:00:00,Farm Hub,Potato,Vegetable,3121,1930.4,9,35,26,7.3,8.0,80.4,27.32,23.14,15.3,low,5.0,1142.4,26435.14,2284.8
BATCH-PRX-01193,2025-03-22 00:00:00,Farm Hub,Green Chilli,Spice / Vegetable,1763,1211.0,1,10,9,23.5,10.0,87.5,140.54,124.52,11.4,low,59.0,688.3,85707.12,1376.6
BATCH-PRX-01238,2025-03-22 00:00:00,Retail Supermarket,Garlic,Spice / Vegetable,633,299.8,18,60,42,13.3,15.0,65.0,179.21,168.64,5.9,low,5.0,160.5,27066.72,321.0
BATCH-PRX-00053,2025-03-23 00:00:00,Mandi Yard,Onion,Vegetable,1035,430.7,14,30,16,20.9,10.0,87.2,38.4,35.17,8.4,low,48.6,237.1,8338.81,474.2
BATCH-PRX-01253,2025-03-23 00:00:00,Wholesaler Depot,Green Chilli,Spice / Vegetable,765,556.1,0,10,10,21.1,10.0,67.7,139.46,128.16,8.1,low,49.6,305.1,39101.62,610.2
BATCH-PRX-01447,2025-03-23 00:00:00,Mandi Yard,Green Chilli,Spice / Vegetable,1475,306.4,7,10,3,17.3,10.0,87.9,126.64,73.7,41.8,high,74.3,230.0,16951.0,460.0
BATCH-PRX-01663,2025-03-23 00:00:00,Wholesaler Depot,Cabbage,Vegetable,3857,2146.6,1,12,11,2.7,4.0,67.6,22.29,18.59,16.6,low,5.0,1287.1,23927.19,2574.2
BATCH-PRX-01797,2025-03-23 00:00:00,Farm Hub,Onion,Vegetable,2791,477.8,34,30,-4,15.3,10.0,67.8,32.77,8.19,75.0,critical,100.0,0.0,0.0,0.0
BATCH-PRX-00400,2025-03-24 00:00:00,Farm Hub,Tomato,Vegetable,107,20.9,8,7,-1,17.2,12.0,88.7,37.74,9.44,75.0,critical,100.0,0.0,0.0,0.0
BATCH-PRX-00829,2025-03-24 00:00:00,Farm Hub,Banana,Fruit,3426,3366.5,0,6,6,26.8,14.0,67.3,50.16,32.15,35.9,medium,71.3,2408.4,77430.06,4816.8
BATCH-PRX-01280,2025-03-24 00:00:00,Retail Supermarket,Turmeric,Spice,3667,708.0,135,120,-15,31.6,20.0,89.4,143.77,35.94,75.0,critical,100.0,0.0,0.0,0.0
BATCH-PRX-01407,2025-03-24 00:00:00,Retail Supermarket,Mango,Fruit,3025,2102.6,2,7,5,17.4,12.0,69.4,87.83,58.93,32.9,medium,41.6,1466.4,86414.95,2932.8
BATCH-PRX-01972,2025-03-24 00:00:00,Retail Supermarket,Apple,Fruit,341,153.9,12,25,13,15.7,2.0,75.7,163.77,152.31,7.0,low,59.9,83.4,12702.65,166.8
BATCH-PRX-00179,2025-03-25 00:00:00,Wholesaler Depot,Cabbage,Vegetable,2118,334.8,12,12,0,8.4,4.0,68.4,22.74,5.68,75.0,critical,95.0,318.1,1806.81,636.2
BATCH-PRX-01367,2025-03-25 00:00:00,Retail Supermarket,Cabbage,Vegetable,1084,1073.8,0,12,12,14.1,4.0,74.5,22.65,20.09,11.3,low,45.6,609.7,12248.87,1219.4
BATCH-PRX-01588,2025-03-25 00:00:00,Wholesaler Depot,Orange,Fruit,1773,556.7,7,14,7,17.4,6.0,65.3,63.13,48.17,23.7,medium,65.5,357.5,17220.78,715.0
BATCH-PRX-01894,2025-03-25 00:00:00,Farm Hub,Cabbage,Vegetable,4158,1311.3,7,12,5,17.1,4.0,65.2,23.65,17.15,27.5,medium,72.4,872.0,14954.8,1744.0
BATCH-PRX-00565,2025-03-26 00:00:00,Wholesaler Depot,Potato,Vegetable,2007,932.3,15,35,20,21.0,8.0,76.2,30.53,27.39,10.3,low,57.0,523.8,14346.88,1047.6
BATCH-PRX-01716,2025-03-26 00:00:00,Farm Hub,Onion,Vegetable,2735,414.7,34,30,-4,15.5,10.0,73.7,39.25,9.81,75.0,critical,100.0,0.0,0.0,0.0
BATCH-PRX-01871,2025-03-26 00:00:00,Mandi Yard,Mango,Fruit,2835,1069.6,3,7,4,23.5,12.0,86.8,99.42,71.88,27.7,medium,66.0,712.6,51221.69,1425.2
BATCH-PRX-00373,2025-03-27 00:00:00,Mandi Yard,Orange,Fruit,2652,915.1,6,14,8,16.4,6.0,88.3,56.95,50.97,10.5,low,46.5,515.2,26259.74,1030.4
BATCH-PRX-01339,2025-03-27 00:00:00,Farm Hub,Onion,Vegetable,617,167.0,17,30,13,8.2,10.0,70.8,33.53,31.18,7.0,low,5.0,90.5,2821.79,181.0
BATCH-PRX-00433,2025-03-28 00:00:00,Mandi Yard,Potato,Vegetable,4187,1156.2,19,35,16,15.2,8.0,89.2,27.74,24.58,11.4,low,33.6,657.2,16153.98,1314.4
BATCH-PRX-01043,2025-03-28 00:00:00,Wholesaler Depot,Garlic,Spice / Vegetable,3820,602.1,76,60,-16,20.6,15.0,65.9,197.96,49.49,75.0,critical,100.0,0.0,0.0,0.0
BATCH-PRX-01582,2025-03-28 00:00:00,Farm Hub,Mango,Fruit,2011,1033.1,2,7,5,21.1,12.0,89.2,107.99,78.18,27.6,medium,56.3,687.6,53756.57,1375.2
BATCH-PRX-01923,2025-03-28 00:00:00,Mandi Yard,Green Chilli,Spice / Vegetable,2459,2080.8,0,10,10,21.5,10.0,88.4,126.95,107.02,15.7,low,50.9,1236.4,132319.53,2472.8
BATCH-PRX-00329,2025-03-29 00:00:00,Farm Hub,Tomato,Vegetable,374,67.6,9,7,-2,18.4,12.0,72.4,39.83,9.96,75.0,critical,100.0,0.0,0.0,0.0
BATCH-PRX-00515,2025-03-29 00:00:00,Retail Supermarket,Apple,Fruit,2889,399.0,22,25,3,16.0,2.0,78.2,167.44,95.11,43.2,high,100.0,302.9,28808.82,605.8
BATCH-PRX-01727,2025-03-29 00:00:00,Farm Hub,Turmeric,Spice,2132,851.6,45,120,75,26.9,20.0,71.3,161.94,148.34,8.4,low,32.7,468.7,69526.96,937.4
BATCH-PRX-01992,2025-03-29 00:00:00,Wholesaler Depot,Garlic,Spice / Vegetable,3572,528.0,63,60,-3,20.9,15.0,68.3,162.99,40.75,75.0,critical,100.0,0.0,0.0,0.0
BATCH-PRX-00059,2025-03-30 00:00:00,Wholesaler Depot,Apple,Fruit,3152,397.8,28,25,-3,8.3,2.0,81.3,157.17,39.29,75.0,critical,100.0,0.0,0.0,0.0
BATCH-PRX-01547,2025-03-30 00:00:00,Farm Hub,Wheat,Cereal,3979,780.3,220,180,-40,22.2,22.0,76.2,35.76,8.94,75.0,critical,95.0,0.0,0.0,0.0
BATCH-PRX-01691,2025-03-30 00:00:00,Wholesaler Depot,Turmeric,Spice,695,312.6,36,120,84,24.4,20.0,66.0,172.89,163.04,5.7,low,5.0,167.0,27227.68,334.0
BATCH-PRX-02000,2025-03-30 00:00:00,Mandi Yard,Apple,Fruit,1410,255.3,20,25,5,4.3,2.0,79.2,180.05,139.54,22.5,medium,20.0,162.1,22619.43,324.2
BATCH-PRX-00523,2025-03-31 00:00:00,Farm Hub,Turmeric,Spice,673,136.6,90,120,30,22.5,20.0,68.4,144.14,137.22,4.8,low,5.0,72.2,9907.28,144.4
BATCH-PRX-00761,2025-03-31 00:00:00,Mandi Yard,Onion,Vegetable,4203,593.1,31,30,-1,23.4,10.0,89.7,36.35,9.09,75.0,critical,100.0,0.0,0.0,0.0
BATCH-PRX-01153,2025-03-31 00:00:00,Farm Hub,Carrot,Vegetable,3159,604.2,19,15,-4,16.2,4.0,68.3,49.77,12.44,75.0,critical,100.0,0.0,0.0,0.0
BATCH-PRX-01236,2025-03-31 00:00:00,Farm Hub,Cauliflower,Vegetable,142,20.5,10,8,-2,10.9,5.0,86.7,33.48,8.37,75.0,critical,100.0,0.0,0.0,0.0
BATCH-PRX-01676,2025-03-31 00:00:00,Farm Hub,Mango,Fruit,2060,1983.6,0,7,7,12.6,12.0,66.6,94.73,64.13,32.3,medium,20.0,1376.2,88255.71,2752.4
BATCH-PRX-00113,2025-04-01 00:00:00,Farm Hub,Onion,Vegetable,2579,372.9,38,30,-8,19.6,10.0,72.7,35.45,8.86,75.0,critical,100.0,0.0,0.0,0.0
BATCH-PRX-01605,2025-04-01 00:00:00,Mandi Yard,Onion,Vegetable,785,553.1,1,30,29,12.1,10.0,89.1,35.48,32.29,9.0,low,5.0,306.4,9893.66,612.8
BATCH-PRX-01938,2025-04-01 00:00:00,Farm Hub,Green Chilli,Spice / Vegetable,931,710.6,2,10,8,16.3,10.0,82.0,134.51,122.54,8.9,low,30.3,393.2,48182.73,786.4
BATCH-PRX-00911,2025-04-02 00:00:00,Retail Supermarket,Orange,Fruit,686,358.8,6,14,8,18.7,6.0,72.9,64.16,59.22,7.7,low,55.9,196.0,11607.12,392.0
BATCH-PRX-01612,2025-04-02 00:00:00,Retail Supermarket,Wheat,Cereal,2569,1114.8,63,180,117,32.2,22.0,81.8,37.3,33.79,9.4,low,45.7,620.3,20959.94,1240.6
BATCH-PRX-01732,2025-04-02 00:00:00,Wholesaler Depot,Garlic,Spice / Vegetable,2447,409.2,56,60,4,27.4,15.0,82.9,200.5,157.59,21.4,medium,69.7,257.1,40516.39,514.2
BATCH-PRX-00004,2025-04-03 00:00:00,Farm Hub,Garlic,Spice / Vegetable,116,20.5,45,60,15,13.9,15.0,85.4,175.45,167.55,4.5,low,5.0,10.8,1809.54,21.6
BATCH-PRX-01159,2025-04-03 00:00:00,Mandi Yard,Onion,Vegetable,3362,606.7,35,30,-5,16.8,10.0,84.3,34.62,8.65,75.0,critical,100.0,0.0,0.0,0.0
BATCH-PRX-00576,2025-04-04 00:00:00,Wholesaler Depot,Banana,Fruit,1344,727.8,2,6,4,27.7,14.0,68.2,59.58,44.98,24.5,medium,75.0,470.9,21181.08,941.8
BATCH-PRX-00623,2025-04-04 00:00:00,Wholesaler Depot,Banana,Fruit,3318,2428.3,1,6,5,14.7,14.0,80.1,55.1,36.92,33.0,medium,20.0,1695.0,62579.4,3390.0
BATCH-PRX-01189,2025-04-04 00:00:00,Retail Supermarket,Cauliflower,Vegetable,1975,1551.2,1,8,7,18.8,5.0,87.1,34.23,24.37,28.8,medium,75.3,1043.6,25432.53,2087.2
BATCH-PRX-00293,2025-04-05 00:00:00,Mandi Yard,Ginger,Spice,3699,589.0,24,20,-4,23.1,12.0,80.7,107.73,26.93,75.0,critical,100.0,0.0,0.0,0.0
BATCH-PRX-00453,2025-04-05 00:00:00,Wholesaler Depot,Orange,Fruit,1105,624.3,2,14,12,10.7,6.0,73.2,66.31,60.34,9.0,low,5.0,345.9,20871.61,691.8
BATCH-PRX-00347,2025-04-06 00:00:00,Retail Supermarket,Wheat,Cereal,3392,706.2,118,180,62,34.6,22.0,85.1,36.11,33.47,7.3,low,55.4,384.0,12852.48,768.0
BATCH-PRX-00636,2025-04-06 00:00:00,Wholesaler Depot,Orange,Fruit,4422,588.1,14,14,0,6.7,6.0,85.9,68.26,17.07,75.0,critical,95.0,558.7,9537.01,1117.4
BATCH-PRX-01483,2025-04-06 00:00:00,Farm Hub,Garlic,Spice / Vegetable,3501,677.3,63,60,-3,16.2,15.0,84.8,184.23,46.06,75.0,critical,95.0,0.0,0.0,0.0
BATCH-PRX-01922,2025-04-06 00:00:00,Mandi Yard,Cabbage,Vegetable,1914,247.3,11,12,1,13.3,4.0,80.2,20.93,7.93,62.1,critical,100.0,215.8,1711.29,431.6
BATCH-PRX-00276,2025-04-07 00:00:00,Mandi Yard,Carrot,Vegetable,3250,395.8,14,15,1,3.0,4.0,73.5,51.74,19.3,62.7,critical,75.0,346.8,6693.24,693.6
BATCH-PRX-00804,2025-04-07 00:00:00,Farm Hub,Green Chilli,Spice / Vegetable,808,153.7,13,10,-3,10.8,10.0,68.7,152.56,38.14,75.0,critical,95.0,0.0,0.0,0.0
BATCH-PRX-01374,2025-04-07 00:00:00,Retail Supermarket,Turmeric,Spice,434,222.7,52,120,68,18.9,20.0,74.6,147.34,139.68,5.2,low,5.0,118.3,16524.14,236.6
BATCH-PRX-01680,2025-04-07 00:00:00,Wholesaler Depot,Turmeric,Spice,2097,399.3,129,120,-9,28.5,20.0,65.1,172.1,43.02,75.0,critical,100.0,0.0,0.0,0.0
BATCH-PRX-01888,2025-04-07 00:00:00,Farm Hub,Tomato,Vegetable,2623,980.2,3,7,4,24.4,12.0,74.8,42.61,31.36,26.4,medium,69.5,645.4,20239.74,1290.8
BATCH-PRX-00811,2025-04-08 00:00:00,Wholesaler Depot,Tomato,Vegetable,1006,368.8,4,7,3,24.1,12.0,91.9,43.52,24.68,43.3,high,93.4,280.2,6915.34,560.4
BATCH-PRX-00812,2025-04-08 00:00:00,Mandi Yard,Tomato,Vegetable,129,18.0,6,7,1,25.5,12.0,80.9,38.35,14.73,61.6,critical,100.0,15.7,231.26,31.4
BATCH-PRX-00208,2025-04-09 00:00:00,Farm Hub,Tomato,Vegetable,2159,894.2,4,7,3,14.8,12.0,83.9,40.85,22.06,46.0,high,45.0,693.9,15307.43,1387.8
BATCH-PRX-00260,2025-04-09 00:00:00,Wholesaler Depot,Green Chilli,Spice / Vegetable,4002,1770.2,5,10,5,14.5,10.0,68.4,146.09,103.43,29.2,medium,20.0,1195.2,123619.54,2390.4
BATCH-PRX-00456,2025-04-09 00:00:00,Wholesaler Depot,Green Chilli,Spice / Vegetable,2102,613.5,7,10,3,12.2,10.0,71.3,143.6,81.28,43.4,high,45.0,466.5,37917.12,933.0
BATCH-PRX-00699,2025-04-09 00:00:00,Retail Supermarket,Ginger,Spice,3635,1335.2,8,20,12,22.3,12.0,67.9,119.64,105.28,12.0,low,46.4,763.7,80402.34,1527.4
BATCH-PRX-00791,2025-04-09 00:00:00,Farm Hub,Garlic,Spice / Vegetable,1831,266.8,70,60,-10,15.3,15.0,65.4,190.6,47.65,75.0,critical,95.0,0.0,0.0,0.0
BATCH-PRX-01371,2025-04-09 00:00:00,Wholesaler Depot,Carrot,Vegetable,122,71.7,2,15,13,14.2,4.0,68.0,47.58,44.68,6.1,low,45.9,38.5,1720.18,77.0
BATCH-PRX-01467,2025-04-09 00:00:00,Mandi Yard,Rice,Cereal,1544,1376.2,14,180,166,35.8,22.0,84.4,50.55,45.29,10.4,low,60.4,774.0,35054.46,1548.0
BATCH-PRX-00328,2025-04-10 00:00:00,Farm Hub,Tomato,Vegetable,1969,1016.5,3,7,4,17.7,12.0,72.3,45.68,33.53,26.6,medium,42.8,670.5,22481.87,1341.0
BATCH-PRX-01304,2025-04-10 00:00:00,Wholesaler Depot,Cauliflower,Vegetable,109,50.8,2,8,6,5.2,5.0,74.9,34.41,27.08,21.3,medium,20.0,31.9,863.85,63.8
BATCH-PRX-01672,2025-04-10 00:00:00,Wholesaler Depot,Apple,Fruit,2162,350.5,30,25,-5,13.6,2.0,91.0,185.95,46.49,75.0,critical,100.0,0.0,0.0,0.0
BATCH-PRX-00104,2025-04-11 00:00:00,Retail Supermarket,Cauliflower,Vegetable,3924,1331.9,4,8,4,18.4,5.0,88.2,32.38,23.41,27.7,medium,73.6,887.3,20771.69,1774.6
BATCH-PRX-01171,2025-04-11 00:00:00,Wholesaler Depot,Rice,Cereal,2869,1245.6,72,180,108,29.7,22.0,68.9,53.53,48.34,9.7,low,35.9,695.3,33610.8,1390.6
BATCH-PRX-01537,2025-04-11 00:00:00,Wholesaler Depot,Orange,Fruit,4215,1372.1,8,14,6,14.0,6.0,80.0,64.11,46.29,27.8,medium,51.8,914.9,42350.72,1829.8
BATCH-PRX-01683,2025-04-11 00:00:00,Retail Supermarket,Potato,Vegetable,2230,353.1,38,35,-3,17.1,8.0,85.2,31.77,7.94,75.0,critical,100.0,0.0,0.0,0.0
BATCH-PRX-01752,2025-04-11 00:00:00,Farm Hub,Cabbage,Vegetable,521,100.4,14,12,-2,3.3,4.0,70.5,25.12,6.28,75.0,critical,95.0,0.0,0.0,0.0
BATCH-PRX-00580,2025-04-12 00:00:00,Wholesaler Depot,Carrot,Vegetable,3465,1675.2,5,15,10,5.6,4.0,87.2,49.65,42.65,14.1,low,5.0,979.3,41767.14,1958.6
BATCH-PRX-00996,2025-04-12 00:00:00,Farm Hub,Garlic,Spice / Vegetable,1814,241.5,58,60,2,19.9,15.0,82.4,189.2,112.38,40.6,high,45.0,179.6,20183.45,359.2
BATCH-PRX-01220,2025-04-12 00:00:00,Mandi Yard,Cabbage,Vegetable,3031,885.5,7,12,5,4.0,4.0,73.4,24.78,18.51,25.3,medium,20.0,577.2,10683.97,1154.4
BATCH-PRX-01282,2025-04-12 00:00:00,Wholesaler Depot,Banana,Fruit,3699,1414.3,3,6,3,23.8,14.0,87.7,57.92,30.12,48.0,high,84.0,1114.5,33568.74,2229.0
BATCH-PRX-01990,2025-04-12 00:00:00,Farm Hub,Banana,Fruit,3623,628.0,6,6,0,15.8,14.0,67.9,54.26,13.56,75.0,critical,95.0,596.6,8089.9,1193.2
BATCH-PRX-00578,2025-04-13 00:00:00,Mandi Yard,Potato,Vegetable,710,123.1,40,35,-5,8.2,8.0,81.9,31.53,7.88,75.0,critical,95.0,0.0,0.0,0.0
BATCH-PRX-01102,2025-04-13 00:00:00,Mandi Yard,Tomato,Vegetable,2025,1237.1,0,7,7,24.1,12.0,76.0,43.34,31.33,27.7,medium,68.5,824.2,25822.19,1648.4
BATCH-PRX-01759,2025-04-13 00:00:00,Farm Hub,Green Chilli,Spice / Vegetable,1632,661.6,4,10,6,23.9,10.0,71.5,127.16,97.15,23.6,medium,75.4,424.5,41240.18,849.0
BATCH-PRX-00466,2025-04-14 00:00:00,Wholesaler Depot,Banana,Fruit,1178,155.4,7,6,-1,13.1,14.0,84.8,58.01,14.5,75.0,critical,95.0,0.0,0.0,0.0
BATCH-PRX-01528,2025-04-14 00:00:00,Mandi Yard,Tomato,Vegetable,3054,693.2,5,7,2,10.7,12.0,74.6,37.47,20.61,45.0,high,45.0,533.8,11001.62,1067.6
BATCH-PRX-01658,2025-04-14 00:00:00,Farm Hub,Cabbage,Vegetable,1355,699.1,5,12,7,16.7,4.0,79.7,25.94,19.61,24.4,medium,70.8,451.9,8861.76,903.8
BATCH-PRX-00174,2025-04-15 00:00:00,Retail Supermarket,Tomato,Vegetable,3511,968.7,5,7,2,19.8,12.0,74.3,42.66,22.91,46.3,high,76.1,753.5,17262.69,1507.0
BATCH-PRX-00352,2025-04-15 00:00:00,Wholesaler Depot,Potato,Vegetable,1360,358.3,25,35,10,18.9,8.0,67.2,29.96,27.74,7.4,low,48.6,195.1,5412.07,390.2
BATCH-PRX-00762,2025-04-15 00:00:00,Retail Supermarket,Rice,Cereal,3963,1611.4,65,180,115,20.7,22.0,75.4,55.23,48.82,11.6,low,5.0,917.9,44811.88,1835.8
BATCH-PRX-00976,2025-04-15 00:00:00,Wholesaler Depot,Green Chilli,Spice / Vegetable,3154,1410.9,3,10,7,21.1,10.0,83.1,138.69,100.69,27.4,medium,64.3,937.4,94386.81,1874.8
BATCH-PRX-01003,2025-04-15 00:00:00,Farm Hub,Cabbage,Vegetable,954,431.3,6,12,6,11.1,4.0,71.9,21.94,16.87,23.1,medium,48.3,275.4,4646.0,550.8
BATCH-PRX-01169,2025-04-15 00:00:00,Farm Hub,Turmeric,Spice,794,614.3,10,120,110,22.4,20.0,86.7,152.9,141.89,7.2,low,5.0,333.7,47348.69,667.4
BATCH-PRX-00152,2025-04-16 00:00:00,Wholesaler Depot,Onion,Vegetable,621,593.4,1,30,29,22.6,10.0,67.9,37.59,34.13,9.2,low,55.4,329.5,11245.84,659.0
BATCH-PRX-01139,2025-04-16 00:00:00,Farm Hub,Orange,Fruit,3050,626.9,11,14,3,7.9,6.0,74.1,59.24,33.17,44.0,high,45.0,479.0,15888.43,958.0
BATCH-PRX-01375,2025-04-16 00:00:00,Retail Supermarket,Orange,Fruit,3229,1773.9,4,14,10,7.4,6.0,87.0,66.65,56.79,14.8,low,5.0,1044.5,59317.15,2089.0
BATCH-PRX-01392,2025-04-16 00:00:00,Farm Hub,Turmeric,Spice,235,107.0,59,120,61,28.3,20.0,82.1,149.8,142.91,4.6,low,38.4,56.5,8074.41,113.0
BATCH-PRX-00035,2025-04-17 00:00:00,Wholesaler Depot,Apple,Fruit,931,761.4,2,25,23,12.8,2.0,89.3,177.22,159.5,10.0,low,48.0,426.4,68010.8,852.8
BATCH-PRX-00444,2025-04-17 00:00:00,Farm Hub,Garlic,Spice / Vegetable,1771,348.1,53,60,7,22.5,15.0,87.3,180.01,142.03,21.1,medium,50.1,218.1,30976.74,436.2
BATCH-PRX-00555,2025-04-17 00:00:00,Farm Hub,Banana,Fruit,163,86.8,1,6,5,26.3,14.0,65.3,53.38,42.01,21.3,medium,69.2,54.5,2289.55,109.0
BATCH-PRX-01647,2025-04-17 00:00:00,Mandi Yard,Onion,Vegetable,1383,211.7,29,30,1,11.6,10.0,69.1,40.42,15.24,62.3,critical,75.0,185.0,2819.4,370.0
BATCH-PRX-00297,2025-04-18 00:00:00,Farm Hub,Banana,Fruit,3891,644.4,6,6,0,20.0,14.0,83.2,48.33,12.08,75.0,critical,100.0,612.2,7395.38,1224.4
BATCH-PRX-00124,2025-04-19 00:00:00,Wholesaler Depot,Mango,Fruit,2576,344.7,7,7,0,12.1,12.0,71.9,87.0,21.75,75.0,critical,95.0,327.5,7123.12,655.0
BATCH-PRX-00610,2025-04-19 00:00:00,Mandi Yard,Orange,Fruit,431,377.3,1,14,13,16.0,6.0,91.9,59.42,54.79,7.8,low,44.9,206.3,11303.18,412.6
BATCH-PRX-01095,2025-04-19 00:00:00,Farm Hub,Garlic,Spice / Vegetable,3476,830.8,37,60,23,26.7,15.0,77.3,162.7,148.71,8.6,low,51.7,458.3,68153.79,916.6
BATCH-PRX-01686,2025-04-19 00:00:00,Wholesaler Depot,Cauliflower,Vegetable,374,149.9,3,8,5,12.2,5.0,81.3,30.25,23.66,21.8,medium,48.9,94.6,2238.24,189.2
BATCH-PRX-01850,2025-04-19 00:00:00,Farm Hub,Carrot,Vegetable,2503,442.3,18,15,-3,17.7,4.0,80.5,42.3,10.57,75.0,critical,100.0,0.0,0.0,0.0
BATCH-PRX-00264,2025-04-20 00:00:00,Retail Supermarket,Green Chilli,Spice / Vegetable,1355,174.6,13,10,-3,13.9,10.0,80.8,155.84,38.96,75.0,critical,95.0,0.0,0.0,0.0
BATCH-PRX-01401,2025-04-20 00:00:00,Farm Hub,Tomato,Vegetable,4236,716.0,8,7,-1,23.4,12.0,91.4,39.12,9.78,75.0,critical,100.0,0.0,0.0,0.0
BATCH-PRX-01008,2025-04-21 00:00:00,Mandi Yard,Carrot,Vegetable,2967,500.1,12,15,3,6.5,4.0,66.8,46.49,26.36,43.3,high,45.0,380.0,10016.8,760.0
BATCH-PRX-01107,2025-04-21 00:00:00,Wholesaler Depot,Turmeric,Spice,4331,857.7,81,120,39,25.9,20.0,79.7,174.11,159.48,8.4,low,28.4,472.1,75290.51,944.2
BATCH-PRX-01390,2025-04-21 00:00:00,Retail Supermarket,Cabbage,Vegetable,2226,313.9,14,12,-2,9.3,4.0,90.0,21.91,5.48,75.0,critical,100.0,0.0,0.0,0.0
BATCH-PRX-01420,2025-04-21 00:00:00,Farm Hub,Cauliflower,Vegetable,475,148.9,5,8,3,10.2,5.0,76.2,30.7,17.87,41.8,high,65.7,111.8,1997.87,223.6
BATCH-PRX-01593,2025-04-21 00:00:00,Farm Hub,Mango,Fruit,3567,1668.6,2,7,5,16.7,12.0,88.7,86.58,60.0,30.7,medium,20.0,1141.7,68502.0,2283.4
BATCH-PRX-01762,2025-04-21 00:00:00,Mandi Yard,Green Chilli,Spice / Vegetable,2551,431.0,8,10,2,17.1,10.0,67.1,143.68,82.62,42.5,high,73.5,325.4,26884.55,650.8
BATCH-PRX-00764,2025-04-22 00:00:00,Wholesaler Depot,Carrot,Vegetable,3845,569.9,12,15,3,6.2,4.0,81.1,45.01,25.39,43.6,high,45.0,434.0,11019.26,868.0
BATCH-PRX-00930,2025-04-22 00:00:00,Wholesaler Depot,Apple,Fruit,1577,741.9,9,25,16,6.1,2.0,66.0,160.94,145.01,9.9,low,5.0,415.0,60179.15,830.0
BATCH-PRX-01055,2025-04-22 00:00:00,Wholesaler Depot,Rice,Cereal,3316,599.4,175,180,5,29.1,22.0,65.7,50.98,40.02,21.5,medium,48.3,377.0,15087.54,754.0
BATCH-PRX-00715,2025-04-23 00:00:00,Retail Supermarket,Carrot,Vegetable,3688,2658.1,0,15,15,17.6,4.0,72.0,42.62,34.52,19.0,low,59.6,1632.1,56340.09,3264.2
BATCH-PRX-00117,2025-04-24 00:00:00,Farm Hub,Garlic,Spice / Vegetable,2958,463.2,60,60,0,25.1,15.0,65.8,196.52,49.13,75.0,critical,100.0,440.0,21617.2,880.0
BATCH-PRX-00305,2025-04-24 00:00:00,Retail Supermarket,Onion,Vegetable,3185,936.9,16,30,14,19.3,10.0,83.2,38.99,34.74,10.9,low,42.2,529.7,18401.78,1059.4
BATCH-PRX-00513,2025-04-24 00:00:00,Farm Hub,Green Chilli,Spice / Vegetable,3411,3271.9,0,10,10,8.9,10.0,78.8,132.67,105.74,20.3,low,5.0,2034.5,215128.03,4069.0
BATCH-PRX-00999,2025-04-25 00:00:00,Wholesaler Depot,Potato,Vegetable,1069,847.3,1,35,34,21.0,8.0,91.1,29.83,26.91,9.8,low,56.9,473.5,12741.89,947.0
BATCH-PRX-01465,2025-04-25 00:00:00,Mandi Yard,Ginger,Spice,2155,2042.1,1,20,19,21.6,12.0,73.8,120.8,102.08,15.5,low,43.5,1211.0,123618.88,2422.0
BATCH-PRX-00177,2025-04-26 00:00:00,Mandi Yard,Onion,Vegetable,3915,914.0,21,30,9,21.5,10.0,84.6,39.53,35.26,10.8,low,51.2,516.2,18201.21,1032.4
BATCH-PRX-00399,2025-04-26 00:00:00,Mandi Yard,Cabbage,Vegetable,620,87.8,12,12,0,10.2,4.0,71.6,21.9,5.47,75.0,critical,100.0,83.4,456.2,166.8
BATCH-PRX-00574,2025-04-26 00:00:00,Farm Hub,Apple,Fruit,3806,612.8,25,25,0,4.0,2.0,81.6,178.55,44.64,75.0,critical,95.0,582.2,25989.41,1164.4
BATCH-PRX-01023,2025-04-26 00:00:00,Wholesaler Depot,Tomato,Vegetable,1017,788.0,1,7,6,23.4,12.0,83.1,43.2,32.23,25.4,medium,65.7,514.1,16569.44,1028.2
BATCH-PRX-01254,2025-04-26 00:00:00,Farm Hub,Tomato,Vegetable,1076,179.4,8,7,-1,16.5,12.0,89.8,39.51,9.88,75.0,critical,95.0,0.0,0.0,0.0
BATCH-PRX-00270,2025-04-27 00:00:00,Retail Supermarket,Banana,Fruit,2623,341.2,7,6,-1,16.0,14.0,86.3,55.85,13.96,75.0,critical,95.0,0.0,0.0,0.0
BATCH-PRX-00363,2025-04-27 00:00:00,Retail Supermarket,Carrot,Vegetable,1607,277.6,17,15,-2,5.0,4.0,82.9,43.16,10.79,75.0,critical,95.0,0.0,0.0,0.0
BATCH-PRX-01694,2025-04-27 00:00:00,Wholesaler Depot,Rice,Cereal,704,315.0,59,180,121,30.5,22.0,68.9,55.59,52.75,5.1,low,39.1,167.1,8814.52,334.2
BATCH-PRX-00271,2025-04-28 00:00:00,Mandi Yard,Onion,Vegetable,1921,318.9,25,30,5,14.5,10.0,82.2,36.65,28.29,22.8,medium,20.0,203.1,5745.7,406.2
BATCH-PRX-01657,2025-04-28 00:00:00,Wholesaler Depot,Apple,Fruit,1696,297.0,19,25,6,6.8,2.0,68.2,180.22,139.31,22.7,medium,20.0,189.0,26329.59,378.0
BATCH-PRX-01823,2025-04-28 00:00:00,Farm Hub,Cauliflower,Vegetable,3996,2747.1,2,8,6,16.8,5.0,76.2,34.71,22.63,34.8,medium,67.3,1947.1,44062.87,3894.2
BATCH-PRX-00550,2025-04-29 00:00:00,Wholesaler Depot,Carrot,Vegetable,4153,3357.0,0,15,15,4.5,4.0,87.0,46.73,37.01,20.8,low,5.0,2097.5,77628.47,4195.0
BATCH-PRX-01287,2025-04-29 00:00:00,Retail Supermarket,Mango,Fruit,1939,584.0,4,7,3,24.4,12.0,81.9,90.16,49.32,45.3,high,94.7,450.7,22228.52,901.4
BATCH-PRX-01616,2025-04-29 00:00:00,Farm Hub,Mango,Fruit,899,303.4,4,7,3,18.9,12.0,67.2,87.69,49.19,43.9,high,72.7,231.6,11392.4,463.2
BATCH-PRX-01872,2025-04-29 00:00:00,Wholesaler Depot,Orange,Fruit,326,51.6,16,14,-2,12.7,6.0,86.6,64.17,16.04,75.0,critical,100.0,0.0,0.0,0.0
BATCH-PRX-00998,2025-04-30 00:00:00,Retail Supermarket,Garlic,Spice / Vegetable,3556,629.3,60,60,0,14.2,15.0,88.9,195.07,48.77,75.0,critical,95.0,597.8,29154.71,1195.6
BATCH-PRX-01180,2025-04-30 00:00:00,Wholesaler Depot,Onion,Vegetable,535,92.0,23,30,7,9.5,10.0,87.6,38.46,30.11,21.7,medium,20.0,58.0,1746.38,116.0
BATCH-PRX-00204,2025-05-01 00:00:00,Farm Hub,Apple,Fruit,117,21.1,23,25,2,13.1,2.0,89.1,167.89,98.55,41.3,high,89.4,15.8,1557.09,31.6
BATCH-PRX-00774,2025-05-01 00:00:00,Mandi Yard,Rice,Cereal,603,268.3,58,180,122,30.6,22.0,81.0,54.86,52.23,4.8,low,39.2,141.9,7411.44,283.8
BATCH-PRX-01278,2025-05-01 00:00:00,Farm Hub,Wheat,Cereal,3690,459.9,175,180,5,32.5,22.0,65.9,31.51,24.86,21.1,medium,61.9,288.2,7164.65,576.4
BATCH-PRX-00457,2025-05-02 00:00:00,Wholesaler Depot,Cauliflower,Vegetable,2523,1315.5,3,8,5,11.1,5.0,68.4,27.65,20.02,27.6,medium,44.3,875.6,17529.51,1751.2
BATCH-PRX-00814,2025-05-02 00:00:00,Farm Hub,Orange,Fruit,3925,1283.9,7,14,7,4.5,6.0,80.7,69.21,50.32,27.3,medium,20.0,852.3,42887.74,1704.6
BATCH-PRX-01044,2025-05-02 00:00:00,Wholesaler Depot,Tomato,Vegetable,628,201.4,4,7,3,10.9,12.0,88.0,44.1,25.36,42.5,high,45.0,152.1,3857.26,304.2
BATCH-PRX-01734,2025-05-02 00:00:00,Mandi Yard,Turmeric,Spice,617,466.7,21,120,99,21.5,20.0,74.5,147.56,138.12,6.4,low,5.0,251.3,34709.56,502.6
BATCH-PRX-01966,2025-05-02 00:00:00,Mandi Yard,Tomato,Vegetable,3459,607.1,7,7,0,25.6,12.0,70.1,36.82,9.21,75.0,critical,100.0,576.7,5311.41,1153.4
BATCH-PRX-00553,2025-05-03 00:00:00,Retail Supermarket,Banana,Fruit,2287,289.9,5,6,1,14.2,14.0,69.2,49.31,18.59,62.3,critical,75.0,253.3,4708.85,506.6
BATCH-PRX-01264,2025-05-03 00:00:00,Retail Supermarket,Carrot,Vegetable,317,40.7,13,15,2,7.1,4.0,82.8,43.98,25.95,41.0,high,45.0,30.4,788.88,60.8
BATCH-PRX-01930,2025-05-03 00:00:00,Retail Supermarket,Orange,Fruit,340,187.1,6,14,8,15.5,6.0,87.4,65.18,60.75,6.8,low,42.8,101.2,6147.9,202.4
BATCH-PRX-00873,2025-05-04 00:00:00,Wholesaler Depot,Turmeric,Spice,4475,2366.1,47,120,73,30.3,20.0,81.0,174.4,146.67,15.9,low,46.3,1408.8,206628.7,2817.6
BATCH-PRX-00886,2025-05-04 00:00:00,Farm Hub,Wheat,Cereal,3256,391.2,203,180,-23,33.3,22.0,74.0,34.61,8.65,75.0,critical,100.0,0.0,0.0,0.0
BATCH-PRX-01325,2025-05-04 00:00:00,Farm Hub,Potato,Vegetable,2856,1292.8,16,35,19,18.7,8.0,89.4,26.44,23.24,12.1,low,48.0,740.3,17204.57,1480.6
BATCH-PRX-01574,2025-05-04 00:00:00,Mandi Yard,Tomato,Vegetable,2639,1048.6,4,7,3,15.3,12.0,83.3,41.06,21.88,46.7,high,45.0,818.1,17900.03,1636.2
BATCH-PRX-00233,2025-05-05 00:00:00,Wholesaler Depot,Rice,Cereal,4175,781.4,152,180,28,22.6,22.0,77.9,53.22,49.28,7.4,low,5.0,425.4,20963.71,850.8
BATCH-PRX-00461,2025-05-05 00:00:00,Retail Supermarket,Orange,Fruit,3896,2219.8,4,14,10,15.7,6.0,77.1,69.19,57.43,17.0,low,43.9,1336.3,76743.71,2672.6
BATCH-PRX-00870,2025-05-05 00:00:00,Mandi Yard,Onion,Vegetable,1853,333.0,32,30,-2,15.3,10.0,71.4,40.51,10.13,75.0,critical,100.0,0.0,0.0,0.0
BATCH-PRX-00937,2025-05-05 00:00:00,Farm Hub,Orange,Fruit,781,457.9,3,14,11,4.2,6.0,81.5,59.76,54.86,8.2,low,5.0,251.5,13797.29,503.0
BATCH-PRX-01045,2025-05-05 00:00:00,Mandi Yard,Apple,Fruit,813,442.8,7,25,18,0.8,2.0,89.7,178.98,163.95,8.4,low,5.0,243.7,39954.61,487.4
BATCH-PRX-00591,2025-05-06 00:00:00,Farm Hub,Cabbage,Vegetable,218,152.2,0,12,12,10.1,4.0,78.0,24.24,22.62,6.7,low,29.6,82.2,1859.36,164.4
BATCH-PRX-01047,2025-05-06 00:00:00,Wholesaler Depot,Ginger,Spice,3271,1366.8,7,20,13,18.1,12.0,87.1,108.25,95.15,12.1,low,29.5,782.6,74464.39,1565.2
BATCH-PRX-01063,2025-05-06 00:00:00,Farm Hub,Green Chilli,Spice / Vegetable,3399,616.4,9,10,1,16.9,10.0,89.8,142.13,52.02,63.4,critical,100.0,542.7,28231.25,1085.4
BATCH-PRX-01576,2025-05-06 00:00:00,Mandi Yard,Mango,Fruit,3133,1687.9,3,7,4,17.0,12.0,90.8,92.84,64.25,30.8,medium,40.1,1155.9,74266.58,2311.8
BATCH-PRX-01932,2025-05-06 00:00:00,Retail Supermarket,Onion,Vegetable,194,70.0,19,30,11,23.8,10.0,84.0,39.47,36.86,6.6,low,60.3,37.8,1393.31,75.6
BATCH-PRX-00213,2025-05-07 00:00:00,Wholesaler Depot,Carrot,Vegetable,4342,3806.7,1,15,14,15.9,4.0,84.5,46.05,36.47,20.8,low,52.5,2378.4,86740.25,4756.8
BATCH-PRX-00666,2025-05-07 00:00:00,Mandi Yard,Rice,Cereal,2756,1358.0,67,180,113,34.2,22.0,90.7,56.42,50.61,10.3,low,53.6,762.9,38610.37,1525.8
BATCH-PRX-00949,2025-05-07 00:00:00,Farm Hub,Turmeric,Spice,776,617.3,2,120,118,24.5,20.0,66.4,179.19,166.29,7.2,low,5.0,335.3,55757.04,670.6
BATCH-PRX-00965,2025-05-07 00:00:00,Mandi Yard,Potato,Vegetable,2012,701.8,19,35,16,17.7,8.0,65.6,27.42,24.92,9.1,low,43.8,389.2,9698.86,778.4
BATCH-PRX-01636,2025-05-07 00:00:00,Retail Supermarket,Cauliflower,Vegetable,3161,1841.6,3,8,5,3.4,5.0,90.9,29.59,20.62,30.3,medium,20.0,1255.6,25890.47,2511.2
BATCH-PRX-00692,2025-05-09 00:00:00,Retail Supermarket,Cauliflower,Vegetable,706,114.6,7,8,1,7.8,5.0,69.2,28.2,10.83,61.6,critical,75.0,99.7,1079.75,199.4
BATCH-PRX-01149,2025-05-09 00:00:00,Farm Hub,Tomato,Vegetable,753,116.9,7,7,0,13.5,12.0,66.0,42.57,10.64,75.0,critical,95.0,111.1,1182.1,222.2
BATCH-PRX-01735,2025-05-09 00:00:00,Farm Hub,Green Chilli,Spice / Vegetable,2403,296.0,12,10,-2,23.4,10.0,84.7,141.02,35.26,75.0,critical,100.0,0.0,0.0,0.0
BATCH-PRX-00397,2025-05-10 00:00:00,Farm Hub,Orange,Fruit,1206,663.7,6,14,8,6.1,6.0,87.4,60.3,54.75,9.2,low,5.0,368.5,20175.38,737.0
BATCH-PRX-00428,2025-05-10 00:00:00,Mandi Yard,Apple,Fruit,3716,1994.6,9,25,16,14.8,2.0,79.8,170.77,143.11,16.2,low,56.3,1191.2,170472.63,2382.4
BATCH-PRX-00703,2025-05-10 00:00:00,Farm Hub,Orange,Fruit,2873,404.8,16,14,-2,14.4,6.0,76.4,61.33,15.33,75.0,critical,100.0,0.0,0.0,0.0
BATCH-PRX-00974,2025-05-10 00:00:00,Mandi Yard,Cauliflower,Vegetable,1680,319.4,9,8,-1,16.9,5.0,86.5,32.88,8.22,75.0,critical,100.0,0.0,0.0,0.0
BATCH-PRX-01117,2025-05-10 00:00:00,Wholesaler Depot,Cabbage,Vegetable,788,320.2,5,12,7,4.2,4.0,88.7,25.94,20.1,22.5,medium,20.0,203.3,4086.33,406.6
BATCH-PRX-01201,2025-05-10 00:00:00,Mandi Yard,Cabbage,Vegetable,2917,1150.8,7,12,5,16.6,4.0,74.4,25.57,18.74,26.7,medium,70.4,759.8,14238.65,1519.6
BATCH-PRX-01212,2025-05-10 00:00:00,Mandi Yard,Cauliflower,Vegetable,1262,373.6,5,8,3,7.5,5.0,85.9,31.52,18.0,42.9,high,45.0,283.0,5094.0,566.0
BATCH-PRX-01295,2025-05-11 00:00:00,Wholesaler Depot,Garlic,Spice / Vegetable,3807,1995.5,11,60,49,26.4,15.0,74.9,199.95,171.16,14.4,low,50.7,1170.2,200291.43,2340.4
BATCH-PRX-01323,2025-05-11 00:00:00,Wholesaler Depot,Cabbage,Vegetable,233,158.6,3,12,9,10.1,4.0,74.5,25.39,23.69,6.7,low,29.3,85.7,2030.23,171.4
BATCH-PRX-01770,2025-05-11 00:00:00,Farm Hub,Apple,Fruit,3369,432.9,20,25,5,2.8,2.0,87.2,179.75,137.69,23.4,medium,20.0,277.2,38167.67,554.4
BATCH-PRX-00524,2025-05-12 00:00:00,Farm Hub,Carrot,Vegetable,2962,1966.4,5,15,10,5.7,4.0,90.1,51.31,43.31,15.6,low,5.0,1167.3,50555.76,2334.6
BATCH-PRX-01807,2025-05-12 00:00:00,Wholesaler Depot,Cauliflower,Vegetable,3834,692.5,9,8,-1,18.9,5.0,74.4,29.1,7.28,75.0,critical,100.0,0.0,0.0,0.0
BATCH-PRX-01239,2025-05-13 00:00:00,Wholesaler Depot,Ginger,Spice,4447,820.7,19,20,1,24.8,12.0,65.6,127.53,45.4,64.4,critical,100.0,727.5,33028.5,1455.0
BATCH-PRX-00423,2025-05-14 00:00:00,Wholesaler Depot,Orange,Fruit,1288,671.5,6,14,8,12.1,6.0,83.9,59.39,53.87,9.3,low,29.4,373.2,20104.28,746.4
BATCH-PRX-00793,2025-05-14 00:00:00,Wholesaler Depot,Orange,Fruit,263,38.1,13,14,1,11.3,6.0,88.7,69.13,26.89,61.1,critical,96.2,33.0,887.37,66.0
BATCH-PRX-00953,2025-05-14 00:00:00,Farm Hub,Mango,Fruit,638,528.4,0,7,7,19.2,12.0,76.0,87.29,65.47,25.0,medium,48.7,343.5,22488.94,687.0
BATCH-PRX-00975,2025-05-14 00:00:00,Mandi Yard,Tomato,Vegetable,2493,2115.8,1,7,6,14.8,12.0,88.2,46.05,31.27,32.1,medium,20.0,1465.4,45823.06,2930.8
BATCH-PRX-01551,2025-05-14 00:00:00,Retail Supermarket,Apple,Fruit,2853,379.8,29,25,-4,10.9,2.0,65.9,164.58,41.15,75.0,critical,100.0,0.0,0.0,0.0
BATCH-PRX-00824,2025-05-15 00:00:00,Mandi Yard,Onion,Vegetable,231,36.1,35,30,-5,20.0,10.0,68.1,33.36,8.34,75.0,critical,100.0,0.0,0.0,0.0
BATCH-PRX-01380,2025-05-15 00:00:00,Wholesaler Depot,Turmeric,Spice,1900,770.2,59,120,61,27.4,20.0,89.2,170.9,157.23,8.0,low,34.4,422.1,66366.78,844.2
BATCH-PRX-00187,2025-05-16 00:00:00,Wholesaler Depot,Tomato,Vegetable,2347,1559.9,0,7,7,20.7,12.0,79.9,38.02,26.88,29.3,medium,54.7,1054.2,28336.9,2108.4
BATCH-PRX-00667,2025-05-16 00:00:00,Farm Hub,Apple,Fruit,411,229.1,10,25,15,15.1,2.0,71.6,156.97,145.51,7.3,low,57.2,124.6,18130.55,249.2
BATCH-PRX-00854,2025-05-16 00:00:00,Mandi Yard,Tomato,Vegetable,312,40.0,6,7,1,12.9,12.0,65.6,42.47,16.27,61.7,critical,75.0,34.8,566.2,69.6
BATCH-PRX-01181,2025-05-16 00:00:00,Wholesaler Depot,Garlic,Spice / Vegetable,2598,554.5,40,60,20,14.9,15.0,70.5,161.8,150.15,7.2,low,5.0,301.2,45225.18,602.4
BATCH-PRX-01413,2025-05-16 00:00:00,Retail Supermarket,Green Chilli,Spice / Vegetable,2555,1470.7,4,10,6,10.2,10.0,90.2,139.18,100.63,27.7,medium,20.0,979.8,98597.27,1959.6
BATCH-PRX-01445,2025-05-16 00:00:00,Farm Hub,Apple,Fruit,1599,842.5,7,25,18,8.2,2.0,75.3,161.0,144.26,10.4,low,29.8,473.8,68350.39,947.6
BATCH-PRX-00540,2025-05-17 00:00:00,Farm Hub,Wheat,Cereal,2147,662.7,96,180,84,33.0,22.0,83.2,32.53,30.22,7.1,low,48.9,359.6,10867.11,719.2
BATCH-PRX-01256,2025-05-17 00:00:00,Wholesaler Depot,Garlic,Spice / Vegetable,2741,978.7,31,60,29,20.3,15.0,67.1,194.35,176.28,9.3,low,26.1,544.0,95896.32,1088.0
BATCH-PRX-01396,2025-05-17 00:00:00,Farm Hub,Wheat,Cereal,3875,1843.5,44,180,136,24.0,22.0,77.6,34.81,30.28,13.0,low,5.0,1065.5,32263.34,2131.0
BATCH-PRX-01493,2025-05-17 00:00:00,Mandi Yard,Turmeric,Spice,1754,313.3,144,120,-24,32.2,20.0,78.9,148.64,37.16,75.0,critical,100.0,0.0,0.0,0.0
BATCH-PRX-00594,2025-05-18 00:00:00,Retail Supermarket,Wheat,Cereal,927,384.5,89,180,91,24.0,22.0,73.7,35.86,33.82,5.7,low,5.0,205.4,6946.63,410.8
BATCH-PRX-01410,2025-05-18 00:00:00,Retail Supermarket,Onion,Vegetable,1503,1041.8,5,30,25,16.0,10.0,67.5,35.49,31.44,11.4,low,28.8,592.2,18618.77,1184.4
BATCH-PRX-00789,2025-05-19 00:00:00,Retail Supermarket,Cabbage,Vegetable,3852,768.4,10,12,2,5.0,4.0,72.5,24.47,13.53,44.7,high,45.0,590.3,7986.76,1180.6
BATCH-PRX-00392,2025-05-20 00:00:00,Wholesaler Depot,Onion,Vegetable,1215,484.0,15,30,15,22.2,10.0,86.8,39.82,36.4,8.6,low,53.7,267.0,9718.8,534.0
BATCH-PRX-01019,2025-05-20 00:00:00,Mandi Yard,Green Chilli,Spice / Vegetable,4479,759.4,8,10,2,21.3,10.0,76.3,130.96,73.21,44.1,high,90.1,580.6,42505.73,1161.2
BATCH-PRX-01120,2025-05-20 00:00:00,Farm Hub,Ginger,Spice,4130,531.1,26,20,-6,13.5,12.0,65.3,108.82,27.2,75.0,critical,95.0,0.0,0.0,0.0
BATCH-PRX-01301,2025-05-20 00:00:00,Mandi Yard,Banana,Fruit,862,403.0,2,6,4,24.0,14.0,66.9,54.86,42.3,22.9,medium,60.0,256.9,10866.87,513.8
BATCH-PRX-00625,2025-05-21 00:00:00,Retail Supermarket,Potato,Vegetable,2620,383.5,42,35,-7,6.0,8.0,75.3,27.23,6.81,75.0,critical,95.0,0.0,0.0,0.0
BATCH-PRX-01319,2025-05-21 00:00:00,Retail Supermarket,Potato,Vegetable,4488,4392.7,0,35,35,13.4,8.0,65.9,29.26,23.23,20.6,low,26.5,2739.3,63633.94,5478.6
BATCH-PRX-01627,2025-05-21 00:00:00,Wholesaler Depot,Turmeric,Spice,1787,1019.0,22,120,98,28.7,20.0,68.1,157.84,143.32,9.2,low,39.8,565.7,81076.12,1131.4
BATCH-PRX-00763,2025-05-22 00:00:00,Retail Supermarket,Carrot,Vegetable,2259,647.1,10,15,5,3.3,4.0,66.5,49.21,37.4,24.0,medium,20.0,416.7,15584.58,833.4
BATCH-PRX-00810,2025-05-22 00:00:00,Mandi Yard,Cauliflower,Vegetable,2795,418.5,7,8,1,10.5,5.0,70.3,32.62,12.04,63.1,critical,96.9,367.7,4427.11,735.4
BATCH-PRX-00916,2025-05-22 00:00:00,Farm Hub,Wheat,Cereal,3673,671.5,161,180,19,22.5,22.0,82.5,37.84,35.12,7.2,low,5.0,364.8,12811.78,729.6
BATCH-PRX-01228,2025-05-22 00:00:00,Farm Hub,Tomato,Vegetable,760,110.9,9,7,-2,11.0,12.0,90.6,42.12,10.53,75.0,critical,95.0,0.0,0.0,0.0
BATCH-PRX-01381,2025-05-22 00:00:00,Retail Supermarket,Mango,Fruit,2846,432.6,7,7,0,19.5,12.0,70.3,88.64,22.16,75.0,critical,100.0,411.0,9107.76,822.0
BATCH-PRX-01737,2025-05-22 00:00:00,Mandi Yard,Tomato,Vegetable,1402,554.8,3,7,4,18.2,12.0,81.4,44.2,33.46,24.3,medium,44.7,358.3,11988.72,716.6
BATCH-PRX-01840,2025-05-22 00:00:00,Farm Hub,Onion,Vegetable,120,61.4,11,30,19,21.3,10.0,82.7,34.72,32.46,6.5,low,50.3,33.1,1074.43,66.2
BATCH-PRX-00422,2025-05-23 00:00:00,Retail Supermarket,Cauliflower,Vegetable,2794,343.2,10,8,-2,15.5,5.0,87.5,32.67,8.17,75.0,critical,100.0,0.0,0.0,0.0
BATCH-PRX-00884,2025-05-23 00:00:00,Mandi Yard,Banana,Fruit,573,186.2,4,6,2,20.9,14.0,72.1,56.37,32.81,41.8,high,72.5,139.8,4586.84,279.6
BATCH-PRX-00941,2025-05-23 00:00:00,Retail Supermarket,Mango,Fruit,3056,1869.5,2,7,5,16.3,12.0,69.7,92.87,63.43,31.7,medium,20.0,1290.3,81843.73,2580.6
BATCH-PRX-01830,2025-05-23 00:00:00,Retail Supermarket,Tomato,Vegetable,2872,486.8,8,7,-1,18.6,12.0,65.7,46.23,11.56,75.0,critical,100.0,0.0,0.0,0.0
BATCH-PRX-00395,2025-05-24 00:00:00,Farm Hub,Green Chilli,Spice / Vegetable,833,630.0,0,10,10,10.9,10.0,70.9,151.44,138.57,8.5,low,5.0,347.1,48097.65,694.2
BATCH-PRX-00435,2025-05-25 00:00:00,Retail Supermarket,Tomato,Vegetable,2767,818.1,4,7,3,13.7,12.0,67.5,46.35,25.21,45.6,high,45.0,632.9,15955.41,1265.8
BATCH-PRX-00881,2025-05-25 00:00:00,Retail Supermarket,Ginger,Spice,4067,1201.1,14,20,6,13.3,12.0,69.0,125.35,92.38,26.3,medium,20.0,790.1,72989.44,1580.2
BATCH-PRX-01352,2025-05-25 00:00:00,Retail Supermarket,Cabbage,Vegetable,352,263.3,2,12,10,7.9,4.0,66.5,21.84,20.27,7.2,low,5.0,143.0,2898.61,286.0
BATCH-PRX-01905,2025-05-25 00:00:00,Retail Supermarket,Green Chilli,Spice / Vegetable,3374,1199.9,6,10,4,15.4,10.0,71.2,136.83,100.84,26.3,medium,41.7,789.3,79593.01,1578.6
BATCH-PRX-00385,2025-05-26 00:00:00,Farm Hub,Cauliflower,Vegetable,1087,478.8,3,8,5,13.6,5.0,82.9,33.71,25.82,23.4,medium,54.3,306.6,7916.41,613.2
BATCH-PRX-00649,2025-05-26 00:00:00,Wholesaler Depot,Tomato,Vegetable,3458,598.5,9,7,-2,23.8,12.0,66.6,37.26,9.31,75.0,critical,100.0,0.0,0.0,0.0
BATCH-PRX-01087,2025-05-26 00:00:00,Farm Hub,Apple,Fruit,1643,314.7,31,25,-6,10.5,2.0,80.0,166.57,41.64,75.0,critical,100.0,0.0,0.0,0.0
BATCH-PRX-01329,2025-05-26 00:00:00,Wholesaler Depot,Apple,Fruit,3726,617.9,22,25,3,5.4,2.0,85.9,169.8,94.58,44.3,high,45.0,473.2,44755.26,946.4
BATCH-PRX-00214,2025-05-27 00:00:00,Mandi Yard,Rice,Cereal,2836,538.4,171,180,9,32.7,22.0,67.2,46.68,43.79,6.2,low,47.7,289.2,12664.07,578.4
BATCH-PRX-00735,2025-05-27 00:00:00,Mandi Yard,Rice,Cereal,4066,631.5,167,180,13,21.5,22.0,87.8,51.82,48.35,6.7,low,5.0,341.1,16492.19,682.2
BATCH-PRX-01481,2025-05-27 00:00:00,Retail Supermarket,Orange,Fruit,1298,193.4,14,14,0,9.8,6.0,86.7,60.45,15.11,75.0,critical,95.0,183.7,2775.71,367.4
BATCH-PRX-01556,2025-05-27 00:00:00,Mandi Yard,Banana,Fruit,3108,589.5,7,6,-1,20.3,14.0,79.5,54.9,13.72,75.0,critical,100.0,0.0,0.0,0.0
BATCH-PRX-00913,2025-05-28 00:00:00,Retail Supermarket,Green Chilli,Spice / Vegetable,1040,150.2,11,10,-1,14.3,10.0,83.6,147.23,36.81,75.0,critical,95.0,0.0,0.0,0.0
BATCH-PRX-01266,2025-05-28 00:00:00,Farm Hub,Apple,Fruit,1306,221.7,24,25,1,4.8,2.0,71.6,177.94,67.08,62.3,critical,75.0,193.7,12993.4,387.4
BATCH-PRX-00398,2025-05-29 00:00:00,Wholesaler Depot,Banana,Fruit,2726,1109.9,3,6,3,23.2,14.0,67.6,51.81,27.77,46.4,high,81.8,863.9,23990.5,1727.8
BATCH-PRX-01015,2025-05-29 00:00:00,Wholesaler Depot,Ginger,Spice,279,137.8,9,20,11,25.9,12.0,89.8,119.28,112.12,6.0,low,60.7,73.9,8285.67,147.8
BATCH-PRX-01269,2025-05-29 00:00:00,Farm Hub,Turmeric,Spice,1605,262.9,125,120,-5,23.5,20.0,68.6,168.72,42.18,75.0,critical,95.0,0.0,0.0,0.0
BATCH-PRX-01765,2025-05-29 00:00:00,Farm Hub,Wheat,Cereal,3390,2577.6,9,180,171,24.2,22.0,83.3,36.67,30.55,16.7,low,5.0,1547.1,47263.9,3094.2
BATCH-PRX-00970,2025-05-30 00:00:00,Retail Supermarket,Green Chilli,Spice / Vegetable,4041,1845.3,5,10,5,21.7,10.0,82.3,141.8,99.97,29.5,medium,66.7,1249.3,124892.52,2498.6
BATCH-PRX-01566,2025-05-30 00:00:00,Mandi Yard,Cabbage,Vegetable,3474,1970.2,1,12,11,5.3,4.0,89.7,25.25,21.26,15.8,low,5.0,1171.9,24914.59,2343.8
BATCH-PRX-01608,2025-05-30 00:00:00,Retail Supermarket,Potato,Vegetable,3088,1920.6,9,35,26,9.1,8.0,69.5,27.32,23.17,15.2,low,5.0,1135.5,26309.54,2271.0
BATCH-PRX-00320,2025-06-01 00:00:00,Wholesaler Depot,Apple,Fruit,3852,580.3,26,25,-1,6.6,2.0,91.2,162.84,40.71,75.0,critical,95.0,0.0,0.0,0.0
BATCH-PRX-00522,2025-06-01 00:00:00,Wholesaler Depot,Tomato,Vegetable,3005,863.2,4,7,3,20.3,12.0,70.8,45.26,24.53,45.8,high,78.3,668.8,16405.66,1337.6
BATCH-PRX-00564,2025-06-01 00:00:00,Mandi Yard,Apple,Fruit,2885,567.9,19,25,6,3.2,2.0,68.8,163.43,124.21,24.0,medium,20.0,365.7,45423.6,731.4
BATCH-PRX-01112,2025-06-01 00:00:00,Farm Hub,Turmeric,Spice,3741,569.5,101,120,19,21.1,20.0,81.3,145.42,135.39,6.9,low,5.0,308.3,41740.74,616.6
BATCH-PRX-01222,2025-06-01 00:00:00,Retail Supermarket,Ginger,Spice,2978,1719.8,5,20,15,17.0,12.0,85.6,112.78,97.1,13.9,low,25.0,1003.3,97420.43,2006.6
BATCH-PRX-01642,2025-06-01 00:00:00,Mandi Yard,Onion,Vegetable,2158,366.7,24,30,6,15.7,10.0,90.3,33.61,25.88,23.0,medium,42.8,234.0,6055.92,468.0
BATCH-PRX-00139,2025-06-02 00:00:00,Retail Supermarket,Orange,Fruit,1531,1076.9,0,14,14,12.9,6.0,89.9,63.65,56.46,11.3,low,32.8,611.5,34525.29,1223.0
BATCH-PRX-01007,2025-06-02 00:00:00,Wholesaler Depot,Green Chilli,Spice / Vegetable,2646,1869.7,0,10,10,10.2,10.0,89.9,148.46,126.78,14.6,low,5.0,1098.6,139280.51,2197.2
BATCH-PRX-01535,2025-06-02 00:00:00,Retail Supermarket,Apple,Fruit,4413,847.4,31,25,-6,6.5,2.0,79.4,184.85,46.21,75.0,critical,95.0,0.0,0.0,0.0
BATCH-PRX-00510,2025-06-03 00:00:00,Retail Supermarket,Mango,Fruit,3415,644.8,7,7,0,17.1,12.0,78.0,103.73,25.93,75.0,critical,100.0,612.6,15884.72,1225.2
BATCH-PRX-01619,2025-06-03 00:00:00,Wholesaler Depot,Orange,Fruit,676,313.9,6,14,8,13.2,6.0,84.5,56.8,52.54,7.5,low,33.9,171.1,8989.59,342.2
BATCH-PRX-01949,2025-06-03 00:00:00,Wholesaler Depot,Orange,Fruit,3887,708.7,11,14,3,14.7,6.0,81.8,65.31,36.31,44.4,high,79.9,543.1,19719.96,1086.2
BATCH-PRX-00950,2025-06-04 00:00:00,Mandi Yard,Rice,Cereal,612,105.2,134,180,46,33.9,22.0,81.1,50.8,48.77,4.0,low,52.6,55.1,2687.23,110.2
BATCH-PRX-01157,2025-06-04 00:00:00,Wholesaler Depot,Garlic,Spice / Vegetable,1021,877.2,8,60,52,23.5,15.0,84.3,171.1,156.04,8.8,low,39.0,484.9,75663.8,969.8
BATCH-PRX-01273,2025-06-04 00:00:00,Farm Hub,Onion,Vegetable,1290,219.8,34,30,-4,8.4,10.0,66.4,35.83,8.96,75.0,critical,95.0,0.0,0.0,0.0
BATCH-PRX-01738,2025-06-04 00:00:00,Mandi Yard,Wheat,Cereal,731,154.5,130,180,50,29.5,22.0,79.8,37.96,36.21,4.6,low,34.9,81.5,2951.12,163.0
BATCH-PRX-01882,2025-06-04 00:00:00,Mandi Yard,Cabbage,Vegetable,3746,568.4,12,12,0,8.4,4.0,65.6,21.44,5.36,75.0,critical,95.0,540.0,2894.4,1080.0
BATCH-PRX-01891,2025-06-04 00:00:00,Wholesaler Depot,Garlic,Spice / Vegetable,1984,494.5,42,60,18,26.4,15.0,84.1,177.76,165.49,6.9,low,50.6,267.7,44301.67,535.4
BATCH-PRX-00029,2025-06-05 00:00:00,Wholesaler Depot,Cauliflower,Vegetable,4465,1115.0,5,8,3,11.7,5.0,80.2,29.52,15.76,46.6,high,71.8,869.3,13700.17,1738.6
BATCH-PRX-00590,2025-06-05 00:00:00,Wholesaler Depot,Banana,Fruit,1852,857.1,3,6,3,19.4,14.0,79.7,51.29,28.11,45.2,high,66.7,661.0,18580.71,1322.0
BATCH-PRX-01768,2025-06-05 00:00:00,Retail Supermarket,Onion,Vegetable,3594,534.3,24,30,6,23.6,10.0,68.0,33.25,25.3,23.9,medium,74.3,343.8,8698.14,687.6
BATCH-PRX-00108,2025-06-06 00:00:00,Wholesaler Depot,Wheat,Cereal,1004,134.1,144,180,36,29.1,22.0,71.6,31.25,29.84,4.5,low,33.3,70.7,2109.69,141.4
BATCH-PRX-00151,2025-06-06 00:00:00,Wholesaler Depot,Green Chilli,Spice / Vegetable,2639,975.1,5,10,5,15.5,10.0,86.8,157.57,117.86,25.2,medium,42.1,635.0,74841.1,1270.0
BATCH-PRX-00238,2025-06-06 00:00:00,Farm Hub,Rice,Cereal,374,67.3,172,180,8,24.6,22.0,78.9,54.21,52.15,3.8,low,5.0,35.2,1835.68,70.4
BATCH-PRX-01875,2025-06-06 00:00:00,Farm Hub,Wheat,Cereal,953,140.9,231,180,-51,25.8,22.0,74.2,31.88,8.13,74.5,critical,95.0,0.0,0.0,0.0
BATCH-PRX-00415,2025-06-07 00:00:00,Mandi Yard,Potato,Vegetable,375,159.6,18,35,17,11.5,8.0,89.8,26.67,24.96,6.4,low,5.0,85.9,2144.06,171.8
BATCH-PRX-00534,2025-06-07 00:00:00,Farm Hub,Green Chilli,Spice / Vegetable,3268,481.7,13,10,-3,22.3,10.0,72.1,139.17,34.79,75.0,critical,100.0,0.0,0.0,0.0
BATCH-PRX-01847,2025-06-07 00:00:00,Wholesaler Depot,Cabbage,Vegetable,2763,1877.9,1,12,11,17.6,4.0,89.8,24.63,20.86,15.3,low,59.5,1111.3,23181.72,2222.6
BATCH-PRX-00075,2025-06-08 00:00:00,Wholesaler Depot,Orange,Fruit,686,116.0,11,14,3,18.2,6.0,85.1,61.88,36.2,41.5,high,93.9,86.9,3145.78,173.8
BATCH-PRX-00487,2025-06-08 00:00:00,Retail Supermarket,Cauliflower,Vegetable,2017,484.6,5,8,3,4.2,5.0,65.9,29.82,16.85,43.5,high,45.0,368.8,6214.28,737.6
BATCH-PRX-00994,2025-06-08 00:00:00,Mandi Yard,Rice,Cereal,2459,467.8,227,180,-47,30.4,22.0,92.0,48.49,12.12,75.0,critical,100.0,0.0,0.0,0.0
BATCH-PRX-01780,2025-06-08 00:00:00,Retail Supermarket,Mango,Fruit,1445,182.3,7,7,0,17.8,12.0,68.7,96.87,24.22,75.0,critical,100.0,173.2,4194.9,346.4
BATCH-PRX-01298,2025-06-09 00:00:00,Retail Supermarket,Cauliflower,Vegetable,731,178.0,6,8,2,17.7,5.0,68.4,34.46,20.02,41.9,high,95.8,133.7,2676.67,267.4
BATCH-PRX-01494,2025-06-09 00:00:00,Farm Hub,Tomato,Vegetable,345,155.3,2,7,5,23.2,12.0,90.2,44.95,34.93,22.3,medium,64.7,98.4,3437.11,196.8
BATCH-PRX-01729,2025-06-09 00:00:00,Mandi Yard,Garlic,Spice / Vegetable,1136,291.2,40,60,20,19.4,15.0,91.3,198.81,187.08,5.9,low,5.0,155.9,29165.77,311.8
BATCH-PRX-00050,2025-06-10 00:00:00,Farm Hub,Mango,Fruit,2296,420.6,8,7,-1,16.7,12.0,90.9,93.97,23.49,75.0,critical,95.0,0.0,0.0,0.0
BATCH-PRX-00506,2025-06-10 00:00:00,Retail Supermarket,Apple,Fruit,1931,935.8,6,25,19,4.2,2.0,80.8,182.59,162.69,10.9,low,5.0,529.1,86079.28,1058.2
BATCH-PRX-00614,2025-06-10 00:00:00,Farm Hub,Mango,Fruit,1433,747.5,2,7,5,19.4,12.0,90.7,87.76,64.85,26.1,medium,49.8,490.8,31828.38,981.6
BATCH-PRX-00894,2025-06-10 00:00:00,Farm Hub,Ginger,Spice,1272,680.3,9,20,11,15.3,12.0,78.3,122.17,111.54,8.7,low,5.0,375.7,41905.58,751.4
BATCH-PRX-01950,2025-06-10 00:00:00,Farm Hub,Banana,Fruit,303,94.6,4,6,2,12.9,14.0,77.7,55.81,32.7,41.4,high,45.0,70.8,2315.16,141.6
BATCH-PRX-01964,2025-06-10 00:00:00,Wholesaler Depot,Apple,Fruit,2167,287.7,31,25,-6,13.0,2.0,77.7,195.59,48.9,75.0,critical,100.0,0.0,0.0,0.0
BATCH-PRX-00062,2025-06-11 00:00:00,Farm Hub,Cauliflower,Vegetable,811,658.3,0,8,8,13.3,5.0,82.2,34.22,31.04,9.3,low,38.3,365.9,11357.54,731.8
BATCH-PRX-00246,2025-06-11 00:00:00,Retail Supermarket,Mango,Fruit,1752,810.0,3,7,4,17.8,12.0,74.0,100.22,73.66,26.5,medium,43.2,533.8,39319.71,1067.6
BATCH-PRX-00438,2025-06-11 00:00:00,Farm Hub,Apple,Fruit,2765,494.0,29,25,-4,14.9,2.0,68.6,176.05,44.01,75.0,critical,100.0,0.0,0.0,0.0
BATCH-PRX-00726,2025-06-11 00:00:00,Mandi Yard,Rice,Cereal,2050,1007.4,88,180,92,23.5,22.0,80.1,53.41,48.87,8.5,low,5.0,555.1,27127.74,1110.2
BATCH-PRX-01557,2025-06-11 00:00:00,Wholesaler Depot,Rice,Cereal,1604,633.4,69,180,111,31.8,22.0,66.1,51.55,48.1,6.7,low,44.1,342.2,16459.82,684.4
BATCH-PRX-00709,2025-06-13 00:00:00,Wholesaler Depot,Ginger,Spice,2500,1441.9,1,20,19,10.3,12.0,66.6,132.33,115.79,12.5,low,5.0,829.1,96001.49,1658.2
BATCH-PRX-01104,2025-06-13 00:00:00,Mandi Yard,Cabbage,Vegetable,3788,946.6,9,12,3,10.9,4.0,91.4,21.13,11.49,45.6,high,72.7,732.3,8414.13,1464.6
BATCH-PRX-00065,2025-06-14 00:00:00,Retail Supermarket,Rice,Cereal,383,91.3,137,180,43,20.7,22.0,75.6,56.05,53.81,4.0,low,5.0,47.8,2572.12,95.6
BATCH-PRX-00126,2025-06-14 00:00:00,Wholesaler Depot,Cauliflower,Vegetable,2894,569.4,9,8,-1,10.6,5.0,68.3,28.48,7.12,75.0,critical,100.0,0.0,0.0,0.0
BATCH-PRX-00237,2025-06-15 00:00:00,Farm Hub,Turmeric,Spice,4103,1721.6,58,120,62,31.1,20.0,89.8,158.51,138.38,12.7,low,49.4,992.0,137272.96,1984.0
BATCH-PRX-00370,2025-06-15 00:00:00,Mandi Yard,Wheat,Cereal,819,409.2,64,180,116,31.1,22.0,71.5,37.2,35.04,5.8,low,41.4,218.8,7666.75,437.6
BATCH-PRX-00718,2025-06-15 00:00:00,Mandi Yard,Banana,Fruit,1953,305.9,7,6,-1,13.2,14.0,73.7,56.6,14.15,75.0,critical,95.0,0.0,0.0,0.0
BATCH-PRX-01571,2025-06-15 00:00:00,Mandi Yard,Green Chilli,Spice / Vegetable,1071,195.8,13,10,-3,9.3,10.0,76.9,136.42,34.1,75.0,critical,95.0,0.0,0.0,0.0
BATCH-PRX-01668,2025-06-15 00:00:00,Farm Hub,Orange,Fruit,4067,572.1,17,14,-3,11.0,6.0,69.9,57.47,14.37,75.0,critical,100.0,0.0,0.0,0.0
BATCH-PRX-01859,2025-06-15 00:00:00,Retail Supermarket,Apple,Fruit,2228,956.4,14,25,11,13.4,2.0,83.2,187.89,167.22,11.0,low,50.7,541.3,90516.19,1082.6
BATCH-PRX-01349,2025-06-16 00:00:00,Retail Supermarket,Banana,Fruit,2158,425.6,7,6,-1,27.0,14.0,68.7,60.32,15.08,75.0,critical,100.0,0.0,0.0,0.0
BATCH-PRX-01881,2025-06-17 00:00:00,Farm Hub,Mango,Fruit,1053,942.6,0,7,7,17.9,12.0,87.1,101.39,73.91,27.1,medium,43.4,624.6,46164.19,1249.2
BATCH-PRX-00643,2025-06-18 00:00:00,Farm Hub,Ginger,Spice,4051,657.1,17,20,3,21.1,12.0,74.0,111.3,62.77,43.6,high,81.2,500.4,31410.11,1000.8
BATCH-PRX-00646,2025-06-18 00:00:00,Wholesaler Depot,Onion,Vegetable,1071,562.6,14,30,16,21.1,10.0,77.5,38.71,35.23,9.0,low,49.5,311.7,10981.19,623.4
BATCH-PRX-01845,2025-06-18 00:00:00,Wholesaler Depot,Onion,Vegetable,698,103.6,29,30,1,18.5,10.0,65.8,40.2,15.4,61.7,critical,100.0,90.2,1389.08,180.4
BATCH-PRX-00323,2025-06-19 00:00:00,Retail Supermarket,Mango,Fruit,2466,919.3,3,7,4,12.0,12.0,90.7,102.39,74.74,27.0,medium,20.0,608.6,45486.76,1217.2
BATCH-PRX-00559,2025-06-19 00:00:00,Wholesaler Depot,Turmeric,Spice,2871,421.1,132,120,-12,19.3,20.0,71.4,144.25,36.06,75.0,critical,95.0,0.0,0.0,0.0
BATCH-PRX-00816,2025-06-19 00:00:00,Farm Hub,Wheat,Cereal,2599,600.6,120,180,60,23.7,22.0,72.9,36.18,33.72,6.8,low,5.0,324.8,10952.26,649.6
BATCH-PRX-01314,2025-06-19 00:00:00,Retail Supermarket,Orange,Fruit,1829,817.7,6,14,8,12.3,6.0,74.3,66.34,59.71,10.0,low,30.3,457.9,27341.21,915.8
BATCH-PRX-01496,2025-06-19 00:00:00,Retail Supermarket,Turmeric,Spice,4226,633.5,134,120,-14,26.4,20.0,87.2,156.06,39.02,75.0,critical,100.0,0.0,0.0,0.0
BATCH-PRX-00097,2025-06-20 00:00:00,Retail Supermarket,Tomato,Vegetable,1924,707.9,3,7,4,15.3,12.0,72.2,44.8,33.6,25.0,medium,20.0,460.1,15459.36,920.2
BATCH-PRX-00119,2025-06-20 00:00:00,Wholesaler Depot,Banana,Fruit,1978,1327.9,1,6,5,16.3,14.0,79.4,60.36,43.76,27.5,medium,20.0,883.1,38644.46,1766.2
BATCH-PRX-00314,2025-06-20 00:00:00,Farm Hub,Banana,Fruit,2374,570.3,4,6,2,19.6,14.0,68.5,56.86,31.96,43.8,high,67.2,435.0,13902.6,870.0
BATCH-PRX-00368,2025-06-20 00:00:00,Mandi Yard,Ginger,Spice,509,445.6,1,20,19,24.7,12.0,68.6,132.8,122.84,7.5,low,55.7,242.9,29837.84,485.8
BATCH-PRX-00489,2025-06-20 00:00:00,Wholesaler Depot,Ginger,Spice,2056,313.3,24,20,-4,20.9,12.0,78.0,128.06,32.02,75.0,critical,100.0,0.0,0.0,0.0
BATCH-PRX-00888,2025-06-20 00:00:00,Wholesaler Depot,Apple,Fruit,2709,1146.5,10,25,15,8.8,2.0,79.7,161.04,141.88,11.9,low,32.3,655.1,92945.59,1310.2
BATCH-PRX-01911,2025-06-20 00:00:00,Farm Hub,Cabbage,Vegetable,2184,297.3,10,12,2,2.4,4.0,71.6,21.23,12.23,42.4,high,45.0,224.3,2743.19,448.6
BATCH-PRX-01919,2025-06-20 00:00:00,Mandi Yard,Orange,Fruit,3307,434.0,12,14,2,11.9,6.0,88.8,55.5,31.58,43.1,high,68.7,329.2,10396.14,658.4
BATCH-PRX-01231,2025-06-21 00:00:00,Wholesaler Depot,Garlic,Spice / Vegetable,3377,1930.5,3,60,57,27.7,15.0,83.4,201.82,173.36,14.1,low,55.7,1128.6,195654.1,2257.2
BATCH-PRX-01720,2025-06-21 00:00:00,Wholesaler Depot,Turmeric,Spice,1586,310.7,110,120,10,26.2,20.0,86.1,154.49,145.68,5.7,low,29.6,166.0,24182.88,332.0
BATCH-PRX-01928,2025-06-21 00:00:00,Mandi Yard,Potato,Vegetable,3146,2650.2,0,35,35,20.3,8.0,77.4,29.17,23.66,18.9,low,54.1,1625.6,38461.7,3251.2
BATCH-PRX-00697,2025-06-22 00:00:00,Mandi Yard,Green Chilli,Spice / Vegetable,258,45.1,10,10,0,13.2,10.0,84.8,142.34,35.59,75.0,critical,95.0,42.8,1523.25,85.6
BATCH-PRX-01402,2025-06-22 00:00:00,Farm Hub,Cauliflower,Vegetable,2569,393.5,8,8,0,8.1,5.0,80.0,32.97,8.24,75.0,critical,95.0,373.8,3080.11,747.6
BATCH-PRX-01417,2025-06-22 00:00:00,Retail Supermarket,Turmeric,Spice,1125,198.2,115,120,5,22.6,20.0,70.4,158.81,126.89,20.1,medium,20.0,123.0,15607.47,246.0
BATCH-PRX-01048,2025-06-23 00:00:00,Farm Hub,Mango,Fruit,3263,554.8,7,7,0,20.6,12.0,79.3,97.52,24.38,75.0,critical,100.0,527.1,12850.7,1054.2
BATCH-PRX-01155,2025-06-23 00:00:00,Farm Hub,Potato,Vegetable,964,160.1,43,35,-8,15.3,8.0,83.0,27.64,6.91,75.0,critical,100.0,0.0,0.0,0.0
BATCH-PRX-01200,2025-06-23 00:00:00,Farm Hub,Tomato,Vegetable,4293,532.9,8,7,-1,10.7,12.0,91.7,41.21,10.3,75.0,critical,95.0,0.0,0.0,0.0
BATCH-PRX-01530,2025-06-23 00:00:00,Farm Hub,Banana,Fruit,351,44.9,5,6,1,25.9,14.0,76.2,58.4,22.72,61.1,critical,100.0,38.9,883.81,77.8
BATCH-PRX-01570,2025-06-23 00:00:00,Farm Hub,Potato,Vegetable,2636,352.0,30,35,5,19.1,8.0,89.2,26.64,20.67,22.4,medium,64.4,223.3,4615.61,446.6
BATCH-PRX-01748,2025-06-23 00:00:00,Wholesaler Depot,Green Chilli,Spice / Vegetable,2369,1929.4,0,10,10,16.3,10.0,88.7,130.77,111.29,14.9,low,30.1,1137.2,126558.99,2274.4
BATCH-PRX-01168,2025-06-24 00:00:00,Wholesaler Depot,Potato,Vegetable,3124,523.8,28,35,7,7.2,8.0,84.8,29.2,22.43,23.2,medium,20.0,334.8,7509.56,669.6
BATCH-PRX-01550,2025-06-24 00:00:00,Farm Hub,Green Chilli,Spice / Vegetable,2889,671.8,7,10,3,20.6,10.0,79.4,146.37,82.41,43.7,high,87.5,512.0,42193.92,1024.0
BATCH-PRX-01652,2025-06-24 00:00:00,Retail Supermarket,Ginger,Spice,2298,833.0,9,20,11,18.6,12.0,89.6,132.61,120.01,9.5,low,31.6,464.0,55684.64,928.0
BATCH-PRX-00157,2025-06-25 00:00:00,Retail Supermarket,Garlic,Spice / Vegetable,1724,1394.5,3,60,57,16.3,15.0,76.3,173.19,153.45,11.4,low,5.0,792.6,121624.47,1585.2
BATCH-PRX-01971,2025-06-25 00:00:00,Retail Supermarket,Green Chilli,Spice / Vegetable,2375,934.6,6,10,4,16.8,10.0,85.6,137.9,103.43,25.0,medium,47.4,607.5,62833.73,1215.0
BATCH-PRX-01235,2025-06-26 00:00:00,Farm Hub,Green Chilli,Spice / Vegetable,2842,398.6,12,10,-2,23.4,10.0,71.4,153.53,38.38,75.0,critical,100.0,0.0,0.0,0.0
BATCH-PRX-01439,2025-06-26 00:00:00,Farm Hub,Cabbage,Vegetable,403,271.3,2,12,10,6.1,4.0,86.3,22.16,20.54,7.3,low,5.0,147.5,3029.65,295.0
BATCH-PRX-00880,2025-06-27 00:00:00,Mandi Yard,Orange,Fruit,503,76.0,18,14,-4,7.7,6.0,91.1,61.25,15.31,75.0,critical,95.0,0.0,0.0,0.0
BATCH-PRX-00935,2025-06-27 00:00:00,Retail Supermarket,Tomato,Vegetable,425,82.4,5,7,2,15.0,12.0,78.4,45.23,26.28,41.9,high,45.0,61.9,1626.73,123.8
BATCH-PRX-01512,2025-06-27 00:00:00,Retail Supermarket,Apple,Fruit,904,365.6,12,25,13,10.1,2.0,78.6,156.13,143.64,8.0,low,37.3,200.3,28771.09,400.6
BATCH-PRX-00160,2025-06-28 00:00:00,Retail Supermarket,Turmeric,Spice,2499,311.4,141,120,-21,19.9,20.0,90.4,175.93,43.98,75.0,critical,95.0,0.0,0.0,0.0
BATCH-PRX-00694,2025-06-28 00:00:00,Farm Hub,Mango,Fruit,2872,2562.7,0,7,7,17.7,12.0,84.9,98.52,63.84,35.2,medium,42.7,1822.6,116354.78,3645.2
BATCH-PRX-01805,2025-06-28 00:00:00,Wholesaler Depot,Wheat,Cereal,3618,692.8,209,180,-29,29.3,22.0,72.8,30.63,7.66,75.0,critical,100.0,0.0,0.0,0.0
BATCH-PRX-01004,2025-06-29 00:00:00,Wholesaler Depot,Rice,Cereal,4487,778.8,211,180,-31,23.5,22.0,89.7,51.84,12.96,75.0,critical,95.0,0.0,0.0,0.0
BATCH-PRX-00230,2025-06-30 00:00:00,Retail Supermarket,Wheat,Cereal,2236,1118.0,54,180,126,25.4,22.0,90.0,32.2,29.17,9.4,low,5.0,622.1,18146.66,1244.2
BATCH-PRX-00759,2025-06-30 00:00:00,Retail Supermarket,Mango,Fruit,1903,231.8,9,7,-2,22.5,12.0,73.7,99.48,24.87,75.0,critical,100.0,0.0,0.0,0.0
BATCH-PRX-01482,2025-06-30 00:00:00,Farm Hub,Garlic,Spice / Vegetable,2037,798.0,25,60,35,27.1,15.0,88.3,177.98,163.03,8.4,low,53.6,439.2,71602.78,878.4
BATCH-PRX-00537,2025-07-01 00:00:00,Wholesaler Depot,Onion,Vegetable,130,49.6,15,30,15,18.1,10.0,67.3,40.32,37.74,6.4,low,37.2,26.7,1007.66,53.4
BATCH-PRX-00876,2025-07-01 00:00:00,Farm Hub,Apple,Fruit,746,226.3,13,25,12,1.5,2.0,70.2,155.6,144.24,7.3,low,5.0,123.1,17755.94,246.2
BATCH-PRX-00966,2025-07-01 00:00:00,Farm Hub,Mango,Fruit,4095,768.1,5,7,2,10.1,12.0,68.5,93.99,50.57,46.2,high,45.0,597.0,30190.29,1194.0
BATCH-PRX-01094,2025-07-01 00:00:00,Farm Hub,Cabbage,Vegetable,2369,431.7,10,12,2,13.5,4.0,84.5,24.98,14.21,43.1,high,83.0,327.5,4653.78,655.0
BATCH-PRX-01421,2025-07-01 00:00:00,Farm Hub,Potato,Vegetable,1552,1353.9,3,35,32,19.8,8.0,76.2,30.45,26.67,12.4,low,52.3,777.7,20741.26,1555.4
BATCH-PRX-01061,2025-07-02 00:00:00,Farm Hub,Tomato,Vegetable,2048,1392.1,2,7,5,17.5,12.0,82.5,45.43,32.48,28.5,medium,42.1,934.1,30339.57,1868.2
BATCH-PRX-00129,2025-07-03 00:00:00,Retail Supermarket,Onion,Vegetable,2983,1226.0,15,30,15,15.2,10.0,69.7,37.86,33.2,12.3,low,25.7,703.5,23356.2,1407.0
BATCH-PRX-00885,2025-07-03 00:00:00,Wholesaler Depot,Cauliflower,Vegetable,1610,1219.2,0,8,8,12.4,5.0,83.5,29.93,26.31,12.1,low,34.6,698.1,18367.01,1396.2
BATCH-PRX-01355,2025-07-03 00:00:00,Farm Hub,Turmeric,Spice,3933,2218.7,37,120,83,28.7,20.0,85.1,149.7,126.95,15.2,low,39.6,1311.7,166520.32,2623.4
BATCH-PRX-01852,2025-07-03 00:00:00,Retail Supermarket,Carrot,Vegetable,465,155.3,7,15,8,12.4,4.0,85.7,50.15,46.89,6.5,low,38.5,83.7,3924.69,167.4
BATCH-PRX-00060,2025-07-04 00:00:00,Retail Supermarket,Potato,Vegetable,2221,280.9,42,35,-7,10.6,8.0,67.4,26.67,6.67,75.0,critical,95.0,0.0,0.0,0.0
BATCH-PRX-01589,2025-07-04 00:00:00,Retail Supermarket,Banana,Fruit,1468,1006.8,1,6,5,13.0,14.0,76.1,57.67,42.73,25.9,medium,20.0,659.9,28197.53,1319.8
BATCH-PRX-01811,2025-07-04 00:00:00,Mandi Yard,Wheat,Cereal,3847,626.6,224,180,-44,25.8,22.0,77.0,33.34,8.34,75.0,critical,95.0,0.0,0.0,0.0
BATCH-PRX-00630,2025-07-05 00:00:00,Wholesaler Depot,Tomato,Vegetable,1449,195.3,8,7,-1,20.3,12.0,67.9,39.53,9.88,75.0,critical,100.0,0.0,0.0,0.0
BATCH-PRX-01372,2025-07-05 00:00:00,Mandi Yard,Tomato,Vegetable,3170,1997.8,2,7,5,20.1,12.0,80.5,40.3,27.61,31.5,medium,52.2,1376.5,38005.17,2753.0
BATCH-PRX-00243,2025-07-06 00:00:00,Mandi Yard,Potato,Vegetable,4148,1190.3,23,35,12,6.6,8.0,85.2,27.96,24.72,11.6,low,5.0,678.0,16760.16,1356.0
BATCH-PRX-00671,2025-07-06 00:00:00,Wholesaler Depot,Orange,Fruit,3470,2098.4,2,14,12,13.4,6.0,88.3,60.57,50.64,16.4,low,34.8,1255.7,63588.65,2511.4
BATCH-PRX-01136,2025-07-06 00:00:00,Mandi Yard,Green Chilli,Spice / Vegetable,3240,668.1,7,10,3,15.9,10.0,85.3,153.78,86.73,43.6,high,68.5,508.8,44128.22,1017.6
BATCH-PRX-01599,2025-07-06 00:00:00,Retail Supermarket,Orange,Fruit,2429,1233.1,5,14,9,13.8,6.0,85.7,60.41,53.1,12.1,low,36.0,706.1,37493.91,1412.2
BATCH-PRX-01778,2025-07-06 00:00:00,Farm Hub,Tomato,Vegetable,741,617.0,1,7,6,14.4,12.0,70.3,38.38,28.94,24.6,medium,20.0,399.6,11564.42,799.2
BATCH-PRX-01903,2025-07-06 00:00:00,Mandi Yard,Banana,Fruit,212,172.8,0,6,6,26.6,14.0,76.0,55.9,43.71,21.8,medium,70.5,109.0,4764.39,218.0
BATCH-PRX-00404,2025-07-07 00:00:00,Wholesaler Depot,Orange,Fruit,838,539.4,2,14,12,9.9,6.0,69.0,66.67,60.94,8.6,low,5.0,297.5,18129.65,595.0
BATCH-PRX-01272,2025-07-07 00:00:00,Mandi Yard,Turmeric,Spice,3128,469.5,114,120,6,30.8,20.0,68.1,165.2,129.85,21.4,medium,63.2,295.0,38305.75,590.0
BATCH-PRX-01967,2025-07-07 00:00:00,Mandi Yard,Onion,Vegetable,3245,681.0,22,30,8,11.3,10.0,89.1,35.41,32.01,9.6,low,5.0,379.7,12154.2,759.4
BATCH-PRX-00012,2025-07-08 00:00:00,Mandi Yard,Orange,Fruit,2331,1122.9,7,14,7,11.7,6.0,79.8,67.15,49.36,26.5,medium,42.9,740.0,36526.4,1480.0
BATCH-PRX-00308,2025-07-08 00:00:00,Farm Hub,Cabbage,Vegetable,1743,270.9,12,12,0,13.5,4.0,76.4,25.64,6.41,75.0,critical,100.0,257.4,1649.93,514.8
BATCH-PRX-00588,2025-07-08 00:00:00,Retail Supermarket,Cabbage,Vegetable,2970,636.3,9,12,3,9.6,4.0,78.6,25.88,14.47,44.1,high,67.4,486.5,7039.66,973.0
BATCH-PRX-00706,2025-07-08 00:00:00,Retail Supermarket,Banana,Fruit,2871,1255.8,2,6,4,20.2,14.0,67.7,59.99,43.67,27.2,medium,44.9,832.8,36368.38,1665.6
BATCH-PRX-00822,2025-07-08 00:00:00,Mandi Yard,Green Chilli,Spice / Vegetable,1095,155.3,8,10,2,22.5,10.0,77.0,156.48,92.17,41.1,high,94.8,115.9,10682.5,231.8
BATCH-PRX-00905,2025-07-08 00:00:00,Farm Hub,Cauliflower,Vegetable,1269,293.7,5,8,3,11.2,5.0,74.5,28.42,16.34,42.5,high,69.9,221.7,3622.58,443.4
BATCH-PRX-01397,2025-07-08 00:00:00,Mandi Yard,Onion,Vegetable,2343,330.4,37,30,-7,15.9,10.0,82.6,35.8,8.95,75.0,critical,100.0,0.0,0.0,0.0
BATCH-PRX-00772,2025-07-09 00:00:00,Farm Hub,Ginger,Spice,3090,614.9,25,20,-5,15.1,12.0,92.0,133.09,33.27,75.0,critical,95.0,0.0,0.0,0.0
BATCH-PRX-00039,2025-07-10 00:00:00,Farm Hub,Carrot,Vegetable,4199,1824.3,8,15,7,9.0,4.0,79.0,43.88,30.76,29.9,medium,20.0,1239.4,38123.94,2478.8
BATCH-PRX-00047,2025-07-10 00:00:00,Retail Supermarket,Tomato,Vegetable,3139,1200.6,4,7,3,15.0,12.0,71.7,41.86,21.98,47.5,high,45.0,942.5,20716.15,1885.0
BATCH-PRX-00181,2025-07-10 00:00:00,Mandi Yard,Ginger,Spice,4327,3183.3,3,20,17,24.9,12.0,84.2,115.49,92.05,20.3,low,56.6,1979.4,182203.77,3958.8
BATCH-PRX-01233,2025-07-10 00:00:00,Mandi Yard,Turmeric,Spice,2973,1936.3,31,120,89,19.6,20.0,86.6,177.84,153.3,13.8,low,5.0,1128.5,172999.05,2257.0
BATCH-PRX-00051,2025-07-11 00:00:00,Wholesaler Depot,Cabbage,Vegetable,2109,1248.0,2,12,10,17.1,4.0,89.2,24.97,21.95,12.1,low,57.4,714.6,15685.47,1429.2
BATCH-PRX-00045,2025-07-12 00:00:00,Wholesaler Depot,Mango,Fruit,1923,697.6,4,7,3,15.0,12.0,79.5,94.13,50.92,45.9,high,45.0,540.9,27542.63,1081.8
BATCH-PRX-00074,2025-07-12 00:00:00,Farm Hub,Potato,Vegetable,1283,215.4,33,35,2,7.4,8.0,74.9,28.31,16.5,41.7,high,45.0,161.6,2666.4,323.2
BATCH-PRX-01283,2025-07-12 00:00:00,Wholesaler Depot,Tomato,Vegetable,4194,539.6,9,7,-2,17.8,12.0,66.1,43.48,10.87,75.0,critical,100.0,0.0,0.0,0.0
BATCH-PRX-00711,2025-07-13 00:00:00,Retail Supermarket,Wheat,Cereal,3005,857.6,99,180,81,24.3,22.0,65.4,37.63,34.58,8.1,low,5.0,470.5,16269.89,941.0
BATCH-PRX-00771,2025-07-13 00:00:00,Retail Supermarket,Carrot,Vegetable,537,71.8,16,15,-1,2.1,4.0,90.3,46.02,11.51,75.0,critical,95.0,0.0,0.0,0.0
BATCH-PRX-01077,2025-07-13 00:00:00,Mandi Yard,Ginger,Spice,2494,353.4,22,20,-2,12.7,12.0,78.3,106.87,26.72,75.0,critical,95.0,0.0,0.0,0.0
BATCH-PRX-01312,2025-07-13 00:00:00,Wholesaler Depot,Onion,Vegetable,279,193.8,2,30,28,13.8,10.0,76.1,39.87,37.0,7.2,low,5.0,105.3,3896.1,210.6
BATCH-PRX-01344,2025-07-13 00:00:00,Farm Hub,Tomato,Vegetable,3274,570.0,8,7,-1,16.8,12.0,84.9,38.83,9.71,75.0,critical,95.0,0.0,0.0,0.0
BATCH-PRX-00221,2025-07-14 00:00:00,Mandi Yard,Banana,Fruit,1780,1150.2,2,6,4,15.9,14.0,80.1,60.01,43.99,26.7,medium,20.0,759.4,33406.01,1518.8
BATCH-PRX-00263,2025-07-14 00:00:00,Wholesaler Depot,Green Chilli,Spice / Vegetable,1410,243.6,8,10,2,15.4,10.0,89.9,126.68,74.11,41.5,high,66.4,182.5,13525.08,365.0
BATCH-PRX-00281,2025-07-14 00:00:00,Mandi Yard,Rice,Cereal,1106,323.7,104,180,76,34.3,22.0,84.9,49.26,46.75,5.1,low,54.3,171.8,8031.65,343.6
BATCH-PRX-00427,2025-07-14 00:00:00,Retail Supermarket,Apple,Fruit,1090,206.8,26,25,-1,15.3,2.0,82.8,181.88,45.47,75.0,critical,100.0,0.0,0.0,0.0
BATCH-PRX-01336,2025-07-14 00:00:00,Farm Hub,Carrot,Vegetable,2202,690.2,9,15,6,8.2,4.0,79.2,43.55,33.01,24.2,medium,20.0,445.3,14699.35,890.6
BATCH-PRX-01618,2025-07-14 00:00:00,Retail Supermarket,Onion,Vegetable,1846,351.3,25,30,5,9.7,10.0,80.9,37.44,28.83,23.0,medium,20.0,224.1,6460.8,448.2
BATCH-PRX-00083,2025-07-15 00:00:00,Farm Hub,Ginger,Spice,609,454.0,5,20,15,14.5,12.0,92.0,125.95,116.38,7.6,low,5.0,247.7,28827.33,495.4
BATCH-PRX-01018,2025-07-15 00:00:00,Wholesaler Depot,Potato,Vegetable,3286,1154.1,18,35,17,20.7,8.0,65.5,31.64,28.03,11.4,low,55.6,656.0,18387.68,1312.0
BATCH-PRX-00629,2025-07-16 00:00:00,Farm Hub,Turmeric,Spice,430,79.7,105,120,15,33.0,20.0,86.5,174.6,166.74,4.5,low,57.0,42.0,7003.08,84.0
BATCH-PRX-00800,2025-07-16 00:00:00,Mandi Yard,Cabbage,Vegetable,1237,693.8,4,12,8,11.9,4.0,88.5,21.06,19.08,9.4,low,36.7,386.0,7364.88,772.0
BATCH-PRX-00841,2025-07-16 00:00:00,Farm Hub,Apple,Fruit,324,87.0,17,25,8,8.9,2.0,67.3,163.38,152.6,6.6,low,32.7,46.9,7156.94,93.8
BATCH-PRX-00133,2025-07-17 00:00:00,Farm Hub,Banana,Fruit,2521,1835.2,1,6,5,24.8,14.0,90.3,55.21,38.59,30.1,medium,63.3,1249.0,48198.91,2498.0
BATCH-PRX-00727,2025-07-17 00:00:00,Retail Supermarket,Orange,Fruit,3881,1217.9,8,14,6,5.1,6.0,75.3,69.01,50.38,27.0,medium,20.0,806.2,40616.36,1612.4
BATCH-PRX-01096,2025-07-17 00:00:00,Wholesaler Depot,Apple,Fruit,996,175.5,20,25,5,5.7,2.0,76.8,163.88,127.66,22.1,medium,20.0,111.0,14170.26,222.0
BATCH-PRX-00249,2025-07-18 00:00:00,Farm Hub,Mango,Fruit,3980,606.7,9,7,-2,15.0,12.0,91.0,89.97,22.49,75.0,critical,95.0,0.0,0.0,0.0
BATCH-PRX-00679,2025-07-18 00:00:00,Farm Hub,Rice,Cereal,3046,579.7,218,180,-38,25.0,22.0,88.3,48.9,12.22,75.0,critical,95.0,0.0,0.0,0.0
BATCH-PRX-00960,2025-07-18 00:00:00,Mandi Yard,Turmeric,Spice,2730,523.6,153,120,-33,23.4,20.0,83.9,158.05,39.51,75.0,critical,95.0,0.0,0.0,0.0
BATCH-PRX-01069,2025-07-18 00:00:00,Mandi Yard,Green Chilli,Spice / Vegetable,1577,236.6,8,10,2,18.9,10.0,77.7,155.05,90.7,41.5,high,80.4,177.2,16072.04,354.4
BATCH-PRX-01703,2025-07-18 00:00:00,Mandi Yard,Turmeric,Spice,1547,304.2,85,120,35,25.4,20.0,91.3,170.1,160.57,5.6,low,26.4,162.3,26060.51,324.6
BATCH-PRX-00080,2025-07-19 00:00:00,Wholesaler Depot,Ginger,Spice,574,310.9,4,20,16,17.7,12.0,78.6,112.92,105.13,6.9,low,27.9,168.3,17693.38,336.6
BATCH-PRX-01596,2025-07-20 00:00:00,Mandi Yard,Onion,Vegetable,2732,631.4,21,30,9,21.4,10.0,79.5,37.77,34.22,9.4,low,50.4,351.3,12021.49,702.6
BATCH-PRX-01629,2025-07-20 00:00:00,Retail Supermarket,Carrot,Vegetable,274,54.1,17,15,-2,14.8,4.0,89.1,45.44,11.36,75.0,critical,100.0,0.0,0.0,0.0
BATCH-PRX-01787,2025-07-20 00:00:00,Farm Hub,Mango,Fruit,4370,2834.5,2,7,5,18.6,12.0,88.1,99.87,63.32,36.6,medium,46.4,2039.7,129153.8,4079.4
BATCH-PRX-00005,2025-07-21 00:00:00,Farm Hub,Turmeric,Spice,760,456.7,3,120,117,27.1,20.0,79.1,181.16,169.57,6.4,low,33.4,245.9,41697.26,491.8
BATCH-PRX-00235,2025-07-22 00:00:00,Mandi Yard,Potato,Vegetable,467,85.8,31,35,4,16.2,8.0,76.9,30.13,23.8,21.0,medium,52.8,53.7,1278.06,107.4
BATCH-PRX-00282,2025-07-22 00:00:00,Wholesaler Depot,Rice,Cereal,2908,1443.9,48,180,132,30.0,22.0,72.2,50.94,45.49,10.7,low,37.1,814.6,37056.15,1629.2
BATCH-PRX-00741,2025-07-22 00:00:00,Retail Supermarket,Cabbage,Vegetable,3161,1112.9,7,12,5,17.5,4.0,66.3,25.12,18.46,26.5,medium,73.9,733.4,13538.56,1466.8
BATCH-PRX-00349,2025-07-23 00:00:00,Mandi Yard,Potato,Vegetable,3009,1937.9,12,35,23,6.3,8.0,69.3,31.22,26.44,15.3,low,5.0,1146.8,30321.39,2293.6
BATCH-PRX-00570,2025-07-23 00:00:00,Farm Hub,Onion,Vegetable,250,187.8,3,30,27,22.6,10.0,80.9,35.46,32.94,7.1,low,55.3,101.9,3356.59,203.8
BATCH-PRX-01219,2025-07-23 00:00:00,Farm Hub,Mango,Fruit,4072,711.3,7,7,0,21.0,12.0,88.6,103.01,25.75,75.0,critical,100.0,675.7,17399.28,1351.4
BATCH-PRX-01230,2025-07-23 00:00:00,Mandi Yard,Orange,Fruit,2181,426.9,12,14,2,13.1,6.0,91.2,56.79,32.37,43.0,high,73.4,323.6,10474.93,647.2
BATCH-PRX-01506,2025-07-23 00:00:00,Farm Hub,Cabbage,Vegetable,3924,753.6,15,12,-3,2.0,4.0,89.5,25.2,6.3,75.0,critical,95.0,0.0,0.0,0.0
BATCH-PRX-00440,2025-07-24 00:00:00,Farm Hub,Banana,Fruit,4146,2366.6,2,6,4,19.8,14.0,76.5,53.22,35.82,32.7,medium,43.4,1647.6,59017.03,3295.2
BATCH-PRX-01208,2025-07-24 00:00:00,Mandi Yard,Wheat,Cereal,3641,651.7,210,180,-30,35.4,22.0,69.2,32.35,8.09,75.0,critical,100.0,0.0,0.0,0.0
BATCH-PRX-01418,2025-07-24 00:00:00,Retail Supermarket,Apple,Fruit,360,57.5,22,25,3,1.5,2.0,76.3,181.79,106.35,41.5,high,45.0,43.1,4583.68,86.2
BATCH-PRX-00061,2025-07-25 00:00:00,Retail Supermarket,Cabbage,Vegetable,1290,940.6,3,12,9,5.4,4.0,81.6,22.4,20.03,10.6,low,5.0,530.1,10617.9,1060.2
BATCH-PRX-00199,2025-07-25 00:00:00,Retail Supermarket,Wheat,Cereal,799,544.3,8,180,172,35.2,22.0,77.6,32.77,30.64,6.5,low,57.8,293.4,8989.78,586.8
BATCH-PRX-00571,2025-07-26 00:00:00,Farm Hub,Green Chilli,Spice / Vegetable,1654,250.0,10,10,0,12.5,10.0,91.6,146.28,36.57,75.0,critical,95.0,237.5,8685.38,475.0
BATCH-PRX-01363,2025-07-27 00:00:00,Wholesaler Depot,Turmeric,Spice,3466,1985.6,19,120,101,26.3,20.0,87.2,155.88,134.06,14.0,low,30.3,1159.6,155455.98,2319.2
BATCH-PRX-01457,2025-07-27 00:00:00,Retail Supermarket,Apple,Fruit,3903,1021.4,15,25,10,3.9,2.0,91.3,189.03,167.67,11.3,low,5.0,580.0,97248.6,1160.0
BATCH-PRX-00140,2025-07-28 00:00:00,Farm Hub,Cauliflower,Vegetable,439,98.0,6,8,2,18.9,5.0,65.0,32.97,19.29,41.5,high,100.0,73.4,1415.89,146.8
BATCH-PRX-00785,2025-07-28 00:00:00,Mandi Yard,Onion,Vegetable,100,17.4,36,30,-6,8.7,10.0,76.1,36.84,9.21,75.0,critical,95.0,0.0,0.0,0.0
BATCH-PRX-00136,2025-07-29 00:00:00,Retail Supermarket,Wheat,Cereal,3957,1380.6,112,180,68,25.5,22.0,86.4,33.06,29.52,10.7,low,5.0,778.9,22993.13,1557.8
BATCH-PRX-00365,2025-07-29 00:00:00,Farm Hub,Carrot,Vegetable,4253,2528.8,2,15,13,17.0,4.0,66.2,49.85,40.68,18.4,low,56.9,1543.6,62793.65,3087.2
BATCH-PRX-00642,2025-07-29 00:00:00,Mandi Yard,Tomato,Vegetable,3780,560.3,9,7,-2,17.1,12.0,84.1,36.86,9.21,75.0,critical,100.0,0.0,0.0,0.0
BATCH-PRX-00736,2025-07-29 00:00:00,Retail Supermarket,Apple,Fruit,3955,779.3,27,25,-2,15.1,2.0,91.1,170.03,42.51,75.0,critical,100.0,0.0,0.0,0.0
BATCH-PRX-00747,2025-07-29 00:00:00,Wholesaler Depot,Cauliflower,Vegetable,3413,460.1,7,8,1,3.0,5.0,82.5,31.23,11.43,63.4,critical,75.0,405.1,4630.29,810.2
BATCH-PRX-00845,2025-07-29 00:00:00,Wholesaler Depot,Banana,Fruit,4232,2229.5,1,6,5,16.8,14.0,87.9,58.7,39.92,32.0,medium,20.0,1542.8,61588.58,3085.6
BATCH-PRX-01578,2025-07-29 00:00:00,Farm Hub,Potato,Vegetable,687,448.1,0,35,35,10.1,8.0,76.9,30.22,27.86,7.8,low,5.0,245.0,6825.7,490.0
BATCH-PRX-01485,2025-07-30 00:00:00,Farm Hub,Orange,Fruit,630,110.1,15,14,-1,18.0,6.0,75.4,66.61,16.65,75.0,critical,100.0,0.0,0.0,0.0
BATCH-PRX-01440,2025-07-31 00:00:00,Wholesaler Depot,Banana,Fruit,2833,530.0,5,6,1,15.9,14.0,91.9,60.41,22.05,63.5,critical,75.0,466.9,10295.15,933.8
BATCH-PRX-01822,2025-07-31 00:00:00,Mandi Yard,Garlic,Spice / Vegetable,3279,932.9,37,60,23,25.3,15.0,90.8,162.05,147.3,9.1,low,46.2,517.4,76213.02,1034.8
BATCH-PRX-00064,2025-08-01 00:00:00,Farm Hub,Turmeric,Spice,4056,3357.1,1,120,119,27.7,20.0,69.8,176.18,142.53,19.1,low,35.7,2063.3,294082.15,4126.6
BATCH-PRX-00095,2025-08-01 00:00:00,Wholesaler Depot,Potato,Vegetable,457,226.2,14,35,21,8.3,8.0,86.5,29.85,27.85,6.7,low,5.0,122.2,3403.27,244.4
BATCH-PRX-00210,2025-08-01 00:00:00,Retail Supermarket,Wheat,Cereal,3837,726.0,166,180,14,29.3,22.0,85.7,33.1,30.65,7.4,low,34.3,395.2,12112.88,790.4
BATCH-PRX-01338,2025-08-01 00:00:00,Farm Hub,Garlic,Spice / Vegetable,2614,905.8,29,60,31,21.6,15.0,89.4,187.32,170.65,8.9,low,31.4,501.3,85546.85,1002.6
BATCH-PRX-00647,2025-08-02 00:00:00,Retail Supermarket,Orange,Fruit,2132,698.1,8,14,6,19.7,6.0,65.2,68.13,51.51,24.4,medium,74.9,451.3,23246.46,902.6
BATCH-PRX-01399,2025-08-02 00:00:00,Mandi Yard,Wheat,Cereal,3899,2329.9,15,180,165,20.7,22.0,90.2,36.45,30.84,15.4,low,5.0,1380.2,42565.37,2760.4
BATCH-PRX-01441,2025-08-02 00:00:00,Farm Hub,Carrot,Vegetable,3006,499.3,18,15,-3,2.5,4.0,68.0,51.62,12.9,75.0,critical,95.0,0.0,0.0,0.0
BATCH-PRX-00500,2025-08-03 00:00:00,Retail Supermarket,Potato,Vegetable,1165,474.5,12,35,23,10.9,8.0,71.6,27.17,25.0,8.0,low,5.0,260.0,6500.0,520.0
BATCH-PRX-00520,2025-08-03 00:00:00,Mandi Yard,Wheat,Cereal,1199,213.9,150,180,30,26.2,22.0,82.9,32.91,31.3,4.9,low,5.0,113.2,3543.16,226.4
BATCH-PRX-00585,2025-08-03 00:00:00,Retail Supermarket,Cauliflower,Vegetable,1613,1418.3,0,8,8,8.5,5.0,86.3,29.93,26.01,13.1,low,5.0,820.6,21343.81,1641.2
BATCH-PRX-01206,2025-08-03 00:00:00,Wholesaler Depot,Wheat,Cereal,1046,964.9,0,180,180,32.7,22.0,74.2,32.18,29.41,8.6,low,47.8,532.2,15652.0,1064.4
BATCH-PRX-01221,2025-08-03 00:00:00,Mandi Yard,Onion,Vegetable,2330,1404.2,0,30,30,10.7,10.0,82.9,38.64,33.54,13.2,low,5.0,813.3,27278.08,1626.6
BATCH-PRX-00521,2025-08-04 00:00:00,Retail Supermarket,Green Chilli,Spice / Vegetable,1187,908.8,1,10,9,9.0,10.0,73.6,126.71,114.29,9.8,low,5.0,507.8,58036.46,1015.6
BATCH-PRX-01824,2025-08-04 00:00:00,Retail Supermarket,Apple,Fruit,2589,1813.1,0,25,25,3.5,2.0,72.9,187.19,158.55,15.3,low,5.0,1073.0,170124.15,2146.0
BATCH-PRX-00284,2025-08-05 00:00:00,Wholesaler Depot,Cauliflower,Vegetable,800,107.7,7,8,1,9.5,5.0,89.9,28.67,11.01,61.6,critical,75.0,93.7,1031.64,187.4
BATCH-PRX-00454,2025-08-05 00:00:00,Mandi Yard,Cabbage,Vegetable,1554,222.0,12,12,0,12.8,4.0,71.4,22.03,5.51,75.0,critical,100.0,210.9,1162.06,421.8
BATCH-PRX-00505,2025-08-05 00:00:00,Wholesaler Depot,Tomato,Vegetable,892,237.9,5,7,2,13.8,12.0,66.9,45.71,26.19,42.7,high,45.0,179.9,4711.58,359.8
BATCH-PRX-00730,2025-08-05 00:00:00,Wholesaler Depot,Orange,Fruit,1982,271.2,17,14,-3,17.6,6.0,74.5,61.03,15.26,75.0,critical,100.0,0.0,0.0,0.0
BATCH-PRX-00479,2025-08-06 00:00:00,Retail Supermarket,Wheat,Cereal,3132,411.4,153,180,27,20.3,22.0,65.4,37.93,35.69,5.9,low,5.0,220.3,7862.51,440.6
BATCH-PRX-00748,2025-08-06 00:00:00,Retail Supermarket,Cabbage,Vegetable,3156,1109.1,7,12,5,8.9,4.0,76.8,23.16,17.05,26.4,medium,20.0,730.2,12449.91,1460.4
BATCH-PRX-01024,2025-08-06 00:00:00,Mandi Yard,Cauliflower,Vegetable,3490,657.4,6,8,2,4.6,5.0,76.1,28.37,15.8,44.3,high,45.0,503.4,7953.72,1006.8
BATCH-PRX-01281,2025-08-06 00:00:00,Wholesaler Depot,Cauliflower,Vegetable,1295,899.2,1,8,7,8.4,5.0,71.1,28.96,21.58,25.5,medium,20.0,587.2,12671.78,1174.4
BATCH-PRX-01523,2025-08-06 00:00:00,Wholesaler Depot,Banana,Fruit,683,444.3,2,6,4,12.8,14.0,78.8,55.84,42.94,23.1,medium,20.0,283.7,12182.08,567.4
BATCH-PRX-00010,2025-08-07 00:00:00,Mandi Yard,Turmeric,Spice,3153,1087.7,71,120,49,19.0,20.0,89.9,174.28,157.72,9.5,low,5.0,605.8,95546.78,1211.6
BATCH-PRX-00286,2025-08-07 00:00:00,Farm Hub,Rice,Cereal,1969,350.8,223,180,-43,28.0,22.0,88.7,55.49,13.87,75.0,critical,100.0,0.0,0.0,0.0
BATCH-PRX-00562,2025-08-07 00:00:00,Retail Supermarket,Green Chilli,Spice / Vegetable,4163,3995.3,0,10,10,12.5,10.0,73.4,147.67,117.69,20.3,low,5.0,2484.3,292377.27,4968.6
BATCH-PRX-00908,2025-08-07 00:00:00,Mandi Yard,Onion,Vegetable,2512,375.2,23,30,7,8.7,10.0,87.5,39.65,30.49,23.1,medium,20.0,239.6,7305.4,479.2
BATCH-PRX-01515,2025-08-07 00:00:00,Farm Hub,Orange,Fruit,2456,791.4,7,14,7,6.3,6.0,88.0,56.83,42.68,24.9,medium,20.0,513.9,21933.25,1027.8
BATCH-PRX-01710,2025-08-07 00:00:00,Mandi Yard,Mango,Fruit,108,19.0,6,7,1,23.0,12.0,72.9,95.05,35.64,62.5,critical,100.0,16.6,591.62,33.2
BATCH-PRX-00197,2025-08-08 00:00:00,Farm Hub,Cabbage,Vegetable,2770,376.2,14,12,-2,15.8,4.0,70.0,22.89,5.72,75.0,critical,100.0,0.0,0.0,0.0
BATCH-PRX-00312,2025-08-08 00:00:00,Wholesaler Depot,Ginger,Spice,3923,1711.0,6,20,14,22.7,12.0,80.5,113.31,97.56,13.9,low,47.8,998.2,97384.39,1996.4
BATCH-PRX-00372,2025-08-08 00:00:00,Wholesaler Depot,Turmeric,Spice,2656,1577.3,19,120,101,20.9,20.0,77.4,177.74,156.41,12.0,low,5.0,902.2,141113.1,1804.4
BATCH-PRX-01271,2025-08-08 00:00:00,Farm Hub,Onion,Vegetable,2924,2027.9,7,30,23,12.8,10.0,75.2,36.4,30.47,16.3,low,5.0,1212.3,36938.78,2424.6
BATCH-PRX-00351,2025-08-09 00:00:00,Farm Hub,Carrot,Vegetable,1532,1185.6,0,15,15,11.0,4.0,77.7,48.26,42.61,11.7,low,32.8,676.0,28804.36,1352.0
BATCH-PRX-00835,2025-08-09 00:00:00,Wholesaler Depot,Carrot,Vegetable,675,113.5,15,15,0,15.6,4.0,76.4,46.83,11.71,75.0,critical,100.0,107.8,1262.34,215.6
BATCH-PRX-01783,2025-08-09 00:00:00,Mandi Yard,Green Chilli,Spice / Vegetable,444,163.5,5,10,5,9.1,10.0,65.0,135.81,107.15,21.1,medium,20.0,102.4,10972.16,204.8
BATCH-PRX-01900,2025-08-09 00:00:00,Retail Supermarket,Ginger,Spice,3024,1461.4,4,20,16,20.3,12.0,67.5,124.76,109.04,12.6,low,38.2,841.2,91724.45,1682.4
BATCH-PRX-00686,2025-08-10 00:00:00,Retail Supermarket,Turmeric,Spice,2890,1641.1,31,120,89,30.0,20.0,83.3,151.92,133.23,12.3,low,44.9,941.7,125462.69,1883.4
BATCH-PRX-01656,2025-08-10 00:00:00,Retail Supermarket,Carrot,Vegetable,2992,482.7,19,15,-4,13.6,4.0,84.2,51.87,12.97,75.0,critical,100.0,0.0,0.0,0.0
BATCH-PRX-01194,2025-08-11 00:00:00,Wholesaler Depot,Rice,Cereal,429,79.3,150,180,30,30.4,22.0,67.5,46.82,44.99,3.9,low,38.6,41.5,1867.09,83.0
BATCH-PRX-01444,2025-08-12 00:00:00,Retail Supermarket,Wheat,Cereal,940,287.1,91,180,89,20.6,22.0,70.2,36.44,34.55,5.2,low,5.0,152.5,5268.88,305.0
BATCH-PRX-01529,2025-08-12 00:00:00,Farm Hub,Garlic,Spice / Vegetable,2273,353.6,59,60,1,17.8,15.0,87.8,169.98,65.95,61.2,critical,75.0,306.6,20220.27,613.2
BATCH-PRX-01607,2025-08-12 00:00:00,Mandi Yard,Cabbage,Vegetable,1766,311.1,14,12,-2,10.5,4.0,71.4,22.78,5.7,75.0,critical,100.0,0.0,0.0,0.0
BATCH-PRX-01655,2025-08-12 00:00:00,Farm Hub,Garlic,Spice / Vegetable,2737,388.7,75,60,-15,28.7,15.0,82.4,164.89,41.22,75.0,critical,100.0,0.0,0.0,0.0
BATCH-PRX-01786,2025-08-12 00:00:00,Retail Supermarket,Potato,Vegetable,4319,1297.3,22,35,13,12.1,8.0,88.6,31.2,27.42,12.1,low,5.0,742.8,20367.58,1485.6
BATCH-PRX-00356,2025-08-14 00:00:00,Farm Hub,Carrot,Vegetable,2227,349.1,15,15,0,6.4,4.0,80.1,48.79,12.2,75.0,critical,95.0,331.6,4045.52,663.2
BATCH-PRX-00733,2025-08-15 00:00:00,Wholesaler Depot,Cauliflower,Vegetable,4142,775.0,10,8,-2,3.6,5.0,67.8,28.42,7.11,75.0,critical,95.0,0.0,0.0,0.0
BATCH-PRX-00825,2025-08-15 00:00:00,Retail Supermarket,Wheat,Cereal,2386,2235.7,2,180,178,22.2,22.0,69.7,31.67,26.92,15.0,low,5.0,1319.1,35510.17,2638.2
BATCH-PRX-01101,2025-08-15 00:00:00,Farm Hub,Ginger,Spice,553,192.5,11,20,9,15.7,12.0,78.2,108.73,101.88,6.3,low,5.0,103.5,10544.58,207.0
BATCH-PRX-01361,2025-08-15 00:00:00,Mandi Yard,Orange,Fruit,425,100.5,9,14,5,17.2,6.0,86.9,64.47,50.67,21.4,medium,64.7,63.2,3202.34,126.4
BATCH-PRX-01692,2025-08-16 00:00:00,Retail Supermarket,Carrot,Vegetable,2416,1057.9,5,15,10,2.4,4.0,72.3,49.93,44.44,11.0,low,5.0,598.8,26610.67,1197.6
BATCH-PRX-00605,2025-08-17 00:00:00,Wholesaler Depot,Turmeric,Spice,4471,994.1,79,120,41,24.1,20.0,79.0,167.74,152.48,9.1,low,5.0,551.3,84062.22,1102.6
BATCH-PRX-01885,2025-08-17 00:00:00,Retail Supermarket,Potato,Vegetable,1409,712.3,14,35,21,11.4,8.0,91.4,28.67,26.03,9.2,low,5.0,395.5,10294.86,791.0
BATCH-PRX-00773,2025-08-18 00:00:00,Retail Supermarket,Cabbage,Vegetable,3251,502.5,10,12,2,5.5,4.0,65.1,22.42,12.69,43.4,high,45.0,382.1,4848.85,764.2
BATCH-PRX-01036,2025-08-18 00:00:00,Farm Hub,Garlic,Spice / Vegetable,1800,680.8,35,60,25,18.4,15.0,79.6,169.68,156.44,7.8,low,5.0,372.3,58242.61,744.6
BATCH-PRX-01433,2025-08-18 00:00:00,Retail Supermarket,Mango,Fruit,1446,692.8,2,7,5,18.1,12.0,86.7,94.05,69.69,25.9,medium,44.6,454.1,31646.23,908.2
BATCH-PRX-01781,2025-08-18 00:00:00,Retail Supermarket,Tomato,Vegetable,4164,695.0,6,7,1,21.1,12.0,73.2,39.73,13.91,65.0,critical,100.0,618.5,8603.34,1237.0
BATCH-PRX-01945,2025-08-18 00:00:00,Wholesaler Depot,Cauliflower,Vegetable,180,136.9,0,8,8,10.4,5.0,78.2,34.63,32.31,6.7,low,26.4,74.0,2390.94,148.0
BATCH-PRX-00426,2025-08-19 00:00:00,Wholesaler Depot,Potato,Vegetable,3988,696.0,42,35,-7,8.8,8.0,84.2,25.43,6.36,75.0,critical,95.0,0.0,0.0,0.0
BATCH-PRX-00477,2025-08-19 00:00:00,Farm Hub,Carrot,Vegetable,1457,202.1,19,15,-4,4.9,4.0,89.5,41.84,10.46,75.0,critical,95.0,0.0,0.0,0.0
BATCH-PRX-01121,2025-08-19 00:00:00,Wholesaler Depot,Apple,Fruit,4120,696.2,31,25,-6,15.0,2.0,86.4,176.0,44.0,75.0,critical,100.0,0.0,0.0,0.0
BATCH-PRX-01604,2025-08-19 00:00:00,Mandi Yard,Turmeric,Spice,1802,253.2,115,120,5,24.8,20.0,78.5,169.09,134.6,20.4,medium,20.0,157.6,21212.96,315.2
BATCH-PRX-00751,2025-08-20 00:00:00,Farm Hub,Rice,Cereal,1143,948.9,11,180,169,29.8,22.0,86.7,46.91,43.06,8.2,low,36.4,521.1,22438.57,1042.2
BATCH-PRX-00806,2025-08-20 00:00:00,Farm Hub,Garlic,Spice / Vegetable,2327,1823.1,1,60,59,15.3,15.0,76.1,201.5,174.3,13.5,low,5.0,1059.2,184618.56,2118.4
BATCH-PRX-01725,2025-08-20 00:00:00,Mandi Yard,Green Chilli,Spice / Vegetable,1015,640.5,3,10,7,11.6,10.0,66.2,145.83,111.56,23.5,medium,20.0,410.6,45806.54,821.2
BATCH-PRX-00145,2025-08-21 00:00:00,Mandi Yard,Mango,Fruit,602,139.3,5,7,2,20.8,12.0,81.9,97.24,55.33,43.1,high,80.3,105.7,5848.38,211.4
BATCH-PRX-00431,2025-08-21 00:00:00,Mandi Yard,Cabbage,Vegetable,3406,2741.1,0,12,12,12.6,4.0,67.8,24.16,19.42,19.6,low,39.2,1692.9,32876.12,3385.8
BATCH-PRX-00538,2025-08-21 00:00:00,Farm Hub,Apple,Fruit,2607,1830.2,6,25,19,3.4,2.0,90.3,192.13,162.54,15.4,low,5.0,1084.2,176225.87,2168.4
BATCH-PRX-01143,2025-08-21 00:00:00,Wholesaler Depot,Cauliflower,Vegetable,2237,398.2,8,8,0,16.8,5.0,78.8,28.29,7.07,75.0,critical,100.0,378.3,2674.58,756.6
BATCH-PRX-00166,2025-08-22 00:00:00,Retail Supermarket,Carrot,Vegetable,4206,904.3,11,15,4,10.9,4.0,74.6,51.85,38.73,25.3,medium,47.8,589.4,22827.46,1178.8
BATCH-PRX-00892,2025-08-22 00:00:00,Retail Supermarket,Orange,Fruit,3072,418.1,13,14,1,5.9,6.0,78.9,64.19,23.75,63.0,critical,75.0,367.1,8718.62,734.2
BATCH-PRX-01334,2025-08-22 00:00:00,Farm Hub,Potato,Vegetable,414,247.7,4,35,31,18.3,8.0,82.1,29.87,27.84,6.8,low,46.1,134.0,3730.56,268.0
BATCH-PRX-00198,2025-08-23 00:00:00,Wholesaler Depot,Garlic,Spice / Vegetable,3239,801.0,45,60,15,13.6,15.0,74.4,164.7,150.87,8.4,low,5.0,440.9,66518.58,881.8
BATCH-PRX-00359,2025-08-23 00:00:00,Farm Hub,Cauliflower,Vegetable,2418,468.8,9,8,-1,12.3,5.0,78.7,28.03,7.01,75.0,critical,100.0,0.0,0.0,0.0
BATCH-PRX-00459,2025-08-23 00:00:00,Retail Supermarket,Orange,Fruit,1335,897.5,0,14,14,8.2,6.0,88.1,64.92,58.17,10.4,low,5.0,504.8,29364.22,1009.6
BATCH-PRX-01313,2025-08-23 00:00:00,Wholesaler Depot,Potato,Vegetable,3928,731.6,44,35,-9,19.1,8.0,65.2,29.27,7.32,75.0,critical,100.0,0.0,0.0,0.0
BATCH-PRX-01351,2025-08-23 00:00:00,Mandi Yard,Potato,Vegetable,2136,966.0,13,35,22,12.7,8.0,69.2,31.16,27.92,10.4,low,5.0,543.3,15168.94,1086.6
BATCH-PRX-01431,2025-08-23 00:00:00,Farm Hub,Cabbage,Vegetable,1523,966.8,3,12,9,15.9,4.0,79.7,20.85,18.62,10.7,low,52.5,545.5,10157.21,1091.0
BATCH-PRX-01848,2025-08-23 00:00:00,Mandi Yard,Potato,Vegetable,1082,175.9,41,35,-6,19.5,8.0,79.4,28.77,7.19,75.0,critical,100.0,0.0,0.0,0.0
BATCH-PRX-00380,2025-08-24 00:00:00,Retail Supermarket,Rice,Cereal,1418,392.8,128,180,52,24.5,22.0,69.4,54.65,51.64,5.5,low,5.0,209.4,10813.42,418.8
BATCH-PRX-00620,2025-08-24 00:00:00,Retail Supermarket,Turmeric,Spice,934,472.2,24,120,96,30.8,20.0,77.8,145.13,135.7,6.5,low,48.1,254.5,34535.65,509.0
BATCH-PRX-00738,2025-08-24 00:00:00,Wholesaler Depot,Tomato,Vegetable,1871,297.3,7,7,0,20.8,12.0,78.7,45.11,11.28,75.0,critical,100.0,282.4,3185.47,564.8
BATCH-PRX-01198,2025-08-24 00:00:00,Wholesaler Depot,Turmeric,Spice,1719,1217.0,20,120,100,23.6,20.0,67.1,171.84,154.31,10.2,low,5.0,683.0,105393.73,1366.0
BATCH-PRX-01889,2025-08-24 00:00:00,Retail Supermarket,Turmeric,Spice,645,104.8,91,120,29,32.4,20.0,66.3,143.79,137.18,4.6,low,54.4,55.3,7586.05,110.6
BATCH-PRX-01890,2025-08-24 00:00:00,Mandi Yard,Cabbage,Vegetable,342,73.8,8,12,4,9.4,4.0,79.2,25.96,20.43,21.3,medium,41.5,46.3,945.91,92.6
BATCH-PRX-01970,2025-08-24 00:00:00,Wholesaler Depot,Orange,Fruit,532,273.9,5,14,9,7.3,6.0,69.9,67.85,62.9,7.3,low,5.0,148.9,9365.81,297.8
BATCH-PRX-01126,2025-08-25 00:00:00,Retail Supermarket,Wheat,Cereal,1265,669.7,50,180,130,24.7,22.0,75.1,31.67,29.42,7.1,low,5.0,363.4,10691.23,726.8
BATCH-PRX-01614,2025-08-25 00:00:00,Retail Supermarket,Carrot,Vegetable,2463,1321.6,5,15,10,9.2,4.0,79.9,49.45,43.32,12.4,low,25.9,759.1,32884.21,1518.2
BATCH-PRX-00142,2025-08-26 00:00:00,Farm Hub,Wheat,Cereal,2418,350.7,222,180,-42,24.4,22.0,68.1,33.89,8.47,75.0,critical,95.0,0.0,0.0,0.0
BATCH-PRX-01001,2025-08-26 00:00:00,Wholesaler Depot,Turmeric,Spice,225,94.8,46,120,74,26.3,20.0,90.1,148.86,142.01,4.6,low,30.1,50.0,7100.5,100.0
BATCH-PRX-01456,2025-08-26 00:00:00,Retail Supermarket,Garlic,Spice / Vegetable,1947,325.3,67,60,-7,28.2,15.0,68.2,172.89,43.22,75.0,critical,100.0,0.0,0.0,0.0
BATCH-PRX-00681,2025-08-27 00:00:00,Wholesaler Depot,Banana,Fruit,1871,299.6,6,6,0,21.9,14.0,76.8,56.6,14.15,75.0,critical,100.0,284.6,4027.09,569.2
BATCH-PRX-01067,2025-08-27 00:00:00,Mandi Yard,Mango,Fruit,2509,448.7,6,7,1,22.4,12.0,77.6,105.78,37.45,64.6,critical,100.0,398.3,14916.34,796.6
BATCH-PRX-01687,2025-08-27 00:00:00,Retail Supermarket,Apple,Fruit,1112,137.9,20,25,5,12.6,2.0,82.6,174.07,135.95,21.9,medium,62.2,87.1,11841.24,174.2
BATCH-PRX-01705,2025-08-27 00:00:00,Mandi Yard,Wheat,Cereal,835,159.5,143,180,37,35.4,22.0,80.0,34.6,33.01,4.6,low,58.8,84.2,2779.44,168.4
BATCH-PRX-01799,2025-08-27 00:00:00,Mandi Yard,Wheat,Cereal,4073,599.7,154,180,26,28.6,22.0,79.4,35.4,32.99,6.8,low,31.5,324.3,10698.66,648.6
BATCH-PRX-01841,2025-08-27 00:00:00,Mandi Yard,Orange,Fruit,2690,1330.3,5,14,9,16.2,6.0,90.8,66.08,57.75,12.6,low,45.7,765.7,44219.18,1531.4
BATCH-PRX-01343,2025-08-28 00:00:00,Wholesaler Depot,Onion,Vegetable,3862,586.2,25,30,5,18.7,10.0,74.6,37.77,28.67,24.1,medium,54.9,377.9,10834.39,755.8
BATCH-PRX-00737,2025-08-29 00:00:00,Farm Hub,Garlic,Spice / Vegetable,4068,545.0,56,60,4,19.6,15.0,65.1,186.24,145.08,22.1,medium,20.0,344.8,50023.58,689.6
BATCH-PRX-01348,2025-08-29 00:00:00,Farm Hub,Tomato,Vegetable,2356,487.4,5,7,2,17.7,12.0,69.1,43.1,24.18,43.9,high,67.9,372.1,8997.38,744.2
BATCH-PRX-01414,2025-08-29 00:00:00,Farm Hub,Orange,Fruit,2173,445.7,11,14,3,10.4,6.0,67.2,68.26,38.84,43.1,high,45.0,338.1,13131.8,676.2
BATCH-PRX-01813,2025-08-29 00:00:00,Mandi Yard,Tomato,Vegetable,296,100.3,4,7,3,17.0,12.0,72.1,41.19,23.89,42.0,high,45.0,75.4,1801.31,150.8
BATCH-PRX-01927,2025-08-29 00:00:00,Retail Supermarket,Garlic,Spice / Vegetable,1510,938.8,6,60,54,27.6,15.0,73.3,185.67,168.77,9.1,low,55.4,520.7,87878.54,1041.4
BATCH-PRX-01982,2025-08-29 00:00:00,Mandi Yard,Apple,Fruit,3175,509.2,20,25,5,14.4,2.0,85.3,187.03,142.7,23.7,medium,69.5,327.0,46662.9,654.0
BATCH-PRX-01265,2025-08-30 00:00:00,Retail Supermarket,Mango,Fruit,1471,538.1,3,7,4,11.3,12.0,79.5,100.41,75.21,25.1,medium,20.0,350.1,26331.02,700.2
BATCH-PRX-01307,2025-08-30 00:00:00,Wholesaler Depot,Wheat,Cereal,3468,1139.5,105,180,75,32.9,22.0,71.1,32.59,29.49,9.5,low,48.6,634.7,18717.3,1269.4
BATCH-PRX-01559,2025-08-30 00:00:00,Retail Supermarket,Ginger,Spice,2720,2094.5,0,20,20,19.5,12.0,86.8,128.52,108.21,15.8,low,34.9,1245.8,134808.02,2491.6
BATCH-PRX-00048,2025-08-31 00:00:00,Farm Hub,Mango,Fruit,1917,941.2,3,7,4,16.4,12.0,66.7,100.24,73.07,27.1,medium,20.0,623.6,45566.45,1247.2
BATCH-PRX-00549,2025-08-31 00:00:00,Farm Hub,Rice,Cereal,2078,252.8,157,180,23,33.2,22.0,86.8,52.35,49.84,4.8,low,50.0,133.7,6663.61,267.4
BATCH-PRX-01014,2025-08-31 00:00:00,Mandi Yard,Mango,Fruit,2459,1621.7,1,7,6,14.9,12.0,76.0,92.03,63.96,30.5,medium,20.0,1107.6,70842.1,2215.2
BATCH-PRX-01585,2025-08-31 00:00:00,Wholesaler Depot,Cabbage,Vegetable,2435,359.0,12,12,0,5.5,4.0,87.6,23.16,5.79,75.0,critical,95.0,341.1,1974.97,682.2
BATCH-PRX-01866,2025-08-31 00:00:00,Mandi Yard,Wheat,Cereal,3008,813.6,121,180,59,24.5,22.0,85.4,35.04,32.27,7.9,low,5.0,445.4,14373.06,890.8
BATCH-PRX-00084,2025-09-01 00:00:00,Farm Hub,Rice,Cereal,2783,963.5,90,180,90,34.2,22.0,81.6,48.59,44.56,8.3,low,53.8,529.7,23603.43,1059.4
BATCH-PRX-00355,2025-09-01 00:00:00,Farm Hub,Green Chilli,Spice / Vegetable,3648,638.8,13,10,-3,13.4,10.0,88.5,133.72,33.43,75.0,critical,95.0,0.0,0.0,0.0
BATCH-PRX-00376,2025-09-01 00:00:00,Wholesaler Depot,Mango,Fruit,3086,1681.7,2,7,5,24.5,12.0,89.3,106.6,73.77,30.8,medium,69.9,1151.6,84953.53,2303.2
BATCH-PRX-00495,2025-09-01 00:00:00,Retail Supermarket,Rice,Cereal,3399,991.1,108,180,72,24.7,22.0,72.9,46.05,42.14,8.5,low,5.0,546.1,23012.65,1092.2
BATCH-PRX-01700,2025-09-01 00:00:00,Retail Supermarket,Apple,Fruit,3076,535.9,23,25,2,4.4,2.0,89.8,157.85,88.55,43.9,high,45.0,409.1,36225.81,818.2
BATCH-PRX-01804,2025-09-01 00:00:00,Mandi Yard,Tomato,Vegetable,1741,771.8,3,7,4,16.7,12.0,91.8,38.64,28.83,25.4,medium,20.0,503.5,14515.9,1007.0
BATCH-PRX-01245,2025-09-02 00:00:00,Wholesaler Depot,Cabbage,Vegetable,3037,1850.5,4,12,8,10.0,4.0,78.2,20.94,17.76,15.2,low,29.1,1094.0,19429.44,2188.0
BATCH-PRX-01251,2025-09-02 00:00:00,Farm Hub,Apple,Fruit,1058,822.4,2,25,23,15.8,2.0,86.1,171.73,154.04,10.3,low,60.2,462.0,71166.48,924.0
BATCH-PRX-01514,2025-09-02 00:00:00,Mandi Yard,Turmeric,Spice,2126,953.6,47,120,73,33.7,20.0,84.1,176.6,160.88,8.9,low,59.8,527.7,84896.38,1055.4
BATCH-PRX-01631,2025-09-02 00:00:00,Farm Hub,Green Chilli,Spice / Vegetable,1652,323.1,12,10,-2,9.3,10.0,89.6,147.78,36.95,75.0,critical,95.0,0.0,0.0,0.0
BATCH-PRX-00228,2025-09-03 00:00:00,Retail Supermarket,Green Chilli,Spice / Vegetable,2026,1505.0,0,10,10,12.6,10.0,80.8,133.24,116.19,12.8,low,5.0,868.1,100864.54,1736.2
BATCH-PRX-00661,2025-09-03 00:00:00,Farm Hub,Orange,Fruit,3092,2370.1,3,14,11,12.0,6.0,80.5,58.0,47.68,17.8,low,28.8,1438.2,68573.38,2876.4
BATCH-PRX-00787,2025-09-03 00:00:00,Wholesaler Depot,Garlic,Spice / Vegetable,919,245.5,40,60,20,28.5,15.0,88.9,187.07,176.59,5.6,low,59.0,131.0,23133.29,262.0
BATCH-PRX-00805,2025-09-03 00:00:00,Wholesaler Depot,Green Chilli,Spice / Vegetable,1112,694.4,1,10,9,18.7,10.0,66.2,133.81,122.03,8.8,low,40.0,383.9,46847.32,767.8
BATCH-PRX-00903,2025-09-03 00:00:00,Farm Hub,Green Chilli,Spice / Vegetable,3519,1791.7,3,10,7,15.6,10.0,88.6,155.77,110.13,29.3,medium,42.5,1210.8,133345.4,2421.6
BATCH-PRX-01766,2025-09-03 00:00:00,Wholesaler Depot,Rice,Cereal,2862,457.9,163,180,17,34.1,22.0,78.6,51.78,48.78,5.8,low,53.3,244.9,11946.22,489.8
BATCH-PRX-01800,2025-09-03 00:00:00,Wholesaler Depot,Potato,Vegetable,4112,654.0,43,35,-8,10.3,8.0,73.7,25.98,6.5,75.0,critical,95.0,0.0,0.0,0.0
BATCH-PRX-01695,2025-09-04 00:00:00,Retail Supermarket,Carrot,Vegetable,1307,206.5,13,15,2,6.7,4.0,67.4,45.15,26.28,41.8,high,45.0,155.0,4073.4,310.0
BATCH-PRX-00273,2025-09-05 00:00:00,Mandi Yard,Banana,Fruit,1678,227.0,6,6,0,12.8,14.0,71.3,60.16,15.04,75.0,critical,95.0,215.6,3242.62,431.2
BATCH-PRX-00309,2025-09-05 00:00:00,Retail Supermarket,Banana,Fruit,3612,2996.0,0,6,6,16.6,14.0,74.3,55.53,35.59,35.9,medium,20.0,2143.3,76280.05,4286.6
BATCH-PRX-00331,2025-09-05 00:00:00,Farm Hub,Orange,Fruit,1990,1668.0,1,14,13,6.9,6.0,71.6,68.75,58.99,14.2,low,5.0,976.1,57580.14,1952.2
BATCH-PRX-00498,2025-09-05 00:00:00,Farm Hub,Onion,Vegetable,2873,1372.4,12,30,18,15.0,10.0,78.2,33.9,29.46,13.1,low,5.0,794.1,23394.19,1588.2
BATCH-PRX-01944,2025-09-05 00:00:00,Mandi Yard,Wheat,Cereal,1314,623.2,90,180,90,25.6,22.0,71.7,31.73,29.54,6.9,low,5.0,337.4,9966.8,674.8
BATCH-PRX-00042,2025-09-06 00:00:00,Retail Supermarket,Wheat,Cereal,1201,794.2,25,180,155,30.0,22.0,85.1,32.49,29.96,7.8,low,36.8,434.3,13011.63,868.6
BATCH-PRX-00833,2025-09-06 00:00:00,Mandi Yard,Banana,Fruit,4428,2762.2,1,6,5,26.2,14.0,69.1,60.21,39.32,34.7,medium,68.8,1956.2,76917.78,3912.4
BATCH-PRX-00878,2025-09-06 00:00:00,Mandi Yard,Mango,Fruit,2120,341.4,9,7,-2,25.6,12.0,77.4,90.95,22.74,75.0,critical,100.0,0.0,0.0,0.0
BATCH-PRX-00979,2025-09-06 00:00:00,Retail Supermarket,Wheat,Cereal,3966,955.5,135,180,45,22.8,22.0,84.9,35.6,32.54,8.6,low,5.0,527.1,17151.83,1054.2
BATCH-PRX-01010,2025-09-06 00:00:00,Wholesaler Depot,Potato,Vegetable,1332,1120.6,2,35,33,6.7,8.0,76.2,30.33,26.93,11.2,low,5.0,635.6,17116.71,1271.2
BATCH-PRX-01921,2025-09-06 00:00:00,Mandi Yard,Turmeric,Spice,195,35.7,155,120,-35,33.9,20.0,67.6,156.92,40.33,74.3,critical,100.0,0.0,0.0,0.0
BATCH-PRX-01508,2025-09-07 00:00:00,Farm Hub,Ginger,Spice,868,127.9,19,20,1,10.4,12.0,73.6,116.04,45.37,60.9,critical,75.0,110.7,5022.46,221.4
BATCH-PRX-01925,2025-09-07 00:00:00,Farm Hub,Carrot,Vegetable,3605,768.6,11,15,4,5.6,4.0,81.0,42.03,31.69,24.6,medium,20.0,497.7,15772.11,995.4
BATCH-PRX-01983,2025-09-07 00:00:00,Wholesaler Depot,Green Chilli,Spice / Vegetable,2185,433.8,10,10,0,21.3,10.0,76.8,131.89,32.97,75.0,critical,100.0,412.1,13586.94,824.2
BATCH-PRX-00417,2025-09-08 00:00:00,Farm Hub,Tomato,Vegetable,3845,677.1,7,7,0,24.3,12.0,70.3,40.15,10.04,75.0,critical,100.0,643.2,6457.73,1286.4
BATCH-PRX-00462,2025-09-08 00:00:00,Farm Hub,Tomato,Vegetable,2644,1649.2,1,7,6,16.4,12.0,90.3,38.01,26.72,29.7,medium,20.0,1118.5,29886.32,2237.0
BATCH-PRX-00599,2025-09-08 00:00:00,Farm Hub,Green Chilli,Spice / Vegetable,2000,305.9,10,10,0,11.7,10.0,86.8,147.64,36.91,75.0,critical,95.0,290.6,10726.05,581.2
BATCH-PRX-00856,2025-09-08 00:00:00,Farm Hub,Cauliflower,Vegetable,1600,305.4,10,8,-2,3.9,5.0,71.1,30.55,7.64,75.0,critical,95.0,0.0,0.0,0.0
BATCH-PRX-00925,2025-09-08 00:00:00,Retail Supermarket,Banana,Fruit,286,44.8,5,6,1,25.8,14.0,72.8,56.89,22.13,61.1,critical,100.0,38.8,858.64,77.6
BATCH-PRX-01030,2025-09-08 00:00:00,Retail Supermarket,Carrot,Vegetable,1365,721.9,6,15,9,14.4,4.0,87.9,48.4,43.85,9.4,low,46.8,401.7,17614.54,803.4
BATCH-PRX-00801,2025-09-09 00:00:00,Retail Supermarket,Potato,Vegetable,1345,585.9,17,35,18,20.1,8.0,71.9,31.69,29.0,8.5,low,53.4,322.8,9361.2,645.6
BATCH-PRX-01176,2025-09-09 00:00:00,Retail Supermarket,Mango,Fruit,4249,570.7,9,7,-2,24.7,12.0,80.4,98.6,24.65,75.0,critical,100.0,0.0,0.0,0.0
BATCH-PRX-01773,2025-09-09 00:00:00,Retail Supermarket,Mango,Fruit,4183,831.6,9,7,-2,19.0,12.0,69.1,90.52,22.63,75.0,critical,100.0,0.0,0.0,0.0
BATCH-PRX-00223,2025-09-10 00:00:00,Farm Hub,Mango,Fruit,2844,1480.9,2,7,5,18.5,12.0,76.3,108.45,76.13,29.8,medium,45.8,1005.2,76525.88,2010.4
BATCH-PRX-01516,2025-09-10 00:00:00,Retail Supermarket,Green Chilli,Spice / Vegetable,3184,445.9,12,10,-2,17.8,10.0,79.3,145.48,36.37,75.0,critical,100.0,0.0,0.0,0.0
BATCH-PRX-01979,2025-09-10 00:00:00,Wholesaler Depot,Apple,Fruit,3891,3406.4,0,25,25,3.2,2.0,87.5,159.76,125.89,21.2,low,5.0,2136.5,268963.98,4273.0
BATCH-PRX-01987,2025-09-10 00:00:00,Wholesaler Depot,Potato,Vegetable,1742,486.8,25,35,10,11.4,8.0,81.9,25.53,23.49,8.0,low,5.0,266.8,6267.13,533.6
BATCH-PRX-00279,2025-09-11 00:00:00,Farm Hub,Potato,Vegetable,1939,342.5,43,35,-8,17.6,8.0,72.4,26.87,6.72,75.0,critical,100.0,0.0,0.0,0.0
BATCH-PRX-00705,2025-09-11 00:00:00,Retail Supermarket,Apple,Fruit,2233,402.6,21,25,4,13.7,2.0,82.0,173.73,133.42,23.2,medium,66.9,257.3,34328.97,514.6
BATCH-PRX-00782,2025-09-11 00:00:00,Mandi Yard,Ginger,Spice,3819,2686.3,5,20,15,25.0,12.0,70.4,115.45,93.86,18.7,low,57.2,1644.6,154362.16,3289.2
BATCH-PRX-01166,2025-09-11 00:00:00,Mandi Yard,Onion,Vegetable,4258,1689.3,11,30,19,12.7,10.0,87.5,40.34,34.45,14.6,low,5.0,992.6,34195.07,1985.2
BATCH-PRX-00592,2025-09-12 00:00:00,Mandi Yard,Mango,Fruit,1493,282.8,8,7,-1,18.0,12.0,91.2,97.15,24.29,75.0,critical,100.0,0.0,0.0,0.0
BATCH-PRX-01538,2025-09-12 00:00:00,Retail Supermarket,Orange,Fruit,3962,2444.9,5,14,9,8.9,6.0,71.0,66.04,54.09,18.1,low,5.0,1488.0,80485.92,2976.0
BATCH-PRX-00325,2025-09-13 00:00:00,Farm Hub,Potato,Vegetable,2504,364.5,32,35,3,21.0,8.0,76.3,27.49,15.83,42.4,high,97.0,275.0,4353.25,550.0
BATCH-PRX-01507,2025-09-13 00:00:00,Farm Hub,Ginger,Spice,2150,1711.1,2,20,18,14.2,12.0,85.1,127.3,109.61,13.9,low,5.0,998.3,109423.66,1996.6
BATCH-PRX-00607,2025-09-14 00:00:00,Wholesaler Depot,Onion,Vegetable,691,87.7,28,30,2,15.4,10.0,89.8,34.19,19.97,41.6,high,66.5,65.7,1312.03,131.4
BATCH-PRX-01568,2025-09-14 00:00:00,Farm Hub,Mango,Fruit,1697,256.8,8,7,-1,21.4,12.0,90.6,90.44,22.61,75.0,critical,100.0,0.0,0.0,0.0
BATCH-PRX-00362,2025-09-15 00:00:00,Retail Supermarket,Apple,Fruit,516,98.7,21,25,4,8.8,2.0,71.7,179.85,140.82,21.7,medium,47.1,62.2,8759.0,124.4
BATCH-PRX-00561,2025-09-15 00:00:00,Retail Supermarket,Rice,Cereal,2243,1253.1,69,180,111,33.8,22.0,74.9,46.6,42.03,9.8,low,52.2,700.2,29429.41,1400.4
BATCH-PRX-00850,2025-09-15 00:00:00,Retail Supermarket,Carrot,Vegetable,411,72.7,13,15,2,11.4,4.0,87.6,45.01,26.51,41.1,high,74.6,54.3,1439.49,108.6
BATCH-PRX-00917,2025-09-15 00:00:00,Farm Hub,Turmeric,Spice,619,85.9,112,120,8,27.9,20.0,76.3,176.39,168.45,4.5,low,36.7,45.3,7630.78,90.6
BATCH-PRX-00424,2025-09-16 00:00:00,Wholesaler Depot,Cauliflower,Vegetable,1821,1084.1,2,8,6,5.2,5.0,78.3,31.4,23.08,26.5,medium,20.0,714.4,16488.35,1428.8
BATCH-PRX-01292,2025-09-16 00:00:00,Retail Supermarket,Rice,Cereal,2808,1861.1,23,180,157,23.5,22.0,85.8,50.93,44.41,12.8,low,5.0,1073.5,47674.13,2147.0
BATCH-PRX-01610,2025-09-16 00:00:00,Mandi Yard,Potato,Vegetable,124,61.3,13,35,22,21.5,8.0,80.1,26.5,24.94,5.9,low,59.0,32.8,818.03,65.6
BATCH-PRX-01918,2025-09-16 00:00:00,Farm Hub,Cauliflower,Vegetable,2538,1240.2,4,8,4,11.4,5.0,77.8,32.5,23.63,27.3,medium,45.5,823.2,19452.22,1646.4
BATCH-PRX-00253,2025-09-17 00:00:00,Farm Hub,Mango,Fruit,990,172.4,7,7,0,16.7,12.0,68.7,91.27,22.82,75.0,critical,95.0,163.8,3737.92,327.6
BATCH-PRX-01637,2025-09-17 00:00:00,Wholesaler Depot,Carrot,Vegetable,2970,1466.8,7,15,8,11.5,4.0,77.9,41.92,36.43,13.1,low,34.9,848.7,30918.14,1697.4
BATCH-PRX-00153,2025-09-18 00:00:00,Mandi Yard,Cauliflower,Vegetable,1284,343.0,5,8,3,4.4,5.0,76.2,28.01,16.02,42.8,high,45.0,259.6,4158.79,519.2
BATCH-PRX-00211,2025-09-18 00:00:00,Wholesaler Depot,Orange,Fruit,2668,934.5,9,14,5,14.0,6.0,72.2,61.36,45.65,25.6,medium,51.9,610.8,27883.02,1221.6
BATCH-PRX-00212,2025-09-18 00:00:00,Farm Hub,Turmeric,Spice,2557,371.4,102,120,18,24.8,20.0,90.6,156.83,147.42,6.0,low,5.0,199.1,29351.32,398.2
BATCH-PRX-01192,2025-09-18 00:00:00,Retail Supermarket,Ginger,Spice,2624,713.7,11,20,9,19.2,12.0,86.5,124.73,113.63,8.9,low,34.0,395.0,44883.85,790.0
BATCH-PRX-01370,2025-09-18 00:00:00,Farm Hub,Apple,Fruit,1802,342.0,23,25,2,2.5,2.0,77.8,174.93,99.89,42.9,high,45.0,259.0,25871.51,518.0
BATCH-PRX-00094,2025-09-19 00:00:00,Farm Hub,Mango,Fruit,2760,1060.3,4,7,3,12.6,12.0,84.9,93.35,48.82,47.7,high,45.0,833.6,40696.35,1667.2
BATCH-PRX-00292,2025-09-19 00:00:00,Mandi Yard,Wheat,Cereal,2719,1844.6,48,180,132,33.1,22.0,67.2,36.22,31.51,13.0,low,49.2,1066.2,33595.96,2132.4
BATCH-PRX-00319,2025-09-19 00:00:00,Mandi Yard,Potato,Vegetable,1654,313.7,29,35,6,6.1,8.0,72.7,26.46,20.59,22.2,medium,20.0,198.6,4089.17,397.2
BATCH-PRX-00164,2025-09-21 00:00:00,Wholesaler Depot,Tomato,Vegetable,2527,417.4,9,7,-2,25.9,12.0,85.5,46.05,11.51,75.0,critical,100.0,0.0,0.0,0.0
BATCH-PRX-00670,2025-09-21 00:00:00,Retail Supermarket,Tomato,Vegetable,2295,303.9,9,7,-2,21.0,12.0,81.0,40.61,10.15,75.0,critical,100.0,0.0,0.0,0.0
BATCH-PRX-00968,2025-09-21 00:00:00,Retail Supermarket,Cauliflower,Vegetable,4007,1661.4,4,8,4,11.3,5.0,79.0,27.65,19.52,29.4,medium,45.2,1123.8,21936.58,2247.6
BATCH-PRX-01638,2025-09-21 00:00:00,Mandi Yard,Cauliflower,Vegetable,2249,880.2,4,8,4,18.1,5.0,66.2,31.17,23.22,25.5,medium,72.3,574.8,13346.86,1149.6
BATCH-PRX-01306,2025-09-22 00:00:00,Wholesaler Depot,Wheat,Cereal,4234,630.5,183,180,-3,30.3,22.0,74.0,37.05,9.26,75.0,critical,100.0,0.0,0.0,0.0
BATCH-PRX-01480,2025-09-22 00:00:00,Mandi Yard,Onion,Vegetable,4492,3134.7,8,30,22,23.5,10.0,79.3,34.66,27.31,21.2,low,59.1,1966.1,53694.19,3932.2
BATCH-PRX-00872,2025-09-23 00:00:00,Mandi Yard,Onion,Vegetable,3540,1507.3,12,30,18,19.4,10.0,67.2,39.33,33.94,13.7,low,42.7,877.6,29785.74,1755.2
BATCH-PRX-01458,2025-09-23 00:00:00,Retail Supermarket,Ginger,Spice,2632,1978.3,0,20,20,21.2,12.0,91.3,133.33,113.06,15.2,low,41.8,1169.6,132234.98,2339.2
BATCH-PRX-01999,2025-09-23 00:00:00,Retail Supermarket,Wheat,Cereal,3230,595.2,222,180,-42,28.4,22.0,78.5,33.57,8.39,75.0,critical,100.0,0.0,0.0,0.0
BATCH-PRX-00963,2025-09-24 00:00:00,Wholesaler Depot,Mango,Fruit,2278,1886.4,0,7,7,11.1,12.0,82.4,106.25,72.46,31.8,medium,20.0,1303.1,94422.63,2606.2
BATCH-PRX-01942,2025-09-24 00:00:00,Farm Hub,Garlic,Spice / Vegetable,1264,217.9,62,60,-2,27.9,15.0,83.0,200.16,50.04,75.0,critical,100.0,0.0,0.0,0.0
BATCH-PRX-00798,2025-09-25 00:00:00,Wholesaler Depot,Turmeric,Spice,3389,642.0,144,120,-24,27.6,20.0,75.5,146.72,36.68,75.0,critical,100.0,0.0,0.0,0.0
BATCH-PRX-01689,2025-09-25 00:00:00,Retail Supermarket,Banana,Fruit,3190,637.5,7,6,-1,24.0,14.0,80.4,54.93,13.73,75.0,critical,100.0,0.0,0.0,0.0
BATCH-PRX-00407,2025-09-27 00:00:00,Retail Supermarket,Mango,Fruit,2661,456.2,9,7,-2,11.4,12.0,70.0,94.92,23.73,75.0,critical,95.0,0.0,0.0,0.0
BATCH-PRX-00499,2025-09-27 00:00:00,Retail Supermarket,Carrot,Vegetable,1901,278.5,19,15,-4,7.5,4.0,83.7,44.78,11.2,75.0,critical,95.0,0.0,0.0,0.0
BATCH-PRX-01452,2025-09-27 00:00:00,Farm Hub,Potato,Vegetable,3622,632.3,30,35,5,9.7,8.0,66.6,28.9,22.02,23.8,medium,20.0,406.4,8948.93,812.8
BATCH-PRX-00518,2025-09-28 00:00:00,Mandi Yard,Cauliflower,Vegetable,3601,1776.8,4,8,4,15.4,5.0,71.3,31.93,22.38,29.9,medium,61.7,1207.2,27017.14,2414.4
BATCH-PRX-01509,2025-09-28 00:00:00,Farm Hub,Potato,Vegetable,2988,536.5,36,35,-1,11.6,8.0,69.4,28.46,7.12,75.0,critical,95.0,0.0,0.0,0.0
BATCH-PRX-01941,2025-09-28 00:00:00,Retail Supermarket,Cauliflower,Vegetable,3239,562.5,10,8,-2,17.8,5.0,72.5,32.44,8.11,75.0,critical,100.0,0.0,0.0,0.0
BATCH-PRX-01985,2025-09-28 00:00:00,Mandi Yard,Wheat,Cereal,2031,366.0,175,180,5,33.0,22.0,67.9,30.57,24.27,20.6,medium,63.8,228.2,5538.41,456.4
BATCH-PRX-00488,2025-09-29 00:00:00,Mandi Yard,Mango,Fruit,708,358.6,3,7,4,13.5,12.0,66.6,103.45,78.42,24.2,medium,20.0,231.4,18146.39,462.8
BATCH-PRX-01097,2025-09-29 00:00:00,Retail Supermarket,Cauliflower,Vegetable,306,129.7,3,8,5,16.3,5.0,91.6,29.67,23.23,21.7,medium,65.1,81.7,1897.89,163.4
BATCH-PRX-01534,2025-09-29 00:00:00,Mandi Yard,Cauliflower,Vegetable,1881,429.3,6,8,2,3.1,5.0,76.3,32.07,18.22,43.2,high,45.0,325.9,5937.9,651.8
BATCH-PRX-01649,2025-09-29 00:00:00,Mandi Yard,Garlic,Spice / Vegetable,4189,2019.4,30,60,30,27.0,15.0,72.8,192.98,165.0,14.5,low,53.0,1185.4,195591.0,2370.8
BATCH-PRX-00348,2025-09-30 00:00:00,Farm Hub,Wheat,Cereal,2413,419.4,206,180,-26,24.9,22.0,78.0,32.8,8.2,75.0,critical,95.0,0.0,0.0,0.0
BATCH-PRX-00618,2025-09-30 00:00:00,Farm Hub,Green Chilli,Spice / Vegetable,1909,1519.7,0,10,10,19.5,10.0,69.3,156.48,136.29,12.9,low,43.0,877.5,119594.47,1755.0
BATCH-PRX-01326,2025-09-30 00:00:00,Farm Hub,Orange,Fruit,517,339.9,0,14,14,14.8,6.0,87.8,63.42,58.6,7.6,low,40.1,185.4,10864.44,370.8
BATCH-PRX-00252,2025-10-01 00:00:00,Retail Supermarket,Potato,Vegetable,3629,2167.9,12,35,23,17.8,8.0,73.7,29.25,24.45,16.4,low,44.3,1297.3,31718.98,2594.6
BATCH-PRX-01878,2025-10-01 00:00:00,Wholesaler Depot,Onion,Vegetable,362,96.0,20,30,10,19.1,10.0,69.6,32.61,30.43,6.7,low,41.5,51.9,1579.32,103.8
BATCH-PRX-00463,2025-10-02 00:00:00,Mandi Yard,Banana,Fruit,3843,1532.0,3,6,3,17.9,14.0,81.4,58.39,30.01,48.6,high,45.0,1212.7,36393.13,2425.4
BATCH-PRX-01131,2025-10-02 00:00:00,Farm Hub,Ginger,Spice,3014,1217.7,10,20,10,24.7,12.0,75.5,115.64,102.46,11.4,low,55.8,692.1,70912.57,1384.2
BATCH-PRX-01597,2025-10-02 00:00:00,Mandi Yard,Cabbage,Vegetable,4397,1008.9,9,12,3,8.7,4.0,84.5,22.34,12.09,45.9,high,45.0,782.3,9458.01,1564.6
BATCH-PRX-01951,2025-10-02 00:00:00,Retail Supermarket,Onion,Vegetable,979,284.6,18,30,12,23.5,10.0,76.3,37.76,34.89,7.6,low,59.0,155.3,5418.42,310.6
BATCH-PRX-01995,2025-10-02 00:00:00,Farm Hub,Potato,Vegetable,1523,304.1,26,35,9,13.6,8.0,83.7,27.35,25.41,7.1,low,27.3,165.0,4192.65,330.0
BATCH-PRX-00069,2025-10-03 00:00:00,Retail Supermarket,Cauliflower,Vegetable,4028,3434.3,0,8,8,3.3,5.0,73.0,34.34,27.09,21.1,low,5.0,2151.9,58294.97,4303.8
BATCH-PRX-00497,2025-10-03 00:00:00,Wholesaler Depot,Mango,Fruit,3957,643.4,7,7,0,25.9,12.0,71.1,103.38,25.84,75.0,critical,100.0,611.2,15793.41,1222.4
BATCH-PRX-01531,2025-10-03 00:00:00,Farm Hub,Cauliflower,Vegetable,458,98.1,6,8,2,7.2,5.0,87.8,28.35,16.58,41.5,high,45.0,73.5,1218.63,147.0
BATCH-PRX-01714,2025-10-03 00:00:00,Wholesaler Depot,Banana,Fruit,4456,3897.8,0,6,6,16.1,14.0,92.0,59.35,38.04,35.9,medium,20.0,2788.5,106074.54,5577.0
BATCH-PRX-01829,2025-10-03 00:00:00,Wholesaler Depot,Garlic,Spice / Vegetable,304,119.2,27,60,33,15.7,15.0,74.7,174.98,166.23,5.0,low,5.0,63.2,10505.74,126.4
BATCH-PRX-01288,2025-10-04 00:00:00,Wholesaler Depot,Cauliflower,Vegetable,4407,2811.3,1,8,7,14.1,5.0,88.4,29.83,19.36,35.1,medium,56.4,1997.7,38675.47,3995.4
BATCH-PRX-01388,2025-10-04 00:00:00,Farm Hub,Cabbage,Vegetable,1754,984.5,4,12,8,14.1,4.0,86.8,24.69,22.02,10.8,low,45.4,556.0,12243.12,1112.0
BATCH-PRX-00058,2025-10-05 00:00:00,Mandi Yard,Potato,Vegetable,3976,1922.3,10,35,25,15.5,8.0,83.4,29.13,24.7,15.2,low,34.9,1136.5,28071.55,2273.0
BATCH-PRX-00052,2025-10-06 00:00:00,Retail Supermarket,Cauliflower,Vegetable,1957,1298.0,2,8,6,11.0,5.0,85.2,27.97,20.28,27.5,medium,43.8,863.2,17505.7,1726.4
BATCH-PRX-00863,2025-10-06 00:00:00,Mandi Yard,Tomato,Vegetable,1695,1182.7,0,7,7,16.7,12.0,86.2,44.39,32.23,27.4,medium,20.0,785.8,25326.33,1571.6
BATCH-PRX-01156,2025-10-06 00:00:00,Retail Supermarket,Cabbage,Vegetable,1997,477.4,9,12,3,9.4,4.0,70.4,21.44,12.16,43.3,high,66.5,362.7,4410.43,725.4
BATCH-PRX-01451,2025-10-06 00:00:00,Mandi Yard,Banana,Fruit,4272,712.6,7,6,-1,14.8,14.0,70.8,54.51,13.63,75.0,critical,95.0,0.0,0.0,0.0
BATCH-PRX-01696,2025-10-06 00:00:00,Farm Hub,Apple,Fruit,2491,1622.9,3,25,22,4.4,2.0,90.1,195.45,167.5,14.3,low,5.0,950.7,159242.25,1901.4
BATCH-PRX-00063,2025-10-07 00:00:00,Farm Hub,Potato,Vegetable,3923,3078.6,2,35,33,16.6,8.0,81.1,31.25,24.81,20.6,low,39.4,1919.8,47630.24,3839.6
BATCH-PRX-00332,2025-10-07 00:00:00,Farm Hub,Rice,Cereal,2764,414.2,176,180,4,32.2,22.0,84.7,50.06,39.75,20.6,medium,60.6,258.3,10267.43,516.6
BATCH-PRX-00416,2025-10-08 00:00:00,Wholesaler Depot,Banana,Fruit,2949,1639.5,2,6,4,12.8,14.0,83.6,50.78,36.0,29.1,medium,20.0,1106.0,39816.0,2212.0
BATCH-PRX-00436,2025-10-08 00:00:00,Mandi Yard,Cauliflower,Vegetable,3765,2144.8,1,8,7,8.3,5.0,84.6,29.84,20.35,31.8,medium,20.0,1481.6,30150.56,2963.2
BATCH-PRX-01160,2025-10-08 00:00:00,Wholesaler Depot,Garlic,Spice / Vegetable,4373,527.9,76,60,-16,16.0,15.0,75.8,166.36,41.59,75.0,critical,95.0,0.0,0.0,0.0
BATCH-PRX-01497,2025-10-08 00:00:00,Mandi Yard,Rice,Cereal,2657,395.2,163,180,17,32.2,22.0,81.4,55.98,52.9,5.5,low,46.0,210.6,11140.74,421.2
BATCH-PRX-00981,2025-10-09 00:00:00,Mandi Yard,Mango,Fruit,1894,1860.9,0,7,7,16.3,12.0,79.1,86.75,59.25,31.7,medium,20.0,1284.4,76100.7,2568.8
BATCH-PRX-01032,2025-10-09 00:00:00,Mandi Yard,Mango,Fruit,4477,2611.1,1,7,6,11.8,12.0,70.7,91.91,59.28,35.5,medium,20.0,1861.7,110361.58,3723.4
BATCH-PRX-01373,2025-10-09 00:00:00,Farm Hub,Rice,Cereal,1669,843.0,77,180,103,28.9,22.0,75.5,54.1,49.93,7.7,low,32.5,460.4,22987.77,920.8
BATCH-PRX-01749,2025-10-09 00:00:00,Mandi Yard,Garlic,Spice / Vegetable,3763,692.2,61,60,-1,15.7,15.0,73.4,197.53,49.38,75.0,critical,95.0,0.0,0.0,0.0
BATCH-PRX-00169,2025-10-11 00:00:00,Retail Supermarket,Onion,Vegetable,808,129.0,31,30,-1,11.9,10.0,76.4,35.87,8.97,75.0,critical,95.0,0.0,0.0,0.0
BATCH-PRX-00946,2025-10-11 00:00:00,Mandi Yard,Orange,Fruit,2843,1935.1,3,14,11,6.4,6.0,84.9,61.93,52.27,15.6,low,5.0,1148.7,60042.55,2297.4
BATCH-PRX-01322,2025-10-11 00:00:00,Mandi Yard,Cabbage,Vegetable,2801,892.2,7,12,5,9.4,4.0,75.2,25.7,19.17,25.4,medium,41.5,582.1,11158.86,1164.2
BATCH-PRX-01548,2025-10-12 00:00:00,Farm Hub,Cabbage,Vegetable,1179,442.6,5,12,7,11.1,4.0,76.2,25.67,19.74,23.1,medium,48.2,282.6,5578.52,565.2
BATCH-PRX-01849,2025-10-12 00:00:00,Farm Hub,Apple,Fruit,2781,578.9,19,25,6,9.5,2.0,85.0,191.71,145.51,24.1,medium,50.2,373.2,54304.33,746.4
BATCH-PRX-01892,2025-10-12 00:00:00,Wholesaler Depot,Cauliflower,Vegetable,3416,3024.4,0,8,8,15.5,5.0,82.8,28.68,22.63,21.1,low,47.1,1895.1,42886.11,3790.2
BATCH-PRX-00955,2025-10-13 00:00:00,Wholesaler Depot,Turmeric,Spice,4130,600.0,121,120,-1,23.8,20.0,78.8,169.57,42.39,75.0,critical,95.0,0.0,0.0,0.0
BATCH-PRX-01125,2025-10-13 00:00:00,Farm Hub,Banana,Fruit,918,358.7,3,6,3,19.8,14.0,76.2,49.89,28.59,42.7,high,68.1,271.2,7753.61,542.4
BATCH-PRX-00601,2025-10-14 00:00:00,Mandi Yard,Rice,Cereal,3314,1028.5,102,180,78,26.0,22.0,77.9,48.7,44.51,8.6,low,5.0,567.3,25250.52,1134.6
BATCH-PRX-00660,2025-10-14 00:00:00,Retail Supermarket,Carrot,Vegetable,3301,1314.3,8,15,7,7.6,4.0,72.8,43.79,31.84,27.3,medium,20.0,872.4,27777.22,1744.8
BATCH-PRX-01020,2025-10-14 00:00:00,Mandi Yard,Mango,Fruit,4270,803.2,6,7,1,23.7,12.0,80.0,101.24,34.02,66.4,critical,100.0,721.6,24548.83,1443.2
BATCH-PRX-01936,2025-10-14 00:00:00,Mandi Yard,Ginger,Spice,1896,1147.6,1,20,19,23.2,12.0,83.5,114.27,101.7,11.0,low,49.7,649.5,66054.15,1299.0
BATCH-PRX-00100,2025-10-15 00:00:00,Farm Hub,Tomato,Vegetable,832,737.0,0,7,7,13.8,12.0,78.0,40.11,30.0,25.2,medium,20.0,479.9,14397.0,959.8
BATCH-PRX-00188,2025-10-15 00:00:00,Retail Supermarket,Tomato,Vegetable,3863,3111.8,0,7,7,18.2,12.0,66.8,43.91,27.88,36.5,medium,44.9,2237.4,62378.71,4474.8
BATCH-PRX-00985,2025-10-15 00:00:00,Farm Hub,Turmeric,Spice,912,805.9,0,120,120,19.3,20.0,84.4,153.14,140.74,8.1,low,5.0,442.1,62221.15,884.2
BATCH-PRX-00159,2025-10-16 00:00:00,Farm Hub,Mango,Fruit,2023,300.7,9,7,-2,12.7,12.0,88.3,108.12,27.03,75.0,critical,95.0,0.0,0.0,0.0
BATCH-PRX-00191,2025-10-16 00:00:00,Mandi Yard,Onion,Vegetable,3500,531.6,33,30,-3,10.4,10.0,85.6,37.61,9.4,75.0,critical,95.0,0.0,0.0,0.0
BATCH-PRX-00259,2025-10-17 00:00:00,Farm Hub,Mango,Fruit,3750,596.7,9,7,-2,14.8,12.0,73.0,107.84,26.96,75.0,critical,95.0,0.0,0.0,0.0
BATCH-PRX-01712,2025-10-17 00:00:00,Wholesaler Depot,Mango,Fruit,3795,2076.0,3,7,4,14.1,12.0,80.4,104.38,70.14,32.8,medium,20.0,1446.6,101464.52,2893.2
BATCH-PRX-01758,2025-10-17 00:00:00,Wholesaler Depot,Rice,Cereal,2961,528.7,146,180,34,29.4,22.0,81.1,51.49,48.35,6.1,low,34.5,283.7,13716.9,567.4
BATCH-PRX-00146,2025-10-18 00:00:00,Retail Supermarket,Turmeric,Spice,3619,610.3,113,120,7,29.4,20.0,83.3,151.27,117.69,22.2,medium,57.5,386.4,45475.42,772.8
BATCH-PRX-00486,2025-10-18 00:00:00,Wholesaler Depot,Ginger,Spice,819,225.9,11,20,9,25.3,12.0,82.5,126.75,118.64,6.4,low,58.1,121.6,14426.62,243.2
BATCH-PRX-00855,2025-10-18 00:00:00,Farm Hub,Apple,Fruit,2444,775.4,13,25,12,8.8,2.0,67.8,171.7,154.36,10.1,low,32.2,434.7,67100.29,869.4
BATCH-PRX-01702,2025-10-18 00:00:00,Retail Supermarket,Potato,Vegetable,1464,282.1,28,35,7,12.4,8.0,76.5,27.36,21.34,22.0,medium,20.0,178.3,3804.92,356.6
BATCH-PRX-01782,2025-10-19 00:00:00,Farm Hub,Onion,Vegetable,1218,630.0,14,30,16,12.7,10.0,87.7,37.2,33.74,9.3,low,5.0,350.2,11815.75,700.4
BATCH-PRX-01940,2025-10-19 00:00:00,Wholesaler Depot,Turmeric,Spice,2907,379.7,105,120,15,32.5,20.0,82.3,157.6,148.14,6.0,low,55.1,203.5,30146.49,407.0
BATCH-PRX-00092,2025-10-20 00:00:00,Wholesaler Depot,Orange,Fruit,2173,755.2,9,14,5,9.3,6.0,91.3,63.9,48.12,24.7,medium,20.0,489.5,23554.74,979.0
BATCH-PRX-00808,2025-10-20 00:00:00,Wholesaler Depot,Mango,Fruit,2389,1962.4,1,7,6,23.1,12.0,85.3,101.19,68.61,32.2,medium,64.6,1360.3,93330.18,2720.6
BATCH-PRX-00844,2025-10-20 00:00:00,Wholesaler Depot,Mango,Fruit,3751,585.5,7,7,0,18.4,12.0,70.3,102.16,25.54,75.0,critical,100.0,556.2,14205.35,1112.4
BATCH-PRX-01196,2025-10-20 00:00:00,Wholesaler Depot,Ginger,Spice,3399,604.1,26,20,-6,22.6,12.0,70.6,117.26,29.32,75.0,critical,100.0,0.0,0.0,0.0
BATCH-PRX-01476,2025-10-20 00:00:00,Farm Hub,Ginger,Spice,2640,616.6,13,20,7,15.5,12.0,69.5,110.93,84.97,23.4,medium,20.0,394.9,33554.65,789.8
BATCH-PRX-01793,2025-10-20 00:00:00,Wholesaler Depot,Ginger,Spice,1852,469.7,12,20,8,10.9,12.0,80.6,126.91,117.26,7.6,low,5.0,256.3,30053.74,512.6
BATCH-PRX-00790,2025-10-21 00:00:00,Farm Hub,Ginger,Spice,3278,479.5,16,20,4,25.3,12.0,79.1,113.2,87.5,22.7,medium,73.1,305.1,26696.25,610.2
BATCH-PRX-00853,2025-10-21 00:00:00,Mandi Yard,Cabbage,Vegetable,3921,2143.6,5,12,7,12.6,4.0,83.3,21.96,15.02,31.6,medium,54.3,1478.2,22202.56,2956.4
BATCH-PRX-01809,2025-10-21 00:00:00,Mandi Yard,Apple,Fruit,3922,1697.4,10,25,15,0.7,2.0,70.9,188.64,160.91,14.7,low,5.0,998.4,160652.54,1996.8
BATCH-PRX-00121,2025-10-22 00:00:00,Retail Supermarket,Turmeric,Spice,3565,460.2,155,120,-35,26.1,20.0,85.3,149.18,37.3,75.0,critical,100.0,0.0,0.0,0.0
BATCH-PRX-00451,2025-10-22 00:00:00,Retail Supermarket,Cabbage,Vegetable,352,54.4,13,12,-1,6.3,4.0,89.4,24.01,6.0,75.0,critical,95.0,0.0,0.0,0.0
BATCH-PRX-00472,2025-10-22 00:00:00,Farm Hub,Cabbage,Vegetable,4426,981.2,8,12,4,16.8,4.0,69.5,22.11,16.41,25.8,medium,71.2,642.5,10543.42,1285.0
BATCH-PRX-00503,2025-10-22 00:00:00,Farm Hub,Orange,Fruit,3640,598.5,11,14,3,8.8,6.0,85.5,59.69,33.49,43.9,high,45.0,456.9,15301.58,913.8
BATCH-PRX-00934,2025-10-22 00:00:00,Wholesaler Depot,Potato,Vegetable,1427,985.2,9,35,26,17.9,8.0,76.8,28.97,25.93,10.5,low,44.4,554.7,14383.37,1109.4
BATCH-PRX-01540,2025-10-22 00:00:00,Mandi Yard,Cauliflower,Vegetable,907,124.6,9,8,-1,8.6,5.0,86.5,27.63,6.91,75.0,critical,95.0,0.0,0.0,0.0
BATCH-PRX-00897,2025-10-23 00:00:00,Farm Hub,Wheat,Cereal,3836,627.1,207,180,-27,24.0,22.0,80.4,36.23,9.06,75.0,critical,95.0,0.0,0.0,0.0
BATCH-PRX-01286,2025-10-23 00:00:00,Mandi Yard,Garlic,Spice / Vegetable,3649,3298.4,0,60,60,18.1,15.0,67.0,168.76,136.02,19.4,low,5.0,2033.1,276542.26,4066.2
BATCH-PRX-01701,2025-10-23 00:00:00,Wholesaler Depot,Garlic,Spice / Vegetable,1346,208.4,52,60,8,17.8,15.0,71.5,177.6,168.01,5.4,low,5.0,111.0,18649.11,222.0
BATCH-PRX-01744,2025-10-23 00:00:00,Farm Hub,Cauliflower,Vegetable,4112,1452.6,5,8,3,9.0,5.0,65.4,28.31,14.64,48.3,high,45.0,1147.3,16796.47,2294.6
BATCH-PRX-00077,2025-10-24 00:00:00,Retail Supermarket,Wheat,Cereal,3717,579.9,183,180,-3,32.0,22.0,90.9,35.51,8.88,75.0,critical,100.0,0.0,0.0,0.0
BATCH-PRX-00956,2025-10-24 00:00:00,Wholesaler Depot,Orange,Fruit,1513,927.6,4,14,10,10.9,6.0,75.0,68.89,61.66,10.5,low,5.0,522.2,32198.85,1044.4
BATCH-PRX-00303,2025-10-25 00:00:00,Farm Hub,Carrot,Vegetable,1375,960.4,3,15,12,2.6,4.0,91.3,41.54,37.14,10.6,low,5.0,541.3,20103.88,1082.6
BATCH-PRX-00658,2025-10-25 00:00:00,Farm Hub,Orange,Fruit,1734,499.3,9,14,5,15.4,6.0,79.4,60.4,46.27,23.4,medium,57.4,319.8,14797.15,639.6
BATCH-PRX-01385,2025-10-25 00:00:00,Farm Hub,Garlic,Spice / Vegetable,1856,249.7,64,60,-4,17.6,15.0,78.0,187.66,46.91,75.0,critical,95.0,0.0,0.0,0.0
BATCH-PRX-01640,2025-10-25 00:00:00,Mandi Yard,Carrot,Vegetable,2591,972.3,7,15,8,2.7,4.0,87.0,45.99,41.12,10.6,low,5.0,548.0,22533.76,1096.0
BATCH-PRX-01750,2025-10-25 00:00:00,Retail Supermarket,Tomato,Vegetable,861,161.9,8,7,-1,22.3,12.0,86.3,45.36,11.34,75.0,critical,100.0,0.0,0.0,0.0
BATCH-PRX-00412,2025-10-26 00:00:00,Retail Supermarket,Green Chilli,Spice / Vegetable,1172,229.1,8,10,2,14.7,10.0,75.9,150.95,88.46,41.4,high,45.0,171.5,15170.89,343.0
BATCH-PRX-01378,2025-10-26 00:00:00,Mandi Yard,Ginger,Spice,2197,625.7,14,20,6,14.2,12.0,88.8,123.51,94.61,23.4,medium,20.0,400.7,37910.23,801.4
BATCH-PRX-00291,2025-10-27 00:00:00,Retail Supermarket,Tomato,Vegetable,757,151.8,5,7,2,21.5,12.0,72.2,44.93,25.92,42.3,high,83.1,114.4,2965.25,228.8
BATCH-PRX-00742,2025-10-27 00:00:00,Wholesaler Depot,Ginger,Spice,2518,1302.9,3,20,17,19.1,12.0,72.9,118.91,104.88,11.8,low,33.2,743.7,77999.26,1487.4
BATCH-PRX-01760,2025-10-27 00:00:00,Wholesaler Depot,Wheat,Cereal,4337,2251.7,30,180,150,23.8,22.0,82.0,37.28,31.65,15.1,low,5.0,1329.9,42091.33,2659.8
BATCH-PRX-00087,2025-10-28 00:00:00,Farm Hub,Banana,Fruit,4385,1430.7,3,6,3,17.0,14.0,67.7,56.02,29.07,48.1,high,45.0,1128.3,32799.68,2256.6
BATCH-PRX-00344,2025-10-28 00:00:00,Retail Supermarket,Rice,Cereal,1327,899.0,43,180,137,28.0,22.0,71.6,55.38,50.95,8.0,low,28.8,492.7,25103.07,985.4
BATCH-PRX-00449,2025-10-29 00:00:00,Mandi Yard,Ginger,Spice,4485,1343.8,12,20,8,12.1,12.0,72.3,112.26,98.79,12.0,low,5.0,768.7,75939.87,1537.4
BATCH-PRX-01937,2025-10-29 00:00:00,Mandi Yard,Onion,Vegetable,456,273.2,12,30,18,18.3,10.0,86.5,33.52,30.97,7.6,low,38.1,149.1,4617.63,298.2
BATCH-PRX-00725,2025-10-30 00:00:00,Wholesaler Depot,Carrot,Vegetable,2512,1819.8,0,15,15,15.6,4.0,68.7,48.17,41.04,14.8,low,51.3,1071.5,43974.36,2143.0
BATCH-PRX-01335,2025-10-30 00:00:00,Farm Hub,Mango,Fruit,2679,2101.8,1,7,6,21.6,12.0,78.8,88.57,59.43,32.9,medium,58.3,1465.8,87112.49,2931.6
BATCH-PRX-00342,2025-10-31 00:00:00,Wholesaler Depot,Cauliflower,Vegetable,1216,149.5,7,8,1,12.4,5.0,74.7,29.8,11.38,61.8,critical,100.0,130.2,1481.68,260.4
BATCH-PRX-00429,2025-10-31 00:00:00,Farm Hub,Cauliflower,Vegetable,3140,1784.8,1,8,7,4.8,5.0,78.0,33.22,23.25,30.0,medium,20.0,1213.7,28218.53,2427.4
BATCH-PRX-00932,2025-10-31 00:00:00,Wholesaler Depot,Wheat,Cereal,1919,1844.3,7,180,173,30.1,22.0,70.6,34.81,30.28,13.0,low,37.2,1066.0,32278.48,2132.0
BATCH-PRX-00980,2025-10-31 00:00:00,Wholesaler Depot,Cauliflower,Vegetable,2694,1869.4,2,8,6,13.6,5.0,65.1,30.47,21.21,30.4,medium,54.6,1275.7,27057.6,2551.4
BATCH-PRX-00280,2025-11-01 00:00:00,Mandi Yard,Rice,Cereal,3050,1617.5,37,180,143,33.1,22.0,75.6,53.98,47.72,11.6,low,49.6,921.3,43964.44,1842.6
BATCH-PRX-00541,2025-11-01 00:00:00,Retail Supermarket,Green Chilli,Spice / Vegetable,1776,305.3,11,10,-1,19.1,10.0,77.5,126.93,31.73,75.0,critical,100.0,0.0,0.0,0.0
BATCH-PRX-01229,2025-11-01 00:00:00,Retail Supermarket,Rice,Cereal,1103,676.8,42,180,138,24.5,22.0,72.4,47.55,44.27,6.9,low,5.0,366.4,16220.53,732.8
BATCH-PRX-01839,2025-11-01 00:00:00,Farm Hub,Mango,Fruit,2253,980.1,2,7,5,18.0,12.0,68.4,100.81,73.29,27.3,medium,44.0,650.6,47682.47,1301.2
BATCH-PRX-00335,2025-11-02 00:00:00,Wholesaler Depot,Ginger,Spice,1176,303.7,12,20,8,17.9,12.0,85.7,109.69,102.23,6.8,low,28.7,164.2,16786.17,328.4
BATCH-PRX-01328,2025-11-02 00:00:00,Mandi Yard,Rice,Cereal,4003,609.6,148,180,32,26.3,22.0,86.3,47.77,44.66,6.5,low,5.0,328.6,14675.28,657.2
BATCH-PRX-00190,2025-11-03 00:00:00,Wholesaler Depot,Garlic,Spice / Vegetable,2742,1242.6,25,60,35,19.1,15.0,83.0,169.98,151.96,10.6,low,5.0,700.3,106417.59,1400.6
BATCH-PRX-01144,2025-11-03 00:00:00,Retail Supermarket,Rice,Cereal,3572,1001.1,124,180,56,33.2,22.0,89.4,55.86,51.11,8.5,low,49.7,551.6,28192.28,1103.2
BATCH-PRX-00545,2025-11-04 00:00:00,Wholesaler Depot,Carrot,Vegetable,1245,221.7,16,15,-1,16.3,4.0,89.9,51.35,12.84,75.0,critical,100.0,0.0,0.0,0.0
BATCH-PRX-00707,2025-11-04 00:00:00,Wholesaler Depot,Cabbage,Vegetable,3631,1725.4,6,12,6,5.1,4.0,81.3,22.05,15.55,29.5,medium,20.0,1168.1,18163.95,2336.2
BATCH-PRX-01070,2025-11-04 00:00:00,Farm Hub,Onion,Vegetable,1704,868.4,14,30,16,12.6,10.0,90.5,33.65,30.12,10.5,low,5.0,488.9,14725.67,977.8
BATCH-PRX-01093,2025-11-04 00:00:00,Mandi Yard,Ginger,Spice,969,875.6,1,20,19,11.6,12.0,87.2,131.8,119.02,9.7,low,5.0,488.8,58176.98,977.6
BATCH-PRX-01305,2025-11-04 00:00:00,Wholesaler Depot,Rice,Cereal,3767,2834.7,37,180,143,32.3,22.0,82.1,47.91,39.43,17.7,low,46.2,1718.4,67756.51,3436.8
BATCH-PRX-01600,2025-11-04 00:00:00,Wholesaler Depot,Ginger,Spice,2410,553.9,15,20,5,17.7,12.0,92.0,131.27,100.95,23.1,medium,42.9,353.7,35706.01,707.4
BATCH-PRX-01832,2025-11-05 00:00:00,Mandi Yard,Ginger,Spice,2622,1544.4,5,20,15,13.7,12.0,72.5,110.72,96.33,13.0,low,5.0,892.7,85993.79,1785.4
BATCH-PRX-00817,2025-11-06 00:00:00,Mandi Yard,Carrot,Vegetable,1756,403.2,10,15,5,6.0,4.0,77.4,43.05,33.23,22.8,medium,20.0,256.8,8533.46,513.6
BATCH-PRX-01726,2025-11-06 00:00:00,Mandi Yard,Ginger,Spice,4195,2456.2,3,20,17,16.3,12.0,67.5,114.9,94.68,17.6,low,5.0,1487.5,140836.5,2975.0
BATCH-PRX-00369,2025-11-07 00:00:00,Mandi Yard,Cabbage,Vegetable,2101,416.1,13,12,-1,14.4,4.0,84.6,23.12,5.78,75.0,critical,100.0,0.0,0.0,0.0
BATCH-PRX-00568,2025-11-07 00:00:00,Farm Hub,Apple,Fruit,4123,1749.9,8,25,17,15.8,2.0,72.7,182.21,155.06,14.9,low,60.1,1031.4,159928.88,2062.8
BATCH-PRX-01761,2025-11-07 00:00:00,Wholesaler Depot,Banana,Fruit,1475,284.4,6,6,0,20.1,14.0,65.1,52.16,13.04,75.0,critical,100.0,270.2,3523.41,540.4
BATCH-PRX-01798,2025-11-07 00:00:00,Farm Hub,Cabbage,Vegetable,2394,428.1,10,12,2,3.3,4.0,83.1,23.35,13.31,43.0,high,45.0,324.5,4319.1,649.0
BATCH-PRX-01874,2025-11-07 00:00:00,Retail Supermarket,Turmeric,Spice,4032,582.8,101,120,19,32.0,20.0,82.5,156.08,145.15,7.0,low,53.2,315.9,45852.89,631.8
BATCH-PRX-01864,2025-11-08 00:00:00,Retail Supermarket,Onion,Vegetable,4310,655.4,38,30,-8,17.3,10.0,80.3,32.42,8.11,75.0,critical,100.0,0.0,0.0,0.0
BATCH-PRX-01993,2025-11-08 00:00:00,Farm Hub,Garlic,Spice / Vegetable,2543,1006.0,28,60,32,27.4,15.0,68.0,187.8,170.15,9.4,low,54.6,559.7,95232.96,1119.4
BATCH-PRX-00149,2025-11-09 00:00:00,Wholesaler Depot,Green Chilli,Spice / Vegetable,606,421.0,2,10,8,14.5,10.0,75.5,132.96,123.12,7.4,low,5.0,229.2,28219.1,458.4
BATCH-PRX-00492,2025-11-09 00:00:00,Farm Hub,Banana,Fruit,4245,1809.2,3,6,3,27.1,14.0,74.9,58.92,29.52,49.9,high,97.5,1446.3,42694.78,2892.6
BATCH-PRX-00382,2025-11-10 00:00:00,Retail Supermarket,Green Chilli,Spice / Vegetable,1048,837.7,1,10,9,17.8,10.0,68.3,143.97,130.29,9.5,low,36.0,466.6,60793.31,933.2
BATCH-PRX-00408,2025-11-10 00:00:00,Mandi Yard,Ginger,Spice,3477,934.7,14,20,6,10.8,12.0,77.7,116.1,87.07,25.0,medium,20.0,607.6,52903.73,1215.2
BATCH-PRX-00723,2025-11-10 00:00:00,Retail Supermarket,Ginger,Spice,4020,2017.3,4,20,16,14.2,12.0,90.6,118.54,100.28,15.4,low,5.0,1195.0,119834.6,2390.0
BATCH-PRX-00756,2025-11-10 00:00:00,Wholesaler Depot,Wheat,Cereal,2721,2284.1,22,180,158,29.9,22.0,83.9,32.08,27.2,15.2,low,36.4,1350.4,36730.88,2700.8
BATCH-PRX-01654,2025-11-10 00:00:00,Wholesaler Depot,Carrot,Vegetable,499,339.0,2,15,13,17.3,4.0,77.2,44.33,41.05,7.4,low,58.2,184.6,7577.83,369.2
BATCH-PRX-00072,2025-11-11 00:00:00,Retail Supermarket,Mango,Fruit,4375,794.4,6,7,1,17.3,12.0,88.5,88.62,29.78,66.4,critical,96.3,713.7,21253.99,1427.4
BATCH-PRX-00388,2025-11-11 00:00:00,Retail Supermarket,Garlic,Spice / Vegetable,1354,208.2,55,60,5,16.1,15.0,74.9,177.91,141.62,20.4,medium,20.0,129.6,18353.95,259.2
BATCH-PRX-01041,2025-11-11 00:00:00,Mandi Yard,Potato,Vegetable,1480,178.2,35,35,0,9.7,8.0,78.6,26.18,6.54,75.0,critical,95.0,169.3,1107.22,338.6
BATCH-PRX-01453,2025-11-11 00:00:00,Farm Hub,Turmeric,Spice,4457,680.0,106,120,14,29.5,20.0,68.3,168.88,156.21,7.5,low,42.9,370.6,57891.43,741.2
BATCH-PRX-01466,2025-11-11 00:00:00,Retail Supermarket,Carrot,Vegetable,1493,526.9,9,15,6,2.3,4.0,70.3,45.05,34.51,23.4,medium,20.0,337.4,11643.67,674.8
BATCH-PRX-00026,2025-11-12 00:00:00,Retail Supermarket,Mango,Fruit,1067,210.3,8,7,-1,10.8,12.0,82.0,95.25,23.81,75.0,critical,95.0,0.0,0.0,0.0
BATCH-PRX-00073,2025-11-12 00:00:00,Farm Hub,Orange,Fruit,2734,1524.1,4,14,10,5.1,6.0,83.4,68.55,59.3,13.5,low,5.0,885.5,52510.15,1771.0
BATCH-PRX-00750,2025-11-12 00:00:00,Farm Hub,Tomato,Vegetable,1162,176.4,9,7,-2,10.7,12.0,82.8,44.18,11.04,75.0,critical,95.0,0.0,0.0,0.0
BATCH-PRX-01065,2025-11-12 00:00:00,Retail Supermarket,Rice,Cereal,1977,657.6,117,180,63,21.2,22.0,67.8,48.76,45.44,6.8,low,5.0,355.6,16158.46,711.2
BATCH-PRX-00127,2025-11-13 00:00:00,Retail Supermarket,Cauliflower,Vegetable,4057,1666.8,3,8,5,15.4,5.0,69.7,34.11,24.08,29.4,medium,61.6,1127.4,27147.79,2254.8
BATCH-PRX-00093,2025-11-14 00:00:00,Retail Supermarket,Ginger,Spice,2944,432.5,20,20,0,18.4,12.0,69.2,131.41,32.85,75.0,critical,100.0,410.9,13498.07,821.8
BATCH-PRX-01195,2025-11-14 00:00:00,Mandi Yard,Cauliflower,Vegetable,2890,572.0,8,8,0,17.0,5.0,91.0,29.68,7.42,75.0,critical,100.0,543.4,4032.03,1086.8
BATCH-PRX-01227,2025-11-14 00:00:00,Mandi Yard,Mango,Fruit,211,26.4,6,7,1,20.1,12.0,90.1,91.16,34.19,62.5,critical,100.0,23.1,789.79,46.2
BATCH-PRX-00622,2025-11-15 00:00:00,Farm Hub,Tomato,Vegetable,1925,543.8,5,7,2,12.0,12.0,89.4,38.62,21.55,44.2,high,45.0,416.1,8966.95,832.2
BATCH-PRX-01031,2025-11-15 00:00:00,Mandi Yard,Banana,Fruit,1688,506.3,4,6,2,23.0,14.0,88.9,52.69,29.82,43.4,high,81.1,385.0,11480.7,770.0
BATCH-PRX-01151,2025-11-15 00:00:00,Wholesaler Depot,Tomato,Vegetable,454,227.7,3,7,4,24.0,12.0,77.1,37.59,29.09,22.6,medium,68.0,144.7,4209.32,289.4
BATCH-PRX-00258,2025-11-16 00:00:00,Mandi Yard,Wheat,Cereal,1051,135.4,167,180,13,27.3,22.0,80.3,36.36,34.72,4.5,low,26.1,71.4,2479.01,142.8
BATCH-PRX-01257,2025-11-16 00:00:00,Farm Hub,Banana,Fruit,1559,963.0,2,6,4,24.6,14.0,89.3,56.82,42.22,25.7,medium,62.4,630.0,26598.6,1260.0
BATCH-PRX-01341,2025-11-16 00:00:00,Retail Supermarket,Onion,Vegetable,3943,634.7,25,30,5,12.4,10.0,72.9,34.01,25.71,24.4,medium,20.0,410.3,10548.81,820.6
BATCH-PRX-01792,2025-11-16 00:00:00,Farm Hub,Orange,Fruit,319,41.8,17,14,-3,6.4,6.0,75.8,62.6,15.65,75.0,critical,95.0,0.0,0.0,0.0
BATCH-PRX-01924,2025-11-16 00:00:00,Mandi Yard,Cabbage,Vegetable,4097,838.2,9,12,3,10.8,4.0,81.5,21.49,11.8,45.1,high,72.1,645.9,7621.62,1291.8
BATCH-PRX-00777,2025-11-17 00:00:00,Wholesaler Depot,Tomato,Vegetable,2831,502.6,8,7,-1,24.0,12.0,72.2,41.27,10.32,75.0,critical,100.0,0.0,0.0,0.0
BATCH-PRX-01116,2025-11-17 00:00:00,Retail Supermarket,Potato,Vegetable,4478,2264.1,7,35,28,17.8,8.0,77.3,28.11,23.36,16.9,low,44.3,1361.6,31806.98,2723.2
BATCH-PRX-01552,2025-11-17 00:00:00,Farm Hub,Onion,Vegetable,4305,763.7,27,30,3,15.5,10.0,66.8,37.72,20.75,45.0,high,67.0,588.0,12201.0,1176.0
BATCH-PRX-00990,2025-11-18 00:00:00,Retail Supermarket,Rice,Cereal,2658,824.8,121,180,59,28.2,22.0,68.2,45.06,41.64,7.6,low,29.7,450.0,18738.0,900.0
BATCH-PRX-01028,2025-11-18 00:00:00,Mandi Yard,Cauliflower,Vegetable,1987,702.4,5,8,3,18.4,5.0,82.9,30.45,16.87,44.6,high,98.5,539.2,9096.3,1078.4
BATCH-PRX-01318,2025-11-18 00:00:00,Farm Hub,Tomato,Vegetable,3837,3033.6,0,7,7,23.1,12.0,89.4,40.13,25.48,36.5,medium,64.2,2181.2,55576.98,4362.4
BATCH-PRX-01443,2025-11-18 00:00:00,Retail Supermarket,Carrot,Vegetable,3355,470.4,15,15,0,13.2,4.0,81.2,49.06,12.27,75.0,critical,100.0,446.9,5483.46,893.8
BATCH-PRX-00674,2025-11-19 00:00:00,Wholesaler Depot,Wheat,Cereal,2827,446.2,202,180,-22,23.8,22.0,75.7,33.25,8.31,75.0,critical,95.0,0.0,0.0,0.0
BATCH-PRX-00776,2025-11-19 00:00:00,Retail Supermarket,Orange,Fruit,1269,395.3,8,14,6,5.6,6.0,87.9,55.72,42.96,22.9,medium,20.0,252.0,10825.92,504.0
BATCH-PRX-01362,2025-11-19 00:00:00,Wholesaler Depot,Wheat,Cereal,1029,135.2,198,180,-18,30.9,22.0,78.3,30.61,7.81,74.5,critical,100.0,0.0,0.0,0.0
BATCH-PRX-01931,2025-11-19 00:00:00,Farm Hub,Apple,Fruit,3567,2620.0,0,25,25,9.0,2.0,81.4,180.73,145.85,19.3,low,33.0,1613.4,235314.39,3226.8
BATCH-PRX-00256,2025-11-20 00:00:00,Mandi Yard,Potato,Vegetable,1840,1154.8,8,35,27,17.3,8.0,77.2,27.37,24.25,11.4,low,42.3,656.4,15917.7,1312.8
BATCH-PRX-01825,2025-11-20 00:00:00,Wholesaler Depot,Tomato,Vegetable,1107,211.3,6,7,1,12.9,12.0,79.2,42.82,16.01,62.6,critical,75.0,185.0,2961.85,370.0
BATCH-PRX-00485,2025-11-21 00:00:00,Mandi Yard,Mango,Fruit,2414,1564.5,2,7,5,12.6,12.0,68.9,88.36,61.68,30.2,medium,20.0,1065.7,65732.38,2131.4
BATCH-PRX-01068,2025-11-21 00:00:00,Mandi Yard,Turmeric,Spice,1502,698.8,39,120,81,23.9,20.0,84.2,173.8,160.59,7.6,low,5.0,381.3,61232.97,762.6
BATCH-PRX-01391,2025-11-21 00:00:00,Mandi Yard,Tomato,Vegetable,3492,1859.4,1,7,6,20.4,12.0,65.7,45.99,31.83,30.8,medium,53.5,1273.3,40529.14,2546.6
BATCH-PRX-01675,2025-11-21 00:00:00,Retail Supermarket,Cabbage,Vegetable,811,227.1,8,12,4,13.4,4.0,78.6,24.67,19.24,22.0,medium,57.5,143.5,2760.94,287.0
BATCH-PRX-01660,2025-11-22 00:00:00,Mandi Yard,Wheat,Cereal,427,82.1,213,180,-33,35.6,22.0,84.0,33.95,8.76,74.2,critical,100.0,0.0,0.0,0.0
BATCH-PRX-01858,2025-11-22 00:00:00,Farm Hub,Wheat,Cereal,2208,971.2,86,180,94,25.0,22.0,69.1,35.03,31.98,8.7,low,5.0,536.3,17150.87,1072.6
BATCH-PRX-01377,2025-11-23 00:00:00,Farm Hub,Wheat,Cereal,3268,1935.5,45,180,135,21.6,22.0,80.3,34.45,29.8,13.5,low,5.0,1124.5,33510.1,2249.0
BATCH-PRX-01398,2025-11-23 00:00:00,Mandi Yard,Tomato,Vegetable,579,327.4,1,7,6,15.2,12.0,82.6,44.1,33.91,23.1,medium,20.0,209.1,7090.58,418.2
BATCH-PRX-00696,2025-11-24 00:00:00,Wholesaler Depot,Apple,Fruit,2320,774.9,15,25,10,5.4,2.0,67.6,172.45,155.03,10.1,low,5.0,434.4,67345.03,868.8
BATCH-PRX-00879,2025-11-24 00:00:00,Retail Supermarket,Wheat,Cereal,2781,1287.8,86,180,94,34.6,22.0,68.8,31.85,28.6,10.2,low,55.2,722.7,20669.22,1445.4
BATCH-PRX-00901,2025-11-24 00:00:00,Mandi Yard,Turmeric,Spice,2692,466.2,93,120,27,29.7,20.0,89.3,166.12,155.49,6.4,low,43.8,251.0,39027.99,502.0
BATCH-PRX-00662,2025-11-25 00:00:00,Retail Supermarket,Mango,Fruit,2733,491.3,6,7,1,24.0,12.0,79.5,87.47,30.7,64.9,critical,100.0,437.0,13415.9,874.0
BATCH-PRX-00668,2025-11-25 00:00:00,Farm Hub,Potato,Vegetable,1326,195.2,41,35,-6,13.6,8.0,69.3,26.08,6.52,75.0,critical,100.0,0.0,0.0,0.0
BATCH-PRX-01056,2025-11-25 00:00:00,Wholesaler Depot,Mango,Fruit,4236,2207.2,2,7,5,25.9,12.0,84.2,100.56,66.97,33.4,medium,75.6,1545.9,103528.92,3091.8
BATCH-PRX-01490,2025-11-25 00:00:00,Wholesaler Depot,Potato,Vegetable,506,210.2,16,35,19,20.9,8.0,67.6,26.65,24.86,6.7,low,56.5,113.6,2824.1,227.2
BATCH-PRX-01794,2025-11-25 00:00:00,Wholesaler Depot,Apple,Fruit,1297,629.5,12,25,13,4.1,2.0,77.5,190.41,172.7,9.3,low,5.0,349.9,60427.73,699.8
BATCH-PRX-00031,2025-11-26 00:00:00,Wholesaler Depot,Tomato,Vegetable,4308,2379.0,3,7,4,15.4,12.0,86.5,42.47,28.29,33.4,medium,20.0,1666.3,47139.63,3332.6
BATCH-PRX-00899,2025-11-26 00:00:00,Mandi Yard,Ginger,Spice,111,17.6,16,20,4,12.6,12.0,68.1,108.09,86.04,20.4,medium,20.0,11.0,946.44,22.0
BATCH-PRX-01917,2025-11-26 00:00:00,Farm Hub,Ginger,Spice,2849,512.6,25,20,-5,11.8,12.0,89.7,130.32,32.58,75.0,critical,95.0,0.0,0.0,0.0
BATCH-PRX-00615,2025-11-27 00:00:00,Mandi Yard,Tomato,Vegetable,3895,1162.9,4,7,3,16.2,12.0,70.4,41.02,21.62,47.3,high,45.0,911.5,19706.63,1823.0
BATCH-PRX-01471,2025-11-27 00:00:00,Wholesaler Depot,Carrot,Vegetable,2807,417.7,12,15,3,3.0,4.0,73.8,49.85,28.51,42.8,high,45.0,316.1,9012.01,632.2
BATCH-PRX-01669,2025-11-27 00:00:00,Wholesaler Depot,Green Chilli,Spice / Vegetable,2132,312.3,11,10,-1,8.1,10.0,79.5,134.03,33.51,75.0,critical,95.0,0.0,0.0,0.0
BATCH-PRX-00465,2025-11-28 00:00:00,Wholesaler Depot,Potato,Vegetable,779,146.1,40,35,-5,21.5,8.0,84.4,26.84,6.71,75.0,critical,100.0,0.0,0.0,0.0
BATCH-PRX-00783,2025-11-28 00:00:00,Wholesaler Depot,Cauliflower,Vegetable,3756,712.9,9,8,-1,11.9,5.0,85.6,33.54,8.38,75.0,critical,100.0,0.0,0.0,0.0
BATCH-PRX-00194,2025-11-29 00:00:00,Retail Supermarket,Rice,Cereal,3927,2825.6,44,180,136,30.9,22.0,73.8,50.18,41.35,17.6,low,40.8,1711.2,70758.12,3422.4
BATCH-PRX-00617,2025-11-29 00:00:00,Mandi Yard,Turmeric,Spice,2579,1482.5,29,120,91,33.7,20.0,74.1,161.9,143.28,11.5,low,59.9,843.5,120856.68,1687.0
BATCH-PRX-00682,2025-11-29 00:00:00,Mandi Yard,Garlic,Spice / Vegetable,2169,402.5,66,60,-6,13.5,15.0,88.6,185.98,46.49,75.0,critical,95.0,0.0,0.0,0.0
BATCH-PRX-01290,2025-11-29 00:00:00,Wholesaler Depot,Cauliflower,Vegetable,1272,852.5,2,8,6,7.0,5.0,79.1,31.19,23.3,25.3,medium,20.0,555.7,12947.81,1111.4
BATCH-PRX-01321,2025-11-29 00:00:00,Mandi Yard,Cabbage,Vegetable,4220,1842.4,5,12,7,12.0,4.0,71.9,21.56,15.07,30.1,medium,52.1,1253.9,18896.27,2507.8
BATCH-PRX-01364,2025-11-29 00:00:00,Farm Hub,Orange,Fruit,2835,1871.8,0,14,14,14.7,6.0,82.5,63.87,54.1,15.3,low,39.8,1107.7,59926.57,2215.4
BATCH-PRX-00619,2025-11-30 00:00:00,Mandi Yard,Wheat,Cereal,2089,367.2,202,180,-22,28.4,22.0,67.3,30.92,7.73,75.0,critical,100.0,0.0,0.0,0.0
BATCH-PRX-00948,2025-11-30 00:00:00,Mandi Yard,Cauliflower,Vegetable,864,108.3,9,8,-1,14.5,5.0,91.7,33.26,8.31,75.0,critical,100.0,0.0,0.0,0.0
BATCH-PRX-01105,2025-11-30 00:00:00,Farm Hub,Carrot,Vegetable,603,79.9,19,15,-4,6.9,4.0,83.9,42.41,10.6,75.0,critical,95.0,0.0,0.0,0.0
BATCH-PRX-01590,2025-11-30 00:00:00,Retail Supermarket,Mango,Fruit,2347,386.3,8,7,-1,25.1,12.0,73.8,108.17,27.04,75.0,critical,100.0,0.0,0.0,0.0
BATCH-PRX-01679,2025-11-30 00:00:00,Farm Hub,Cauliflower,Vegetable,3085,1245.3,4,8,4,18.2,5.0,78.4,28.86,20.98,27.3,medium,72.7,826.6,17342.07,1653.2
BATCH-PRX-00683,2025-12-01 00:00:00,Mandi Yard,Rice,Cereal,2734,1891.4,49,180,131,26.6,22.0,69.9,51.68,44.96,13.0,low,5.0,1093.2,49150.27,2186.4
BATCH-PRX-00324,2025-12-02 00:00:00,Mandi Yard,Orange,Fruit,3528,990.8,10,14,4,16.0,6.0,73.0,69.28,51.34,25.9,medium,59.9,649.4,33340.2,1298.8
BATCH-PRX-00778,2025-12-02 00:00:00,Retail Supermarket,Rice,Cereal,2304,423.1,184,180,-4,29.5,22.0,88.2,53.06,13.27,75.0,critical,100.0,0.0,0.0,0.0
BATCH-PRX-01016,2025-12-02 00:00:00,Retail Supermarket,Banana,Fruit,1224,382.2,4,6,2,12.5,14.0,77.5,58.26,33.32,42.8,high,45.0,289.2,9636.14,578.4
BATCH-PRX-01040,2025-12-02 00:00:00,Mandi Yard,Ginger,Spice,1149,174.6,26,20,-6,13.6,12.0,84.5,109.63,27.41,75.0,critical,95.0,0.0,0.0,0.0
BATCH-PRX-01820,2025-12-02 00:00:00,Retail Supermarket,Potato,Vegetable,2675,2193.6,5,35,30,7.3,8.0,87.5,28.3,23.6,16.6,low,5.0,1315.3,31041.08,2630.6
BATCH-PRX-01682,2025-12-03 00:00:00,Wholesaler Depot,Ginger,Spice,2311,1633.7,5,20,15,14.1,12.0,78.2,119.59,103.45,13.5,low,5.0,949.2,98194.74,1898.4
BATCH-PRX-00366,2025-12-04 00:00:00,Mandi Yard,Mango,Fruit,2946,2636.7,0,7,7,17.6,12.0,70.5,106.69,68.71,35.6,medium,42.2,1881.5,129277.86,3763.0
BATCH-PRX-00430,2025-12-04 00:00:00,Mandi Yard,Rice,Cereal,2218,451.8,134,180,46,29.2,22.0,85.2,48.76,45.93,5.8,low,33.7,241.6,11096.69,483.2
BATCH-PRX-00690,2025-12-04 00:00:00,Retail Supermarket,Banana,Fruit,1346,458.7,3,6,3,15.3,14.0,65.2,49.71,28.24,43.2,high,45.0,348.2,9833.17,696.4
BATCH-PRX-00871,2025-12-04 00:00:00,Mandi Yard,Orange,Fruit,1312,242.1,17,14,-3,20.0,6.0,77.9,56.63,14.16,75.0,critical,100.0,0.0,0.0,0.0
BATCH-PRX-01565,2025-12-04 00:00:00,Wholesaler Depot,Banana,Fruit,3862,508.8,7,6,-1,13.7,14.0,65.7,52.36,13.09,75.0,critical,95.0,0.0,0.0,0.0
BATCH-PRX-00143,2025-12-05 00:00:00,Wholesaler Depot,Garlic,Spice / Vegetable,1122,654.7,16,60,44,20.6,15.0,69.1,186.82,172.43,7.7,low,27.6,357.6,61660.97,715.2
BATCH-PRX-00202,2025-12-05 00:00:00,Mandi Yard,Potato,Vegetable,3284,454.0,40,35,-5,6.3,8.0,81.9,30.55,7.64,75.0,critical,95.0,0.0,0.0,0.0
BATCH-PRX-00583,2025-12-05 00:00:00,Mandi Yard,Carrot,Vegetable,2315,1558.5,3,15,12,14.3,4.0,83.1,50.03,43.28,13.5,low,46.2,905.5,39190.04,1811.0
BATCH-PRX-01501,2025-12-05 00:00:00,Farm Hub,Green Chilli,Spice / Vegetable,290,116.4,5,10,5,9.0,10.0,71.6,127.91,101.18,20.9,medium,20.0,72.8,7365.9,145.6
BATCH-PRX-01554,2025-12-05 00:00:00,Wholesaler Depot,Tomato,Vegetable,1761,758.3,2,7,5,15.2,12.0,71.3,37.63,28.11,25.3,medium,20.0,494.3,13894.77,988.6
BATCH-PRX-01595,2025-12-05 00:00:00,Retail Supermarket,Carrot,Vegetable,437,112.3,11,15,4,5.6,4.0,89.9,44.34,34.9,21.3,medium,20.0,70.5,2460.45,141.0
BATCH-PRX-00193,2025-12-06 00:00:00,Wholesaler Depot,Wheat,Cereal,2837,1797.1,45,180,135,34.3,22.0,70.5,34.08,29.72,12.8,low,54.1,1036.6,30807.75,2073.2
BATCH-PRX-00302,2025-12-06 00:00:00,Wholesaler Depot,Rice,Cereal,2003,1142.5,35,180,145,33.9,22.0,82.9,51.34,46.62,9.2,low,52.6,634.3,29571.07,1268.6
BATCH-PRX-00904,2025-12-06 00:00:00,Retail Supermarket,Orange,Fruit,1083,520.6,7,14,7,15.8,6.0,77.2,56.61,43.31,23.5,medium,59.1,333.7,14452.55,667.4
BATCH-PRX-00081,2025-12-07 00:00:00,Retail Supermarket,Wheat,Cereal,3430,545.7,207,180,-27,26.3,22.0,89.9,33.0,8.25,75.0,critical,95.0,0.0,0.0,0.0
BATCH-PRX-01473,2025-12-07 00:00:00,Wholesaler Depot,Garlic,Spice / Vegetable,1067,411.2,36,60,24,28.8,15.0,66.9,168.77,157.8,6.5,low,60.2,221.6,34968.48,443.2
BATCH-PRX-01651,2025-12-07 00:00:00,Retail Supermarket,Orange,Fruit,1984,1002.2,6,14,8,15.0,6.0,68.2,60.52,53.92,10.9,low,40.9,566.6,30551.07,1133.2
BATCH-PRX-01959,2025-12-07 00:00:00,Wholesaler Depot,Apple,Fruit,369,217.5,6,25,19,11.6,2.0,78.5,192.19,178.16,7.3,low,43.5,118.3,21076.33,236.6
BATCH-PRX-00175,2025-12-08 00:00:00,Farm Hub,Turmeric,Spice,713,106.6,147,120,-27,30.9,20.0,65.4,170.67,43.35,74.6,critical,100.0,0.0,0.0,0.0
BATCH-PRX-01111,2025-12-08 00:00:00,Mandi Yard,Potato,Vegetable,3957,757.1,33,35,2,21.5,8.0,77.4,28.21,15.68,44.4,high,99.1,580.2,9097.54,1160.4
BATCH-PRX-01129,2025-12-08 00:00:00,Retail Supermarket,Banana,Fruit,3789,1585.7,3,6,3,27.1,14.0,77.3,58.51,29.96,48.8,high,97.4,1257.1,37662.72,2514.2
BATCH-PRX-01365,2025-12-08 00:00:00,Mandi Yard,Cauliflower,Vegetable,3576,710.6,6,8,2,9.5,5.0,76.5,27.74,15.37,44.6,high,45.0,545.5,8384.33,1091.0
BATCH-PRX-00307,2025-12-09 00:00:00,Mandi Yard,Carrot,Vegetable,3811,2195.3,4,15,11,16.3,4.0,68.4,45.26,37.7,16.7,low,54.4,1317.6,49673.52,2635.2
BATCH-PRX-00721,2025-12-09 00:00:00,Retail Supermarket,Carrot,Vegetable,2591,1695.4,5,15,10,8.5,4.0,91.0,42.55,36.51,14.2,low,5.0,992.1,36221.57,1984.2
BATCH-PRX-01432,2025-12-09 00:00:00,Wholesaler Depot,Ginger,Spice,2063,1016.4,10,20,10,14.8,12.0,75.7,115.75,103.71,10.4,low,5.0,571.6,59280.64,1143.2
BATCH-PRX-00496,2025-12-10 00:00:00,Farm Hub,Potato,Vegetable,2823,525.8,34,35,1,20.2,8.0,73.1,29.9,11.0,63.2,critical,100.0,462.3,5085.3,924.6
BATCH-PRX-01308,2025-12-10 00:00:00,Retail Supermarket,Wheat,Cereal,4237,2576.1,6,180,174,35.2,22.0,81.8,34.37,28.63,16.7,low,58.0,1546.2,44267.71,3092.4
BATCH-PRX-01406,2025-12-10 00:00:00,Mandi Yard,Potato,Vegetable,3161,1628.5,14,35,21,12.5,8.0,68.8,27.19,23.46,13.7,low,5.0,948.1,22242.43,1896.2
BATCH-PRX-01808,2025-12-10 00:00:00,Mandi Yard,Mango,Fruit,3717,699.9,7,7,0,22.9,12.0,89.4,102.99,25.75,75.0,critical,100.0,664.9,17121.17,1329.8
BATCH-PRX-01856,2025-12-10 00:00:00,Farm Hub,Tomato,Vegetable,736,283.5,4,7,3,24.1,12.0,75.6,39.52,22.57,42.9,high,93.3,214.7,4845.78,429.4
BATCH-PRX-00920,2025-12-11 00:00:00,Mandi Yard,Rice,Cereal,696,440.2,50,180,130,29.2,22.0,67.5,49.21,46.41,5.7,low,33.8,235.2,10915.63,470.4
BATCH-PRX-00255,2025-12-12 00:00:00,Mandi Yard,Banana,Fruit,2158,2056.1,0,6,6,22.7,14.0,67.0,59.58,40.99,31.2,medium,54.7,1413.0,57918.87,2826.0
BATCH-PRX-00274,2025-12-12 00:00:00,Mandi Yard,Rice,Cereal,3158,1688.1,61,180,119,27.3,22.0,72.4,50.5,44.49,11.9,low,26.2,964.6,42915.05,1929.2
BATCH-PRX-00714,2025-12-12 00:00:00,Mandi Yard,Garlic,Spice / Vegetable,1530,1080.5,2,60,58,17.0,15.0,76.8,196.66,177.39,9.8,low,5.0,603.8,107108.08,1207.6
BATCH-PRX-01650,2025-12-12 00:00:00,Wholesaler Depot,Orange,Fruit,4481,2010.6,6,14,8,4.8,6.0,78.2,62.68,52.65,16.0,low,5.0,1198.3,63090.49,2396.6
BATCH-PRX-00161,2025-12-14 00:00:00,Mandi Yard,Rice,Cereal,1162,148.2,149,180,31,29.9,22.0,88.5,48.23,46.2,4.2,low,36.5,77.8,3594.36,155.6
BATCH-PRX-00384,2025-12-14 00:00:00,Wholesaler Depot,Potato,Vegetable,516,91.5,38,35,-3,16.4,8.0,76.1,30.54,7.63,75.0,critical,100.0,0.0,0.0,0.0
BATCH-PRX-00460,2025-12-14 00:00:00,Farm Hub,Potato,Vegetable,3228,1523.2,11,35,24,14.2,8.0,91.2,28.34,24.6,13.2,low,29.8,882.2,21702.12,1764.4
BATCH-PRX-00535,2025-12-14 00:00:00,Mandi Yard,Green Chilli,Spice / Vegetable,1007,656.1,2,10,8,17.4,10.0,66.8,147.83,135.12,8.6,low,34.4,361.9,48899.93,723.8
BATCH-PRX-01594,2025-12-14 00:00:00,Retail Supermarket,Rice,Cereal,1227,230.1,146,180,34,24.2,22.0,81.3,48.04,45.78,4.7,low,5.0,121.5,5562.27,243.0
BATCH-PRX-01957,2025-12-14 00:00:00,Wholesaler Depot,Potato,Vegetable,3002,461.7,45,35,-10,19.0,8.0,76.1,30.65,7.66,75.0,critical,100.0,0.0,0.0,0.0
BATCH-PRX-00125,2025-12-15 00:00:00,Retail Supermarket,Ginger,Spice,3208,614.2,18,20,2,21.0,12.0,85.5,126.53,71.62,43.4,high,81.2,467.0,33446.54,934.0
BATCH-PRX-00716,2025-12-15 00:00:00,Retail Supermarket,Wheat,Cereal,4339,1671.7,67,180,113,30.9,22.0,90.7,35.19,30.9,12.2,low,40.5,958.2,29608.38,1916.4
BATCH-PRX-01394,2025-12-15 00:00:00,Mandi Yard,Tomato,Vegetable,1146,775.2,1,7,6,21.5,12.0,81.2,45.44,33.9,25.4,medium,58.2,505.7,17143.23,1011.4
BATCH-PRX-01409,2025-12-15 00:00:00,Retail Supermarket,Wheat,Cereal,2170,1185.7,65,180,115,33.4,22.0,66.3,34.4,31.06,9.7,low,50.4,661.9,20558.61,1323.8
BATCH-PRX-01449,2025-12-15 00:00:00,Mandi Yard,Rice,Cereal,1220,875.3,3,180,177,35.3,22.0,70.2,54.72,50.4,7.9,low,58.2,479.1,24146.64,958.2
BATCH-PRX-01555,2025-12-15 00:00:00,Retail Supermarket,Orange,Fruit,1636,571.1,9,14,5,7.1,6.0,87.7,61.9,47.17,23.8,medium,20.0,367.1,17316.11,734.2
BATCH-PRX-01693,2025-12-15 00:00:00,Wholesaler Depot,Rice,Cereal,3920,1483.8,70,180,110,34.5,22.0,77.1,47.38,42.22,10.9,low,55.1,838.9,35418.36,1677.8
BATCH-PRX-01873,2025-12-15 00:00:00,Retail Supermarket,Garlic,Spice / Vegetable,4453,661.1,47,60,13,17.9,15.0,91.8,180.87,166.94,7.7,low,5.0,361.1,60282.03,722.2
BATCH-PRX-00242,2025-12-16 00:00:00,Retail Supermarket,Potato,Vegetable,450,348.7,4,35,31,11.5,8.0,68.3,26.36,24.44,7.3,low,5.0,189.6,4633.82,379.2
BATCH-PRX-01203,2025-12-16 00:00:00,Retail Supermarket,Apple,Fruit,4477,1530.1,16,25,9,13.1,2.0,78.3,190.82,164.3,13.9,low,49.2,892.7,146670.61,1785.4
BATCH-PRX-00216,2025-12-17 00:00:00,Retail Supermarket,Onion,Vegetable,2925,1696.4,6,30,24,22.9,10.0,88.3,38.7,33.01,14.7,low,56.6,997.8,32937.38,1995.6
BATCH-PRX-01721,2025-12-17 00:00:00,Mandi Yard,Apple,Fruit,3277,2244.0,3,25,22,12.7,2.0,79.5,180.81,149.35,17.4,low,47.7,1356.3,202563.4,2712.6
BATCH-PRX-00326,2025-12-18 00:00:00,Mandi Yard,Ginger,Spice,1918,849.0,11,20,9,17.9,12.0,83.5,107.71,97.48,9.5,low,28.5,472.9,46098.29,945.8
BATCH-PRX-01026,2025-12-18 00:00:00,Farm Hub,Carrot,Vegetable,2422,1427.9,5,15,10,12.2,4.0,77.2,43.08,37.52,12.9,low,37.9,824.5,30935.24,1649.0
BATCH-PRX-00011,2025-12-19 00:00:00,Wholesaler Depot,Rice,Cereal,645,80.9,228,180,-48,30.9,22.0,81.9,49.46,12.91,73.9,critical,100.0,0.0,0.0,0.0
BATCH-PRX-00067,2025-12-19 00:00:00,Farm Hub,Tomato,Vegetable,3406,2945.3,0,7,7,23.7,12.0,71.8,43.47,27.73,36.2,medium,66.9,2112.4,58576.85,4224.8
BATCH-PRX-00165,2025-12-19 00:00:00,Farm Hub,Wheat,Cereal,4053,728.0,181,180,-1,31.8,22.0,70.5,37.38,9.35,75.0,critical,100.0,0.0,0.0,0.0
BATCH-PRX-00418,2025-12-19 00:00:00,Farm Hub,Wheat,Cereal,1955,340.1,234,180,-54,32.4,22.0,75.4,38.32,9.58,75.0,critical,100.0,0.0,0.0,0.0
BATCH-PRX-01645,2025-12-19 00:00:00,Retail Supermarket,Onion,Vegetable,2623,346.8,28,30,2,21.8,10.0,88.4,35.08,20.03,42.9,high,92.2,262.7,5261.88,525.4
BATCH-PRX-01952,2025-12-19 00:00:00,Wholesaler Depot,Garlic,Spice / Vegetable,449,65.3,48,60,12,14.8,15.0,84.3,171.81,163.73,4.7,low,5.0,34.5,5648.68,69.0
BATCH-PRX-00389,2025-12-20 00:00:00,Wholesaler Depot,Orange,Fruit,3809,3367.2,0,14,14,14.6,6.0,86.6,59.78,47.29,20.9,low,39.4,2105.8,99583.28,4211.6
BATCH-PRX-01359,2025-12-20 00:00:00,Mandi Yard,Banana,Fruit,759,95.0,5,6,1,12.0,14.0,89.0,56.21,21.7,61.4,critical,75.0,82.5,1790.25,165.0
BATCH-PRX-01099,2025-12-21 00:00:00,Farm Hub,Green Chilli,Spice / Vegetable,3272,1877.5,4,10,6,23.6,10.0,91.8,141.13,99.21,29.7,medium,74.6,1273.3,126324.09,2546.6
BATCH-PRX-01806,2025-12-21 00:00:00,Mandi Yard,Orange,Fruit,2552,1630.2,1,14,13,7.5,6.0,82.8,60.67,52.12,14.1,low,5.0,953.0,49670.36,1906.0
BATCH-PRX-00525,2025-12-22 00:00:00,Wholesaler Depot,Green Chilli,Spice / Vegetable,859,456.1,2,10,8,12.6,10.0,85.8,142.26,131.45,7.6,low,5.0,248.8,32704.76,497.6
BATCH-PRX-01114,2025-12-22 00:00:00,Farm Hub,Apple,Fruit,1016,710.1,1,25,24,3.7,2.0,71.7,162.38,146.47,9.8,low,5.0,396.8,58119.3,793.6
BATCH-PRX-01446,2025-12-22 00:00:00,Farm Hub,Cabbage,Vegetable,510,237.5,5,12,7,14.0,4.0,73.7,21.3,16.59,22.1,medium,60.0,150.2,2491.82,300.4
BATCH-PRX-01853,2025-12-22 00:00:00,Wholesaler Depot,Carrot,Vegetable,2012,358.7,18,15,-3,9.6,4.0,72.3,45.06,11.27,75.0,critical,100.0,0.0,0.0,0.0
BATCH-PRX-00021,2025-12-23 00:00:00,Mandi Yard,Mango,Fruit,1169,490.6,4,7,3,21.9,12.0,79.1,91.54,50.44,44.9,high,84.5,377.5,19041.1,755.0
BATCH-PRX-00951,2025-12-23 00:00:00,Retail Supermarket,Cabbage,Vegetable,3903,1706.7,4,12,8,13.8,4.0,79.1,22.7,19.43,14.4,low,44.3,1000.8,19445.54,2001.6
BATCH-PRX-01086,2025-12-23 00:00:00,Mandi Yard,Green Chilli,Spice / Vegetable,651,213.7,6,10,4,20.2,10.0,75.9,137.38,107.98,21.4,medium,60.7,134.3,14501.71,268.6
BATCH-PRX-01632,2025-12-23 00:00:00,Retail Supermarket,Cabbage,Vegetable,2496,1333.1,3,12,9,3.8,4.0,91.4,25.62,22.39,12.6,low,5.0,767.3,17179.85,1534.6
BATCH-PRX-00015,2025-12-24 00:00:00,Mandi Yard,Rice,Cereal,2303,1454.4,18,180,162,35.8,22.0,88.5,46.96,41.89,10.8,low,60.2,821.4,34408.45,1642.8
BATCH-PRX-00272,2025-12-24 00:00:00,Retail Supermarket,Cabbage,Vegetable,1844,668.3,6,12,6,3.2,4.0,69.5,25.01,18.96,24.2,medium,20.0,431.2,8175.55,862.4
BATCH-PRX-01697,2025-12-24 00:00:00,Retail Supermarket,Wheat,Cereal,2821,1258.3,50,180,130,33.3,22.0,75.0,31.95,28.72,10.1,low,50.2,705.4,20259.09,1410.8
BATCH-PRX-01775,2025-12-24 00:00:00,Farm Hub,Apple,Fruit,1914,1123.5,9,25,16,9.5,2.0,69.1,166.99,147.29,11.8,low,34.9,641.3,94457.08,1282.6
BATCH-PRX-00034,2025-12-25 00:00:00,Wholesaler Depot,Carrot,Vegetable,842,167.0,13,15,2,14.9,4.0,73.2,43.97,25.68,41.6,high,88.6,125.2,3215.14,250.4
BATCH-PRX-00201,2025-12-25 00:00:00,Mandi Yard,Tomato,Vegetable,2556,576.1,5,7,2,14.4,12.0,82.8,44.9,24.96,44.4,high,45.0,441.5,11019.84,883.0
BATCH-PRX-00227,2025-12-25 00:00:00,Wholesaler Depot,Onion,Vegetable,2739,445.6,37,30,-7,21.1,10.0,82.3,39.57,9.89,75.0,critical,100.0,0.0,0.0,0.0
BATCH-PRX-01059,2025-12-25 00:00:00,Wholesaler Depot,Wheat,Cereal,991,446.2,72,180,108,31.6,22.0,90.3,37.07,34.85,6.0,low,43.2,239.2,8336.12,478.4
BATCH-PRX-01210,2025-12-25 00:00:00,Farm Hub,Wheat,Cereal,1236,180.3,172,180,8,33.7,22.0,79.9,36.32,34.61,4.7,low,51.8,95.2,3294.87,190.4
BATCH-PRX-00250,2025-12-26 00:00:00,Farm Hub,Turmeric,Spice,3964,2995.3,20,120,100,26.4,20.0,83.0,144.65,117.02,19.1,low,30.5,1840.9,215422.12,3681.8
BATCH-PRX-01564,2025-12-26 00:00:00,Farm Hub,Apple,Fruit,602,95.4,19,25,6,3.3,2.0,74.9,186.19,145.79,21.7,medium,20.0,60.1,8761.98,120.2
BATCH-PRX-01854,2025-12-26 00:00:00,Mandi Yard,Wheat,Cereal,1262,376.6,105,180,75,28.0,22.0,88.1,30.5,28.76,5.7,low,29.1,201.2,5786.51,402.4
BATCH-PRX-01172,2025-12-27 00:00:00,Wholesaler Depot,Orange,Fruit,2783,1758.4,3,14,11,12.6,6.0,65.1,56.94,48.57,14.7,low,31.3,1034.3,50235.95,2068.6
BATCH-PRX-01835,2025-12-27 00:00:00,Wholesaler Depot,Green Chilli,Spice / Vegetable,2370,1351.3,2,10,8,11.7,10.0,70.0,128.82,113.23,12.1,low,5.0,773.8,87617.37,1547.6
BATCH-PRX-00383,2025-12-28 00:00:00,Wholesaler Depot,Orange,Fruit,2322,336.1,18,14,-4,14.1,6.0,68.5,64.89,16.22,75.0,critical,100.0,0.0,0.0,0.0
BATCH-PRX-01384,2025-12-28 00:00:00,Farm Hub,Rice,Cereal,2858,469.9,230,180,-50,21.9,22.0,85.3,50.09,12.52,75.0,critical,95.0,0.0,0.0,0.0
BATCH-PRX-01644,2025-12-28 00:00:00,Mandi Yard,Cabbage,Vegetable,3230,1673.9,5,12,7,6.9,4.0,66.7,22.27,15.74,29.3,medium,20.0,1131.2,17805.09,2262.4
BATCH-PRX-01920,2025-12-28 00:00:00,Retail Supermarket,Carrot,Vegetable,4040,641.3,16,15,-1,17.7,4.0,75.0,49.57,12.39,75.0,critical,100.0,0.0,0.0,0.0
BATCH-PRX-00866,2025-12-29 00:00:00,Farm Hub,Cauliflower,Vegetable,467,179.1,3,8,5,6.2,5.0,86.0,33.99,26.55,21.9,medium,20.0,113.1,3002.8,226.2
BATCH-PRX-01211,2025-12-29 00:00:00,Farm Hub,Ginger,Spice,964,555.7,8,20,12,18.0,12.0,66.3,112.48,103.37,8.1,low,28.9,304.9,31517.51,609.8
BATCH-PRX-00170,2025-12-30 00:00:00,Retail Supermarket,Mango,Fruit,1608,841.3,2,7,5,23.0,12.0,71.0,104.91,77.0,26.6,medium,64.1,554.9,42727.3,1109.8
BATCH-PRX-00832,2025-12-30 00:00:00,Wholesaler Depot,Rice,Cereal,3502,566.0,160,180,20,27.3,22.0,90.2,53.64,50.26,6.3,low,26.1,304.4,15299.14,608.8
BATCH-PRX-00290,2025-12-31 00:00:00,Mandi Yard,Ginger,Spice,2979,1866.7,0,20,20,13.3,12.0,76.6,112.45,96.03,14.6,low,5.0,1096.9,105335.31,2193.8
BATCH-PRX-00396,2025-12-31 00:00:00,Farm Hub,Banana,Fruit,1457,733.2,2,6,4,17.5,14.0,67.6,58.71,44.27,24.6,medium,20.0,474.8,21019.4,949.6
BATCH-PRX-01300,2025-12-31 00:00:00,Retail Supermarket,Cauliflower,Vegetable,221,88.8,3,8,5,6.8,5.0,74.0,34.53,27.11,21.5,medium,20.0,55.9,1515.45,111.8
BATCH-PRX-01487,2025-12-31 00:00:00,Mandi Yard,Rice,Cereal,2051,320.9,170,180,10,21.9,22.0,90.8,48.47,46.0,5.1,low,5.0,170.3,7833.8,340.6
BATCH-PRX-01536,2025-12-31 00:00:00,Farm Hub,Rice,Cereal,1864,230.2,177,180,3,29.2,22.0,68.8,46.8,28.22,39.7,high,73.7,169.9,4794.58,339.8
BATCH-PRX-01659,2025-12-31 00:00:00,Mandi Yard,Rice,Cereal,1681,986.4,72,180,108,27.9,22.0,78.9,48.25,44.2,8.4,low,28.6,542.9,23996.18,1085.8
BATCH-PRX-00205,2026-01-01 00:00:00,Mandi Yard,Wheat,Cereal,4441,568.7,200,180,-20,20.6,22.0,79.6,36.55,9.14,75.0,critical,95.0,0.0,0.0,0.0
BATCH-PRX-00450,2026-01-01 00:00:00,Farm Hub,Garlic,Spice / Vegetable,175,72.8,30,60,30,17.8,15.0,69.6,184.6,175.74,4.8,low,5.0,38.5,6765.99,77.0
BATCH-PRX-00862,2026-01-01 00:00:00,Wholesaler Depot,Wheat,Cereal,1058,149.8,185,180,-5,20.5,22.0,72.3,32.65,8.33,74.5,critical,95.0,0.0,0.0,0.0
BATCH-PRX-00898,2026-01-01 00:00:00,Wholesaler Depot,Potato,Vegetable,2386,511.3,26,35,9,7.3,8.0,79.6,25.48,23.39,8.2,low,5.0,280.8,6567.91,561.6
BATCH-PRX-01747,2026-01-01 00:00:00,Wholesaler Depot,Ginger,Spice,4386,2773.5,6,20,14,13.4,12.0,75.6,129.77,104.85,19.2,low,5.0,1706.3,178905.55,3412.6
BATCH-PRX-01827,2026-01-01 00:00:00,Farm Hub,Rice,Cereal,803,465.8,28,180,152,32.3,22.0,73.3,54.7,51.53,5.8,low,46.0,249.1,12836.12,498.2
BATCH-PRX-00441,2026-01-02 00:00:00,Farm Hub,Banana,Fruit,2326,408.8,5,6,1,13.7,14.0,87.5,56.3,20.89,62.9,critical,75.0,358.7,7493.24,717.4
BATCH-PRX-01138,2026-01-02 00:00:00,Retail Supermarket,Orange,Fruit,3189,559.2,18,14,-4,17.7,6.0,67.9,61.64,15.41,75.0,critical,100.0,0.0,0.0,0.0
BATCH-PRX-01247,2026-01-02 00:00:00,Farm Hub,Cauliflower,Vegetable,4036,1880.9,2,8,6,16.6,5.0,86.5,32.8,22.8,30.5,medium,66.2,1284.7,29291.16,2569.4
BATCH-PRX-01419,2026-01-02 00:00:00,Retail Supermarket,Cauliflower,Vegetable,2179,377.5,7,8,1,14.4,5.0,65.4,34.04,12.63,62.9,critical,100.0,331.2,4183.06,662.4
BATCH-PRX-01867,2026-01-02 00:00:00,Mandi Yard,Orange,Fruit,173,53.8,9,14,5,6.6,6.0,65.9,62.52,49.27,21.2,medium,20.0,33.7,1660.4,67.4
BATCH-PRX-01868,2026-01-02 00:00:00,Wholesaler Depot,Rice,Cereal,3549,1940.3,74,180,106,31.7,22.0,87.1,55.45,48.13,13.2,low,44.0,1123.8,54088.49,2247.6
BATCH-PRX-01958,2026-01-02 00:00:00,Farm Hub,Banana,Fruit,914,717.5,1,6,5,19.9,14.0,67.2,50.75,38.32,24.5,medium,43.5,464.2,17788.14,928.4
BATCH-PRX-01996,2026-01-02 00:00:00,Mandi Yard,Rice,Cereal,2025,398.0,220,180,-40,33.8,22.0,83.9,48.09,12.02,75.0,critical,100.0,0.0,0.0,0.0
BATCH-PRX-00141,2026-01-03 00:00:00,Mandi Yard,Rice,Cereal,2770,549.0,222,180,-42,33.6,22.0,83.7,52.67,13.17,75.0,critical,100.0,0.0,0.0,0.0
BATCH-PRX-00848,2026-01-03 00:00:00,Mandi Yard,Orange,Fruit,161,132.2,1,14,13,10.2,6.0,78.9,59.01,55.12,6.6,low,5.0,71.3,3930.06,142.6
BATCH-PRX-01403,2026-01-03 00:00:00,Wholesaler Depot,Rice,Cereal,3748,725.3,185,180,-5,21.4,22.0,81.2,49.26,12.31,75.0,critical,95.0,0.0,0.0,0.0
BATCH-PRX-00066,2026-01-04 00:00:00,Farm Hub,Garlic,Spice / Vegetable,3489,2000.2,22,60,38,25.4,15.0,70.3,195.62,167.45,14.4,low,46.4,1172.9,196402.11,2345.8
BATCH-PRX-00936,2026-01-04 00:00:00,Farm Hub,Potato,Vegetable,3781,630.5,35,35,0,16.8,8.0,79.0,29.45,7.36,75.0,critical,100.0,599.0,4408.64,1198.0
BATCH-PRX-01255,2026-01-04 00:00:00,Farm Hub,Carrot,Vegetable,721,383.9,4,15,11,12.3,4.0,91.9,50.83,46.92,7.7,low,38.0,209.7,9839.12,419.4
BATCH-PRX-01404,2026-01-05 00:00:00,Mandi Yard,Mango,Fruit,584,124.9,5,7,2,10.0,12.0,85.6,103.91,59.23,43.0,high,45.0,94.7,5609.08,189.4
BATCH-PRX-00014,2026-01-06 00:00:00,Retail Supermarket,Banana,Fruit,584,112.7,5,6,1,19.3,14.0,90.8,55.22,21.26,61.5,critical,96.1,97.9,2081.35,195.8
BATCH-PRX-01623,2026-01-06 00:00:00,Mandi Yard,Garlic,Spice / Vegetable,851,397.0,24,60,36,28.4,15.0,90.9,183.63,171.88,6.4,low,58.6,213.7,36730.76,427.4
BATCH-PRX-00575,2026-01-07 00:00:00,Wholesaler Depot,Ginger,Spice,2012,378.3,17,20,3,10.9,12.0,87.2,131.18,75.82,42.2,high,45.0,284.9,21601.12,569.8
BATCH-PRX-01053,2026-01-08 00:00:00,Farm Hub,Potato,Vegetable,3142,2142.8,3,35,32,8.0,8.0,71.3,31.09,26.02,16.3,low,5.0,1281.0,33331.62,2562.0
BATCH-PRX-01119,2026-01-08 00:00:00,Retail Supermarket,Carrot,Vegetable,3672,1677.8,8,15,7,8.8,4.0,70.9,43.9,31.13,29.1,medium,20.0,1131.8,35232.93,2263.6
BATCH-PRX-01838,2026-01-08 00:00:00,Mandi Yard,Apple,Fruit,3760,1425.3,10,25,15,1.4,2.0,76.0,186.54,161.73,13.3,low,5.0,826.4,133653.67,1652.8
BATCH-PRX-00693,2026-01-09 00:00:00,Mandi Yard,Rice,Cereal,4470,1516.7,118,180,62,21.8,22.0,81.5,50.22,44.65,11.1,low,5.0,859.4,38372.21,1718.8
BATCH-PRX-01624,2026-01-09 00:00:00,Mandi Yard,Cauliflower,Vegetable,3090,581.4,10,8,-2,11.9,5.0,72.3,28.67,7.17,75.0,critical,100.0,0.0,0.0,0.0
BATCH-PRX-00304,2026-01-10 00:00:00,Mandi Yard,Banana,Fruit,3870,1620.9,3,6,3,19.5,14.0,86.0,52.09,26.57,49.0,high,67.0,1287.0,34195.59,2574.0
BATCH-PRX-00569,2026-01-10 00:00:00,Mandi Yard,Turmeric,Spice,3406,2062.2,20,120,100,20.2,20.0,72.0,168.23,144.0,14.4,low,5.0,1209.3,174139.2,2418.6
BATCH-PRX-00421,2026-01-11 00:00:00,Mandi Yard,Garlic,Spice / Vegetable,458,69.7,65,60,-5,16.8,15.0,83.0,195.13,49.37,74.7,critical,95.0,0.0,0.0,0.0
BATCH-PRX-00958,2026-01-11 00:00:00,Mandi Yard,Garlic,Spice / Vegetable,2758,910.7,36,60,24,19.6,15.0,86.9,190.88,173.7,9.0,low,5.0,504.5,87631.65,1009.0
BATCH-PRX-01495,2026-01-11 00:00:00,Mandi Yard,Mango,Fruit,4084,644.0,6,7,1,20.3,12.0,89.8,108.23,37.23,65.6,critical,100.0,575.5,21425.86,1151.0
BATCH-PRX-01527,2026-01-11 00:00:00,Farm Hub,Potato,Vegetable,2250,713.9,20,35,15,11.1,8.0,68.8,30.51,27.7,9.2,low,5.0,396.4,10980.28,792.8
BATCH-PRX-00267,2026-01-12 00:00:00,Farm Hub,Cauliflower,Vegetable,2555,2470.1,0,8,8,12.2,5.0,84.2,28.31,23.1,18.4,low,33.7,1507.7,34827.87,3015.4
BATCH-PRX-00413,2026-01-12 00:00:00,Retail Supermarket,Cauliflower,Vegetable,3572,2672.5,2,8,6,13.5,5.0,85.9,30.72,20.15,34.4,medium,54.1,1887.9,38041.18,3775.8
BATCH-PRX-01091,2026-01-12 00:00:00,Farm Hub,Green Chilli,Spice / Vegetable,3612,570.5,8,10,2,9.6,10.0,80.0,133.85,76.03,43.2,high,45.0,433.1,32928.59,866.2
BATCH-PRX-00378,2026-01-13 00:00:00,Mandi Yard,Green Chilli,Spice / Vegetable,321,156.3,4,10,6,12.9,10.0,79.1,136.3,107.54,21.1,medium,20.0,97.9,10528.17,195.8
BATCH-PRX-00612,2026-01-13 00:00:00,Mandi Yard,Orange,Fruit,1586,357.4,9,14,5,11.9,6.0,85.7,60.21,46.54,22.7,medium,43.5,227.4,10583.2,454.8
BATCH-PRX-01519,2026-01-13 00:00:00,Farm Hub,Cabbage,Vegetable,4310,824.1,13,12,-1,11.8,4.0,88.1,21.71,5.43,75.0,critical,100.0,0.0,0.0,0.0
BATCH-PRX-01562,2026-01-13 00:00:00,Farm Hub,Carrot,Vegetable,2941,1843.7,0,15,15,5.3,4.0,82.2,42.08,35.77,15.0,low,5.0,1087.8,38910.61,2175.6
BATCH-PRX-01887,2026-01-13 00:00:00,Retail Supermarket,Carrot,Vegetable,3894,3546.6,1,15,14,7.0,4.0,86.9,49.58,39.27,20.8,low,5.0,2215.9,87018.39,4431.8
BATCH-PRX-00743,2026-01-14 00:00:00,Mandi Yard,Banana,Fruit,3779,2031.7,1,6,5,19.4,14.0,88.6,49.88,34.37,31.1,medium,41.8,1395.0,47946.15,2790.0
BATCH-PRX-00795,2026-01-14 00:00:00,Wholesaler Depot,Orange,Fruit,1831,475.1,9,14,5,18.5,6.0,85.8,63.08,48.38,23.3,medium,70.0,304.0,14707.52,608.0
BATCH-PRX-01333,2026-01-14 00:00:00,Wholesaler Depot,Garlic,Spice / Vegetable,239,132.6,14,60,46,22.2,15.0,81.9,162.56,154.27,5.1,low,33.8,70.4,10860.61,140.8
BATCH-PRX-00923,2026-01-15 00:00:00,Wholesaler Depot,Onion,Vegetable,3772,2715.7,8,30,22,17.0,10.0,70.1,35.2,28.23,19.8,low,33.2,1680.5,47440.51,3361.0
BATCH-PRX-01674,2026-01-15 00:00:00,Retail Supermarket,Onion,Vegetable,4489,2725.0,1,30,29,12.6,10.0,83.2,39.72,31.86,19.8,low,5.0,1686.2,53722.33,3372.4
BATCH-PRX-00861,2026-01-16 00:00:00,Farm Hub,Tomato,Vegetable,2702,1512.2,1,7,6,18.2,12.0,84.8,40.09,28.42,29.1,medium,44.8,1020.1,28991.24,2040.2
BATCH-PRX-01337,2026-01-16 00:00:00,Mandi Yard,Turmeric,Spice,3582,524.1,124,120,-4,20.0,20.0,90.2,177.77,44.44,75.0,critical,95.0,0.0,0.0,0.0
BATCH-PRX-01939,2026-01-16 00:00:00,Wholesaler Depot,Carrot,Vegetable,301,131.3,6,15,9,9.1,4.0,85.2,41.79,39.12,6.4,low,25.5,70.7,2765.78,141.4
BATCH-PRX-00340,2026-01-17 00:00:00,Farm Hub,Ginger,Spice,4365,1245.5,14,20,6,18.1,12.0,83.2,108.78,79.95,26.5,medium,44.5,820.8,65622.96,1641.6
BATCH-PRX-01049,2026-01-17 00:00:00,Retail Supermarket,Onion,Vegetable,3812,754.3,32,30,-2,15.6,10.0,86.4,40.34,10.09,75.0,critical,100.0,0.0,0.0,0.0
BATCH-PRX-01066,2026-01-17 00:00:00,Wholesaler Depot,Potato,Vegetable,707,124.7,33,35,2,21.8,8.0,75.8,31.76,18.67,41.2,high,100.0,93.2,1740.04,186.4
BATCH-PRX-01164,2026-01-17 00:00:00,Retail Supermarket,Apple,Fruit,264,248.8,1,25,24,7.3,2.0,91.0,169.28,156.75,7.4,low,26.4,135.4,21223.95,270.8
BATCH-PRX-01187,2026-01-17 00:00:00,Mandi Yard,Potato,Vegetable,3655,2944.2,5,35,30,17.2,8.0,87.5,31.73,25.29,20.3,low,41.8,1830.7,46298.4,3661.4
BATCH-PRX-01354,2026-01-17 00:00:00,Wholesaler Depot,Apple,Fruit,3425,580.5,24,25,1,7.2,2.0,65.8,172.73,62.01,64.1,critical,95.7,513.5,31842.13,1027.0
BATCH-PRX-01400,2026-01-17 00:00:00,Retail Supermarket,Onion,Vegetable,4078,725.4,30,30,0,11.8,10.0,89.1,39.59,9.9,75.0,critical,95.0,689.1,6822.09,1378.2
BATCH-PRX-01479,2026-01-17 00:00:00,Farm Hub,Apple,Fruit,1954,265.8,31,25,-6,1.9,2.0,86.8,159.51,39.88,75.0,critical,95.0,0.0,0.0,0.0
BATCH-PRX-01486,2026-01-17 00:00:00,Retail Supermarket,Turmeric,Spice,4259,2766.6,14,120,106,25.0,20.0,83.9,155.01,127.26,17.9,low,5.0,1680.4,213847.7,3360.8
BATCH-PRX-01524,2026-01-17 00:00:00,Mandi Yard,Banana,Fruit,3977,716.2,6,6,0,26.3,14.0,71.3,51.29,12.82,75.0,critical,100.0,680.4,8722.73,1360.8
BATCH-PRX-00556,2026-01-18 00:00:00,Wholesaler Depot,Cauliflower,Vegetable,3211,743.6,6,8,2,16.1,5.0,80.2,33.71,18.61,44.8,high,89.5,571.7,10639.34,1143.4
BATCH-PRX-00626,2026-01-18 00:00:00,Mandi Yard,Cabbage,Vegetable,2742,383.1,12,12,0,10.2,4.0,84.9,23.4,5.85,75.0,critical,100.0,363.9,2128.81,727.8
BATCH-PRX-01076,2026-01-18 00:00:00,Mandi Yard,Tomato,Vegetable,3454,2052.6,1,7,6,16.3,12.0,79.8,44.79,30.55,31.8,medium,20.0,1417.9,43316.85,2835.8
BATCH-PRX-01083,2026-01-18 00:00:00,Mandi Yard,Mango,Fruit,1552,294.1,7,7,0,23.4,12.0,91.9,97.75,24.44,75.0,critical,100.0,279.4,6828.54,558.8
BATCH-PRX-00046,2026-01-19 00:00:00,Wholesaler Depot,Tomato,Vegetable,3499,524.8,6,7,1,11.8,12.0,85.3,37.86,13.59,64.1,critical,75.0,464.2,6308.48,928.4
BATCH-PRX-00933,2026-01-19 00:00:00,Retail Supermarket,Apple,Fruit,1750,263.5,19,25,6,12.2,2.0,70.2,162.36,125.83,22.5,medium,61.0,167.3,21051.36,334.6
BATCH-PRX-01469,2026-01-19 00:00:00,Retail Supermarket,Mango,Fruit,1301,288.1,5,7,2,25.4,12.0,75.4,88.28,49.61,43.8,high,98.7,219.8,10904.28,439.6
BATCH-PRX-01513,2026-01-19 00:00:00,Retail Supermarket,Apple,Fruit,2330,289.8,20,25,5,7.4,2.0,86.0,157.39,121.82,22.6,medium,41.4,184.2,22439.24,368.4
BATCH-PRX-00687,2026-01-20 00:00:00,Wholesaler Depot,Turmeric,Spice,236,91.3,65,120,55,19.3,20.0,70.1,150.5,143.58,4.6,low,5.0,48.2,6920.56,96.4
BATCH-PRX-00851,2026-01-20 00:00:00,Farm Hub,Banana,Fruit,1534,936.5,0,6,6,25.9,14.0,73.3,58.41,43.46,25.6,medium,67.6,612.1,26601.87,1224.2
BATCH-PRX-01671,2026-01-20 00:00:00,Retail Supermarket,Carrot,Vegetable,3443,1263.9,7,15,8,8.7,4.0,83.6,48.32,42.47,12.1,low,5.0,723.7,30735.54,1447.4
BATCH-PRX-01812,2026-01-20 00:00:00,Farm Hub,Mango,Fruit,2859,659.0,5,7,2,17.2,12.0,84.2,88.35,47.97,45.7,high,65.8,510.2,24474.29,1020.4
BATCH-PRX-00019,2026-01-21 00:00:00,Mandi Yard,Cauliflower,Vegetable,4267,3635.8,1,8,7,14.1,5.0,72.2,33.47,21.42,36.0,medium,56.3,2603.2,55760.54,5206.4
BATCH-PRX-00595,2026-01-21 00:00:00,Mandi Yard,Potato,Vegetable,1255,258.6,27,35,8,10.7,8.0,77.0,29.88,27.82,6.9,low,5.0,140.0,3894.8,280.0
BATCH-PRX-00972,2026-01-21 00:00:00,Farm Hub,Garlic,Spice / Vegetable,875,303.3,37,60,23,18.2,15.0,83.2,191.68,180.37,5.9,low,5.0,162.4,29292.09,324.8
BATCH-PRX-01113,2026-01-21 00:00:00,Mandi Yard,Banana,Fruit,677,133.2,5,6,1,13.0,14.0,68.5,52.63,20.21,61.6,critical,75.0,115.8,2340.32,231.6
BATCH-PRX-01161,2026-01-21 00:00:00,Retail Supermarket,Cabbage,Vegetable,1994,333.1,15,12,-3,2.2,4.0,70.1,22.64,5.66,75.0,critical,95.0,0.0,0.0,0.0
BATCH-PRX-01468,2026-01-21 00:00:00,Mandi Yard,Cauliflower,Vegetable,679,483.7,0,8,8,8.1,5.0,91.6,29.77,27.24,8.5,low,5.0,266.5,7259.46,533.0
BATCH-PRX-01667,2026-01-21 00:00:00,Farm Hub,Banana,Fruit,2091,1438.8,0,6,6,22.0,14.0,67.1,48.79,35.08,28.1,medium,51.8,962.0,33746.96,1924.0
BATCH-PRX-00103,2026-01-22 00:00:00,Retail Supermarket,Cauliflower,Vegetable,3346,584.8,9,8,-1,10.2,5.0,67.2,34.72,8.68,75.0,critical,100.0,0.0,0.0,0.0
BATCH-PRX-00156,2026-01-22 00:00:00,Retail Supermarket,Orange,Fruit,2949,1581.2,6,14,8,11.0,6.0,76.5,64.14,55.29,13.8,low,25.0,921.5,50949.74,1843.0
BATCH-PRX-00241,2026-01-22 00:00:00,Farm Hub,Cabbage,Vegetable,1865,371.9,14,12,-2,10.7,4.0,85.5,25.1,6.28,75.0,critical,100.0,0.0,0.0,0.0
BATCH-PRX-00443,2026-01-22 00:00:00,Mandi Yard,Cauliflower,Vegetable,1147,867.6,1,8,7,14.8,5.0,65.3,34.6,25.81,25.4,medium,59.4,566.0,14608.46,1132.0
BATCH-PRX-01463,2026-01-22 00:00:00,Farm Hub,Onion,Vegetable,870,170.2,24,30,6,10.6,10.0,91.8,40.32,31.41,22.1,medium,20.0,107.7,3382.86,215.4
BATCH-PRX-01484,2026-01-22 00:00:00,Farm Hub,Green Chilli,Spice / Vegetable,1112,155.5,13,10,-3,16.1,10.0,77.1,155.71,38.93,75.0,critical,100.0,0.0,0.0,0.0
BATCH-PRX-01685,2026-01-22 00:00:00,Mandi Yard,Carrot,Vegetable,2249,276.4,18,15,-3,8.7,4.0,84.8,43.71,10.93,75.0,critical,95.0,0.0,0.0,0.0
BATCH-PRX-00663,2026-01-23 00:00:00,Wholesaler Depot,Cauliflower,Vegetable,1334,557.1,3,8,5,11.0,5.0,66.9,31.43,23.95,23.8,medium,43.9,358.1,8576.5,716.2
BATCH-PRX-00939,2026-01-23 00:00:00,Wholesaler Depot,Onion,Vegetable,3064,1303.5,14,30,16,17.6,10.0,80.6,33.51,29.25,12.7,low,35.4,751.1,21969.67,1502.2
BATCH-PRX-01241,2026-01-23 00:00:00,Mandi Yard,Carrot,Vegetable,1804,313.8,19,15,-4,13.6,4.0,73.7,48.83,12.21,75.0,critical,100.0,0.0,0.0,0.0
BATCH-PRX-01346,2026-01-23 00:00:00,Retail Supermarket,Rice,Cereal,2332,386.1,218,180,-38,34.1,22.0,85.7,55.37,13.84,75.0,critical,100.0,0.0,0.0,0.0
BATCH-PRX-01427,2026-01-23 00:00:00,Farm Hub,Apple,Fruit,1442,1214.2,0,25,25,10.6,2.0,84.4,160.37,140.64,12.3,low,39.5,696.7,97983.89,1393.4
BATCH-PRX-01707,2026-01-23 00:00:00,Wholesaler Depot,Onion,Vegetable,3356,1735.7,12,30,18,11.7,10.0,78.5,33.02,28.1,14.9,low,5.0,1023.0,28746.3,2046.0
BATCH-PRX-01963,2026-01-23 00:00:00,Retail Supermarket,Ginger,Spice,794,117.6,21,20,-1,15.4,12.0,67.2,107.75,26.94,75.0,critical,95.0,0.0,0.0,0.0
BATCH-PRX-01029,2026-01-24 00:00:00,Farm Hub,Carrot,Vegetable,527,90.8,17,15,-2,12.9,4.0,73.5,42.29,10.57,75.0,critical,100.0,0.0,0.0,0.0
BATCH-PRX-00247,2026-01-25 00:00:00,Farm Hub,Rice,Cereal,2537,1475.0,56,180,124,20.5,22.0,77.3,46.91,41.8,10.9,low,5.0,834.0,34861.2,1668.0
BATCH-PRX-00394,2026-01-25 00:00:00,Retail Supermarket,Potato,Vegetable,3487,1247.6,18,35,17,17.7,8.0,75.5,30.76,27.13,11.8,low,43.9,712.1,19319.27,1424.2
BATCH-PRX-00673,2026-01-25 00:00:00,Mandi Yard,Ginger,Spice,3988,2073.8,8,20,12,15.7,12.0,88.4,116.32,98.06,15.7,low,5.0,1232.3,120839.34,2464.6
BATCH-PRX-00745,2026-01-25 00:00:00,Wholesaler Depot,Rice,Cereal,3990,776.0,234,180,-54,27.9,22.0,70.7,50.95,12.74,75.0,critical,100.0,0.0,0.0,0.0
BATCH-PRX-00952,2026-01-25 00:00:00,Retail Supermarket,Turmeric,Spice,1306,1047.4,9,120,111,26.6,20.0,82.8,152.22,138.06,9.3,low,31.4,582.1,80364.73,1164.2
BATCH-PRX-01746,2026-01-25 00:00:00,Farm Hub,Green Chilli,Spice / Vegetable,4339,554.2,13,10,-3,22.1,10.0,90.7,130.74,32.69,75.0,critical,100.0,0.0,0.0,0.0
BATCH-PRX-01837,2026-01-25 00:00:00,Wholesaler Depot,Potato,Vegetable,4344,1584.2,19,35,16,7.3,8.0,85.4,31.55,27.29,13.5,low,5.0,920.4,25117.72,1840.8
BATCH-PRX-00245,2026-01-26 00:00:00,Wholesaler Depot,Mango,Fruit,2227,1753.4,0,7,7,16.5,12.0,78.1,90.47,62.24,31.2,medium,20.0,1204.9,74992.98,2409.8
BATCH-PRX-00964,2026-01-26 00:00:00,Farm Hub,Rice,Cereal,3851,1096.6,128,180,52,20.4,22.0,88.1,47.74,43.44,9.0,low,5.0,607.5,26389.8,1215.0
BATCH-PRX-01185,2026-01-26 00:00:00,Retail Supermarket,Rice,Cereal,1779,1109.0,31,180,149,22.4,22.0,78.4,49.6,45.14,9.0,low,5.0,614.4,27734.02,1228.8
BATCH-PRX-01386,2026-01-26 00:00:00,Farm Hub,Garlic,Spice / Vegetable,452,108.9,36,60,24,25.5,15.0,89.0,177.5,168.8,4.9,low,47.2,57.7,9739.76,115.4
BATCH-PRX-00455,2026-01-27 00:00:00,Wholesaler Depot,Cauliflower,Vegetable,1614,299.7,8,8,0,16.4,5.0,73.8,34.62,8.65,75.0,critical,100.0,284.7,2462.66,569.4
BATCH-PRX-01860,2026-01-27 00:00:00,Farm Hub,Apple,Fruit,3871,1088.9,17,25,8,9.5,2.0,72.8,191.12,168.95,11.6,low,35.1,620.2,104782.79,1240.4
BATCH-PRX-00192,2026-01-28 00:00:00,Wholesaler Depot,Green Chilli,Spice / Vegetable,1302,188.1,12,10,-2,18.2,10.0,75.2,131.68,32.92,75.0,critical,100.0,0.0,0.0,0.0
BATCH-PRX-00603,2026-01-28 00:00:00,Retail Supermarket,Banana,Fruit,4162,710.8,7,6,-1,12.0,14.0,75.7,50.78,12.7,75.0,critical,95.0,0.0,0.0,0.0
BATCH-PRX-00112,2026-01-29 00:00:00,Retail Supermarket,Green Chilli,Spice / Vegetable,1103,136.1,12,10,-2,14.7,10.0,71.7,128.18,32.05,75.0,critical,95.0,0.0,0.0,0.0
BATCH-PRX-01080,2026-01-30 00:00:00,Wholesaler Depot,Garlic,Spice / Vegetable,2564,784.2,36,60,24,26.5,15.0,65.9,191.48,175.59,8.3,low,51.0,431.2,75714.41,862.4
BATCH-PRX-01223,2026-01-30 00:00:00,Mandi Yard,Orange,Fruit,820,152.5,11,14,3,15.3,6.0,66.4,60.41,35.22,41.7,high,82.2,114.4,4029.17,228.8
BATCH-PRX-01324,2026-01-30 00:00:00,Retail Supermarket,Turmeric,Spice,2152,1995.0,4,120,116,27.8,20.0,78.0,148.22,127.32,14.1,low,36.4,1166.3,148493.32,2332.6
BATCH-PRX-01505,2026-01-30 00:00:00,Mandi Yard,Garlic,Spice / Vegetable,2754,478.0,51,60,9,22.3,15.0,67.1,191.53,178.51,6.8,low,34.2,258.5,46144.83,517.0
BATCH-PRX-01340,2026-02-01 00:00:00,Farm Hub,Garlic,Spice / Vegetable,1737,302.6,50,60,10,21.7,15.0,75.5,165.45,155.69,5.9,low,31.7,162.0,25221.78,324.0
BATCH-PRX-01935,2026-02-01 00:00:00,Farm Hub,Rice,Cereal,2411,481.5,142,180,38,23.6,22.0,71.2,54.39,51.18,5.9,low,5.0,257.8,13194.2,515.6
BATCH-PRX-01148,2026-02-02 00:00:00,Retail Supermarket,Apple,Fruit,4417,1316.8,17,25,8,14.3,2.0,78.4,182.95,159.53,12.8,low,54.1,759.5,121163.04,1519.0
BATCH-PRX-00217,2026-02-03 00:00:00,Retail Supermarket,Apple,Fruit,2687,812.6,17,25,8,2.5,2.0,74.3,180.56,161.96,10.3,low,5.0,456.5,73934.74,913.0
BATCH-PRX-00360,2026-02-03 00:00:00,Retail Supermarket,Mango,Fruit,2894,436.7,9,7,-2,10.5,12.0,74.4,95.65,23.91,75.0,critical,95.0,0.0,0.0,0.0
BATCH-PRX-00859,2026-02-03 00:00:00,Wholesaler Depot,Banana,Fruit,3466,978.8,4,6,2,20.5,14.0,89.6,60.87,32.99,45.8,high,71.0,758.4,25019.62,1516.8
BATCH-PRX-01108,2026-02-03 00:00:00,Mandi Yard,Mango,Fruit,3094,1919.1,0,7,7,20.1,12.0,67.9,88.77,60.36,32.0,medium,52.5,1328.0,80158.08,2656.0
BATCH-PRX-01141,2026-02-03 00:00:00,Farm Hub,Cauliflower,Vegetable,3614,1222.6,4,8,4,10.0,5.0,84.1,32.21,23.45,27.2,medium,20.0,810.8,19013.26,1621.6
BATCH-PRX-01225,2026-02-03 00:00:00,Wholesaler Depot,Apple,Fruit,411,72.2,32,25,-7,1.8,2.0,78.4,171.4,42.85,75.0,critical,95.0,0.0,0.0,0.0
BATCH-PRX-01567,2026-02-03 00:00:00,Mandi Yard,Rice,Cereal,1756,330.6,213,180,-33,32.8,22.0,77.4,49.38,12.35,75.0,critical,100.0,0.0,0.0,0.0
BATCH-PRX-01098,2026-02-04 00:00:00,Wholesaler Depot,Cabbage,Vegetable,160,55.5,7,12,5,11.7,4.0,72.0,24.94,19.65,21.2,medium,50.9,34.8,683.82,69.6
BATCH-PRX-01224,2026-02-04 00:00:00,Farm Hub,Cabbage,Vegetable,2435,2168.8,0,12,12,17.7,4.0,75.5,25.54,21.27,16.7,low,59.6,1301.7,27687.16,2603.4
BATCH-PRX-01345,2026-02-04 00:00:00,Wholesaler Depot,Banana,Fruit,3373,1367.2,3,6,3,20.6,14.0,74.6,56.38,29.49,47.7,high,71.2,1074.9,31698.8,2149.8
BATCH-PRX-01641,2026-02-04 00:00:00,Wholesaler Depot,Wheat,Cereal,4500,720.4,211,180,-31,23.4,22.0,85.0,36.69,9.17,75.0,critical,95.0,0.0,0.0,0.0
BATCH-PRX-01057,2026-02-05 00:00:00,Retail Supermarket,Apple,Fruit,2734,1804.8,3,25,22,1.5,2.0,90.3,181.16,153.62,15.2,low,5.0,1067.0,163912.54,2134.0
BATCH-PRX-01072,2026-02-05 00:00:00,Farm Hub,Green Chilli,Spice / Vegetable,3927,526.2,12,10,-2,20.6,10.0,66.7,128.76,32.19,75.0,critical,100.0,0.0,0.0,0.0
BATCH-PRX-00196,2026-02-06 00:00:00,Mandi Yard,Carrot,Vegetable,1635,992.7,1,15,14,12.5,4.0,90.8,45.06,40.24,10.7,low,39.2,560.1,22538.42,1120.2
BATCH-PRX-01625,2026-02-06 00:00:00,Farm Hub,Ginger,Spice,342,99.2,14,20,6,11.6,12.0,91.5,112.02,88.72,20.8,medium,20.0,62.0,5500.64,124.0
BATCH-PRX-00025,2026-02-07 00:00:00,Farm Hub,Onion,Vegetable,4344,762.6,38,30,-8,12.2,10.0,71.5,36.78,9.2,75.0,critical,95.0,0.0,0.0,0.0
BATCH-PRX-00180,2026-02-08 00:00:00,Retail Supermarket,Cauliflower,Vegetable,2465,692.2,5,8,3,14.7,5.0,71.7,32.19,17.87,44.5,high,83.6,530.9,9487.18,1061.8
BATCH-PRX-00357,2026-02-08 00:00:00,Retail Supermarket,Ginger,Spice,4398,2492.1,7,20,13,18.3,12.0,90.4,111.74,91.85,17.8,low,30.1,1512.2,138895.57,3024.4
BATCH-PRX-00678,2026-02-08 00:00:00,Mandi Yard,Mango,Fruit,3711,496.4,6,7,1,23.7,12.0,75.0,100.97,35.44,64.9,critical,100.0,441.5,15646.76,883.0
BATCH-PRX-01184,2026-02-08 00:00:00,Farm Hub,Green Chilli,Spice / Vegetable,396,190.0,4,10,6,8.0,10.0,89.1,158.94,125.09,21.3,medium,20.0,119.3,14923.24,238.6
BATCH-PRX-00070,2026-02-09 00:00:00,Retail Supermarket,Rice,Cereal,1078,332.0,103,180,77,27.1,22.0,72.6,44.93,42.59,5.2,low,25.6,176.4,7512.88,352.8
BATCH-PRX-01311,2026-02-09 00:00:00,Farm Hub,Turmeric,Spice,846,450.1,37,120,83,33.3,20.0,69.0,160.87,150.57,6.4,low,58.4,242.3,36483.11,484.6
BATCH-PRX-00171,2026-02-10 00:00:00,Retail Supermarket,Ginger,Spice,3102,1300.8,8,20,12,21.3,12.0,90.6,120.19,106.01,11.8,low,42.0,742.5,78712.43,1485.0
BATCH-PRX-01974,2026-02-10 00:00:00,Wholesaler Depot,Banana,Fruit,2183,1102.9,1,6,5,16.3,14.0,89.0,50.31,37.03,26.4,medium,20.0,726.1,26887.48,1452.2
BATCH-PRX-00099,2026-02-11 00:00:00,Farm Hub,Turmeric,Spice,2304,1430.5,24,120,96,22.0,20.0,75.7,157.41,139.62,11.3,low,5.0,812.2,113399.36,1624.4
BATCH-PRX-00391,2026-02-11 00:00:00,Wholesaler Depot,Banana,Fruit,2675,858.0,4,6,2,12.4,14.0,73.6,55.14,30.22,45.2,high,45.0,661.7,19996.57,1323.4
BATCH-PRX-00644,2026-02-11 00:00:00,Wholesaler Depot,Cabbage,Vegetable,1911,1571.4,2,12,10,10.0,4.0,91.3,21.22,18.29,13.8,low,28.8,915.8,16749.98,1831.6
BATCH-PRX-01332,2026-02-12 00:00:00,Retail Supermarket,Ginger,Spice,3203,2218.2,5,20,15,14.5,12.0,81.6,121.55,101.62,16.4,low,5.0,1327.4,134890.39,2654.8
BATCH-PRX-01880,2026-02-12 00:00:00,Wholesaler Depot,Mango,Fruit,4378,759.3,9,7,-2,16.7,12.0,70.5,92.96,23.24,75.0,critical,95.0,0.0,0.0,0.0
BATCH-PRX-00137,2026-02-13 00:00:00,Mandi Yard,Cauliflower,Vegetable,1193,180.4,9,8,-1,14.6,5.0,78.3,32.02,8.01,75.0,critical,100.0,0.0,0.0,0.0
BATCH-PRX-00138,2026-02-13 00:00:00,Wholesaler Depot,Orange,Fruit,2103,1564.4,3,14,11,19.5,6.0,82.7,69.08,59.62,13.7,low,59.0,910.8,54301.9,1821.6
BATCH-PRX-00914,2026-02-13 00:00:00,Farm Hub,Garlic,Spice / Vegetable,3980,688.9,65,60,-5,25.5,15.0,88.6,202.23,50.56,75.0,critical,100.0,0.0,0.0,0.0
BATCH-PRX-01261,2026-02-13 00:00:00,Farm Hub,Wheat,Cereal,438,151.8,84,180,96,20.2,22.0,89.4,36.78,35.09,4.6,low,5.0,80.1,2810.71,160.2
BATCH-PRX-01790,2026-02-13 00:00:00,Wholesaler Depot,Ginger,Spice,3098,1665.8,4,20,16,11.1,12.0,80.5,126.79,109.55,13.6,low,5.0,968.8,106132.04,1937.6
BATCH-PRX-00598,2026-02-14 00:00:00,Wholesaler Depot,Banana,Fruit,964,684.4,1,6,5,19.4,14.0,88.0,58.54,44.31,24.3,medium,41.5,442.0,19585.02,884.0
BATCH-PRX-01954,2026-02-14 00:00:00,Mandi Yard,Orange,Fruit,2616,1154.2,6,14,8,11.1,6.0,67.0,65.44,57.78,11.7,low,25.4,658.1,38025.02,1316.2
BATCH-PRX-00390,2026-02-15 00:00:00,Mandi Yard,Rice,Cereal,907,538.3,4,180,176,33.8,22.0,80.0,44.98,42.19,6.2,low,52.1,289.2,12201.35,578.4
BATCH-PRX-00609,2026-02-15 00:00:00,Retail Supermarket,Apple,Fruit,332,58.2,28,25,-3,0.8,2.0,89.8,156.68,39.17,75.0,critical,95.0,0.0,0.0,0.0
BATCH-PRX-01137,2026-02-15 00:00:00,Farm Hub,Garlic,Spice / Vegetable,1243,1097.4,7,60,53,28.2,15.0,72.2,176.53,159.05,9.9,low,57.6,613.9,97640.79,1227.8
BATCH-PRX-01263,2026-02-15 00:00:00,Wholesaler Depot,Rice,Cereal,4180,2308.2,18,180,162,29.0,22.0,75.2,44.93,38.19,15.0,low,32.9,1361.8,52007.14,2723.6
BATCH-PRX-01865,2026-02-15 00:00:00,Farm Hub,Wheat,Cereal,3029,711.7,117,180,63,22.5,22.0,88.0,37.42,34.65,7.4,low,5.0,387.4,13423.41,774.8
BATCH-PRX-00631,2026-02-16 00:00:00,Retail Supermarket,Apple,Fruit,2220,657.8,17,25,8,12.8,2.0,65.4,188.8,170.86,9.5,low,48.0,366.4,62603.1,732.8
BATCH-PRX-00775,2026-02-17 00:00:00,Wholesaler Depot,Green Chilli,Spice / Vegetable,2880,1719.2,1,10,9,8.9,10.0,74.8,126.77,109.15,13.9,low,5.0,1003.0,109477.45,2006.0
BATCH-PRX-01817,2026-02-17 00:00:00,Wholesaler Depot,Garlic,Spice / Vegetable,1693,1023.4,8,60,52,13.5,15.0,66.2,180.46,163.32,9.5,low,5.0,570.0,93092.4,1140.0
BATCH-PRX-00628,2026-02-18 00:00:00,Wholesaler Depot,Green Chilli,Spice / Vegetable,4405,622.8,8,10,2,11.8,10.0,87.1,127.44,72.13,43.4,high,45.0,473.6,34160.77,947.2
BATCH-PRX-00652,2026-02-18 00:00:00,Retail Supermarket,Apple,Fruit,1353,710.9,9,25,16,12.1,2.0,82.6,173.83,156.79,9.8,low,45.3,397.3,62292.67,794.6
BATCH-PRX-00008,2026-02-19 00:00:00,Retail Supermarket,Orange,Fruit,4237,1059.6,10,14,4,8.1,6.0,73.2,64.11,47.31,26.2,medium,20.0,696.4,32946.68,1392.8
BATCH-PRX-00122,2026-02-19 00:00:00,Mandi Yard,Tomato,Vegetable,4387,763.3,8,7,-1,11.1,12.0,82.3,38.16,9.54,75.0,critical,95.0,0.0,0.0,0.0
BATCH-PRX-00123,2026-02-19 00:00:00,Mandi Yard,Potato,Vegetable,1400,235.9,44,35,-9,11.2,8.0,71.6,31.24,7.81,75.0,critical,95.0,0.0,0.0,0.0
BATCH-PRX-00608,2026-02-19 00:00:00,Wholesaler Depot,Cauliflower,Vegetable,3422,3009.9,0,8,8,18.8,5.0,87.3,34.47,27.2,21.1,low,60.1,1886.0,51299.2,3772.0
BATCH-PRX-00744,2026-02-19 00:00:00,Farm Hub,Garlic,Spice / Vegetable,2863,781.2,40,60,20,19.9,15.0,71.8,193.5,177.44,8.3,low,5.0,429.5,76210.48,859.0
BATCH-PRX-01042,2026-02-19 00:00:00,Retail Supermarket,Wheat,Cereal,4481,752.2,210,180,-30,33.9,22.0,68.3,37.01,9.25,75.0,critical,100.0,0.0,0.0,0.0
BATCH-PRX-01628,2026-02-19 00:00:00,Wholesaler Depot,Potato,Vegetable,373,152.6,18,35,17,15.7,8.0,86.8,26.7,24.99,6.4,low,35.9,82.2,2054.18,164.4
BATCH-PRX-00827,2026-02-20 00:00:00,Mandi Yard,Carrot,Vegetable,3770,753.9,17,15,-2,17.0,4.0,70.7,45.91,11.48,75.0,critical,100.0,0.0,0.0,0.0
BATCH-PRX-01011,2026-02-20 00:00:00,Retail Supermarket,Green Chilli,Spice / Vegetable,4011,1255.4,6,10,4,16.0,10.0,81.3,131.27,96.35,26.6,medium,44.0,828.1,79787.43,1656.2
BATCH-PRX-01898,2026-02-21 00:00:00,Retail Supermarket,Carrot,Vegetable,2169,964.8,4,15,11,4.8,4.0,78.9,42.71,38.18,10.6,low,5.0,543.8,20762.28,1087.6
BATCH-PRX-00484,2026-02-22 00:00:00,Retail Supermarket,Cauliflower,Vegetable,651,101.1,9,8,-1,10.8,5.0,70.3,30.59,7.65,75.0,critical,100.0,0.0,0.0,0.0
BATCH-PRX-00929,2026-02-22 00:00:00,Farm Hub,Apple,Fruit,3885,1991.9,9,25,16,14.6,2.0,72.6,180.24,151.04,16.2,low,55.4,1189.6,179677.18,2379.2
BATCH-PRX-01603,2026-02-22 00:00:00,Farm Hub,Green Chilli,Spice / Vegetable,3729,3145.6,0,10,10,11.4,10.0,74.9,150.16,119.68,20.3,low,5.0,1955.9,234082.11,3911.8
BATCH-PRX-01684,2026-02-22 00:00:00,Mandi Yard,Turmeric,Spice,325,64.2,127,120,-7,20.5,20.0,81.2,162.0,41.47,74.4,critical,95.0,0.0,0.0,0.0
BATCH-PRX-00028,2026-02-23 00:00:00,Wholesaler Depot,Green Chilli,Spice / Vegetable,2786,421.2,10,10,0,22.2,10.0,79.3,137.99,34.5,75.0,critical,100.0,400.1,13803.45,800.2
BATCH-PRX-00041,2026-02-23 00:00:00,Farm Hub,Green Chilli,Spice / Vegetable,1655,681.2,5,10,5,20.8,10.0,76.1,127.99,97.66,23.7,medium,63.1,437.5,42726.25,875.0
BATCH-PRX-00481,2026-02-23 00:00:00,Wholesaler Depot,Orange,Fruit,3676,938.6,10,14,4,8.5,6.0,84.5,60.78,45.22,25.6,medium,20.0,613.5,27742.47,1227.0
BATCH-PRX-01142,2026-02-23 00:00:00,Farm Hub,Ginger,Spice,482,74.2,24,20,-4,23.4,12.0,68.0,130.33,32.58,75.0,critical,100.0,0.0,0.0,0.0
BATCH-PRX-01435,2026-02-23 00:00:00,Retail Supermarket,Ginger,Spice,411,152.7,11,20,9,18.9,12.0,68.5,110.38,103.65,6.1,low,32.5,81.9,8488.94,163.8
BATCH-PRX-01569,2026-02-23 00:00:00,Farm Hub,Potato,Vegetable,1639,253.2,45,35,-10,17.7,8.0,81.9,26.08,6.52,75.0,critical,100.0,0.0,0.0,0.0
BATCH-PRX-00402,2026-02-24 00:00:00,Farm Hub,Cauliflower,Vegetable,709,661.6,0,8,8,4.9,5.0,79.5,29.3,26.55,9.4,low,5.0,368.1,9773.06,736.2
BATCH-PRX-00508,2026-02-24 00:00:00,Retail Supermarket,Rice,Cereal,4304,718.9,156,180,24,27.7,22.0,80.0,53.71,49.9,7.1,low,27.7,390.1,19465.99,780.2
BATCH-PRX-00602,2026-02-24 00:00:00,Wholesaler Depot,Garlic,Spice / Vegetable,830,689.0,0,60,60,16.5,15.0,70.8,197.75,182.33,7.8,low,5.0,376.7,68683.71,753.4
BATCH-PRX-00158,2026-02-25 00:00:00,Wholesaler Depot,Orange,Fruit,1466,270.0,18,14,-4,7.1,6.0,71.2,62.82,15.71,75.0,critical,95.0,0.0,0.0,0.0
BATCH-PRX-00236,2026-02-25 00:00:00,Farm Hub,Apple,Fruit,1981,256.4,31,25,-6,5.3,2.0,72.3,177.2,44.3,75.0,critical,95.0,0.0,0.0,0.0
BATCH-PRX-01009,2026-02-25 00:00:00,Mandi Yard,Carrot,Vegetable,3270,3078.1,0,15,15,6.4,4.0,83.6,50.12,39.7,20.8,low,5.0,1923.2,76351.04,3846.4
BATCH-PRX-01002,2026-02-26 00:00:00,Mandi Yard,Potato,Vegetable,1881,1170.1,8,35,27,21.7,8.0,66.9,31.03,27.46,11.5,low,59.7,665.8,18282.87,1331.6
BATCH-PRX-01013,2026-02-26 00:00:00,Mandi Yard,Rice,Cereal,3560,898.6,117,180,63,26.7,22.0,69.9,53.75,49.45,8.0,low,5.0,492.4,24349.18,984.8
BATCH-PRX-01560,2026-02-26 00:00:00,Farm Hub,Apple,Fruit,3769,968.8,18,25,7,0.8,2.0,85.8,178.65,132.2,26.0,medium,20.0,635.5,84013.1,1271.0
BATCH-PRX-01828,2026-02-26 00:00:00,Retail Supermarket,Banana,Fruit,561,86.2,5,6,1,19.3,14.0,71.4,59.57,23.05,61.3,critical,96.3,74.8,1724.14,149.6
BATCH-PRX-00554,2026-02-27 00:00:00,Wholesaler Depot,Green Chilli,Spice / Vegetable,2069,1691.2,0,10,10,22.1,10.0,88.8,148.77,128.24,13.8,low,53.3,985.6,126393.34,1971.2
BATCH-PRX-00573,2026-02-27 00:00:00,Retail Supermarket,Banana,Fruit,2573,310.2,5,6,1,12.5,14.0,83.5,58.29,21.86,62.5,critical,75.0,271.4,5932.8,542.8
BATCH-PRX-01122,2026-02-27 00:00:00,Mandi Yard,Turmeric,Spice,2065,1988.0,4,120,116,30.0,20.0,78.9,172.49,148.34,14.0,low,44.8,1161.0,172222.74,2322.0
BATCH-PRX-01213,2026-02-27 00:00:00,Retail Supermarket,Onion,Vegetable,3364,466.3,34,30,-4,11.1,10.0,76.1,38.72,9.68,75.0,critical,95.0,0.0,0.0,0.0
BATCH-PRX-01327,2026-02-27 00:00:00,Mandi Yard,Wheat,Cereal,4154,1149.1,122,180,58,26.9,22.0,89.6,33.53,30.34,9.5,low,5.0,640.0,19417.6,1280.0
BATCH-PRX-00788,2026-02-28 00:00:00,Mandi Yard,Tomato,Vegetable,2708,2139.9,1,7,6,16.0,12.0,65.9,38.79,26.3,32.2,medium,20.0,1483.4,39013.42,2966.8
BATCH-PRX-00926,2026-02-28 00:00:00,Mandi Yard,Apple,Fruit,3844,518.7,32,25,-7,6.7,2.0,85.1,192.41,48.1,75.0,critical,95.0,0.0,0.0,0.0
BATCH-PRX-01415,2026-02-28 00:00:00,Retail Supermarket,Garlic,Spice / Vegetable,972,690.6,15,60,45,13.2,15.0,66.4,185.0,170.39,7.9,low,5.0,378.0,64407.42,756.0
BATCH-PRX-00184,2026-03-01 00:00:00,Mandi Yard,Orange,Fruit,4390,2726.2,3,14,11,5.3,6.0,84.0,67.43,54.28,19.5,low,5.0,1682.1,91304.39,3364.2
BATCH-PRX-00374,2026-03-01 00:00:00,Mandi Yard,Turmeric,Spice,3140,1859.1,37,120,83,27.6,20.0,80.3,164.22,142.21,13.4,low,35.5,1079.0,153444.59,2158.0
BATCH-PRX-01188,2026-03-01 00:00:00,Farm Hub,Ginger,Spice,1468,573.8,9,20,11,22.6,12.0,88.1,127.83,117.35,8.2,low,47.5,315.1,36976.99,630.2
BATCH-PRX-00287,2026-03-02 00:00:00,Wholesaler Depot,Apple,Fruit,337,51.4,20,25,5,10.1,2.0,83.9,190.09,149.22,21.5,medium,52.4,32.3,4819.81,64.6
BATCH-PRX-00637,2026-03-02 00:00:00,Farm Hub,Garlic,Spice / Vegetable,1584,548.6,33,60,27,16.6,15.0,89.3,200.59,186.35,7.1,low,5.0,297.7,55476.39,595.4
BATCH-PRX-01215,2026-03-02 00:00:00,Retail Supermarket,Cauliflower,Vegetable,2987,779.1,5,8,3,17.6,5.0,83.1,32.56,17.94,44.9,high,95.4,599.4,10753.24,1198.8
BATCH-PRX-01240,2026-03-02 00:00:00,Mandi Yard,Orange,Fruit,3101,880.6,9,14,5,7.4,6.0,82.2,65.23,48.73,25.3,medium,20.0,574.0,27971.02,1148.0
BATCH-PRX-00572,2026-03-04 00:00:00,Retail Supermarket,Wheat,Cereal,491,60.5,224,180,-44,31.5,22.0,72.2,34.57,8.95,74.1,critical,100.0,0.0,0.0,0.0
BATCH-PRX-01428,2026-03-04 00:00:00,Wholesaler Depot,Turmeric,Spice,3968,1358.7,63,120,57,24.9,20.0,68.0,150.67,134.25,10.9,low,5.0,768.2,103130.85,1536.4
BATCH-PRX-01430,2026-03-04 00:00:00,Mandi Yard,Mango,Fruit,1103,726.4,0,7,7,25.5,12.0,85.7,99.33,73.5,26.0,medium,73.9,476.5,35022.75,953.0
BATCH-PRX-01470,2026-03-04 00:00:00,Retail Supermarket,Onion,Vegetable,3793,1833.0,10,30,20,20.2,10.0,77.5,33.16,28.05,15.4,low,45.9,1085.9,30459.5,2171.8
BATCH-PRX-01788,2026-03-04 00:00:00,Farm Hub,Apple,Fruit,3158,485.7,30,25,-5,8.2,2.0,75.5,158.24,39.56,75.0,critical,100.0,0.0,0.0,0.0
BATCH-PRX-01831,2026-03-04 00:00:00,Farm Hub,Turmeric,Spice,2306,703.1,63,120,57,33.3,20.0,74.6,158.63,146.57,7.6,low,58.4,383.6,56224.25,767.2
BATCH-PRX-00056,2026-03-05 00:00:00,Mandi Yard,Wheat,Cereal,1597,785.2,57,180,123,29.8,22.0,90.5,36.81,33.98,7.7,low,36.1,428.9,14574.02,857.8
BATCH-PRX-00447,2026-03-05 00:00:00,Mandi Yard,Apple,Fruit,3220,1814.9,3,25,22,7.1,2.0,84.3,183.47,155.4,15.3,low,25.5,1074.1,166915.14,2148.2
BATCH-PRX-01464,2026-03-05 00:00:00,Wholesaler Depot,Ginger,Spice,1196,464.2,12,20,8,14.8,12.0,88.4,119.17,110.11,7.6,low,5.0,253.3,27890.86,506.6
BATCH-PRX-01510,2026-03-05 00:00:00,Mandi Yard,Rice,Cereal,2316,549.9,133,180,47,27.1,22.0,77.4,49.33,46.27,6.2,low,25.4,295.4,13668.16,590.8
BATCH-PRX-01722,2026-03-05 00:00:00,Retail Supermarket,Garlic,Spice / Vegetable,4266,849.7,64,60,-4,16.6,15.0,83.5,165.27,41.32,75.0,critical,95.0,0.0,0.0,0.0
BATCH-PRX-01754,2026-03-05 00:00:00,Farm Hub,Mango,Fruit,1053,150.6,9,7,-2,19.7,12.0,82.1,92.27,23.07,75.0,critical,100.0,0.0,0.0,0.0
BATCH-PRX-00753,2026-03-06 00:00:00,Farm Hub,Cabbage,Vegetable,1223,775.2,3,12,9,15.2,4.0,91.4,24.36,21.97,9.8,low,49.7,433.2,9517.4,866.4
BATCH-PRX-01035,2026-03-06 00:00:00,Mandi Yard,Turmeric,Spice,2649,1265.7,26,120,94,27.9,20.0,66.6,147.72,132.36,10.4,low,36.4,711.8,94213.85,1423.6
BATCH-PRX-01132,2026-03-06 00:00:00,Wholesaler Depot,Cauliflower,Vegetable,2559,361.2,8,8,0,13.8,5.0,79.3,33.5,8.38,75.0,critical,100.0,343.1,2875.18,686.2
BATCH-PRX-01387,2026-03-06 00:00:00,Retail Supermarket,Cauliflower,Vegetable,4113,940.4,6,8,2,3.4,5.0,89.7,29.43,15.95,45.8,high,45.0,728.6,11621.17,1457.2
BATCH-PRX-01743,2026-03-06 00:00:00,Farm Hub,Orange,Fruit,2376,454.3,11,14,3,19.0,6.0,83.1,57.25,32.52,43.2,high,97.2,344.9,11216.15,689.8
BATCH-PRX-01978,2026-03-06 00:00:00,Mandi Yard,Onion,Vegetable,150,27.2,39,30,-9,16.9,10.0,68.5,33.87,8.47,75.0,critical,100.0,0.0,0.0,0.0
BATCH-PRX-00973,2026-03-07 00:00:00,Wholesaler Depot,Mango,Fruit,1488,255.0,6,7,1,17.3,12.0,86.5,107.76,39.12,63.7,critical,96.1,225.0,8802.0,450.0
BATCH-PRX-00317,2026-03-08 00:00:00,Mandi Yard,Tomato,Vegetable,638,435.6,2,7,5,14.8,12.0,81.5,44.37,33.85,23.7,medium,20.0,279.7,9467.84,559.4
BATCH-PRX-00818,2026-03-08 00:00:00,Mandi Yard,Wheat,Cereal,3816,708.0,217,180,-37,24.2,22.0,90.4,38.34,9.59,75.0,critical,95.0,0.0,0.0,0.0
BATCH-PRX-01368,2026-03-08 00:00:00,Farm Hub,Turmeric,Spice,1182,718.1,30,120,90,24.4,20.0,86.2,152.53,140.79,7.7,low,5.0,392.2,55217.84,784.4
BATCH-PRX-01785,2026-03-08 00:00:00,Retail Supermarket,Cabbage,Vegetable,750,476.4,3,12,9,15.4,4.0,65.1,25.14,23.05,8.3,low,50.8,261.9,6036.8,523.8
BATCH-PRX-00333,2026-03-09 00:00:00,Retail Supermarket,Wheat,Cereal,273,84.1,98,180,82,24.0,22.0,66.8,31.49,30.17,4.2,low,5.0,44.2,1333.51,88.4
BATCH-PRX-01205,2026-03-09 00:00:00,Retail Supermarket,Carrot,Vegetable,4193,697.8,16,15,-1,4.5,4.0,85.7,50.2,12.55,75.0,critical,95.0,0.0,0.0,0.0
BATCH-PRX-01969,2026-03-09 00:00:00,Farm Hub,Turmeric,Spice,2014,320.9,99,120,21,19.2,20.0,77.6,158.94,149.88,5.7,low,5.0,171.4,25689.43,342.8
BATCH-PRX-00254,2026-03-10 00:00:00,Wholesaler Depot,Onion,Vegetable,283,136.0,9,30,21,10.3,10.0,87.1,39.3,36.59,6.9,low,5.0,73.6,2693.02,147.2
BATCH-PRX-00680,2026-03-10 00:00:00,Farm Hub,Rice,Cereal,2311,372.5,184,180,-4,25.6,22.0,82.1,49.66,12.41,75.0,critical,95.0,0.0,0.0,0.0
BATCH-PRX-01207,2026-03-10 00:00:00,Farm Hub,Mango,Fruit,1041,201.8,7,7,0,12.0,12.0,70.1,88.69,22.17,75.0,critical,95.0,191.7,4249.99,383.4
BATCH-PRX-01216,2026-03-10 00:00:00,Retail Supermarket,Tomato,Vegetable,1453,256.2,9,7,-2,20.1,12.0,70.1,42.91,10.73,75.0,critical,100.0,0.0,0.0,0.0
BATCH-PRX-01855,2026-03-10 00:00:00,Wholesaler Depot,Wheat,Cereal,2951,2527.9,14,180,166,23.6,22.0,82.4,32.41,27.09,16.4,low,5.0,1512.7,40979.04,3025.4
BATCH-PRX-00473,2026-03-11 00:00:00,Retail Supermarket,Mango,Fruit,610,143.6,5,7,2,14.2,12.0,86.7,94.28,53.65,43.1,high,45.0,108.9,5842.49,217.8
BATCH-PRX-01163,2026-03-11 00:00:00,Mandi Yard,Garlic,Spice / Vegetable,2187,302.2,58,60,2,13.1,15.0,79.6,197.05,116.46,40.9,high,45.0,225.3,26238.44,450.6
BATCH-PRX-01226,2026-03-11 00:00:00,Wholesaler Depot,Potato,Vegetable,2510,419.6,45,35,-10,9.3,8.0,80.0,30.25,7.56,75.0,critical,95.0,0.0,0.0,0.0
BATCH-PRX-01477,2026-03-11 00:00:00,Retail Supermarket,Orange,Fruit,1791,777.6,7,14,7,11.1,6.0,66.4,60.36,45.39,24.8,medium,40.5,504.5,22899.26,1009.0
BATCH-PRX-01580,2026-03-11 00:00:00,Retail Supermarket,Orange,Fruit,3937,576.6,11,14,3,18.3,6.0,71.1,63.03,35.42,43.8,high,94.2,439.8,15577.72,879.6
BATCH-PRX-01843,2026-03-11 00:00:00,Mandi Yard,Orange,Fruit,4018,635.4,17,14,-3,9.9,6.0,66.6,58.01,14.5,75.0,critical,95.0,0.0,0.0,0.0
BATCH-PRX-00468,2026-03-13 00:00:00,Retail Supermarket,Ginger,Spice,2483,1006.1,11,20,9,18.4,12.0,90.5,114.79,102.97,10.3,low,30.5,565.2,58198.64,1130.4
BATCH-PRX-00579,2026-03-13 00:00:00,Mandi Yard,Green Chilli,Spice / Vegetable,587,282.4,2,10,8,8.0,10.0,90.3,144.39,134.72,6.7,low,5.0,152.6,20558.27,305.2
BATCH-PRX-00770,2026-03-13 00:00:00,Farm Hub,Orange,Fruit,3042,510.2,15,14,-1,5.3,6.0,83.4,55.36,13.84,75.0,critical,95.0,0.0,0.0,0.0
BATCH-PRX-00915,2026-03-14 00:00:00,Wholesaler Depot,Carrot,Vegetable,2553,839.0,10,15,5,10.1,4.0,87.5,42.61,32.0,24.9,medium,44.3,544.8,17433.6,1089.6
BATCH-PRX-00586,2026-03-15 00:00:00,Retail Supermarket,Potato,Vegetable,1827,238.0,28,35,7,18.1,8.0,87.0,29.26,22.88,21.8,medium,60.4,150.1,3434.29,300.2
BATCH-PRX-01962,2026-03-15 00:00:00,Farm Hub,Potato,Vegetable,3137,592.0,25,35,10,12.5,8.0,78.7,25.49,23.3,8.6,low,5.0,326.5,7607.45,653.0
BATCH-PRX-00115,2026-03-16 00:00:00,Farm Hub,Garlic,Spice / Vegetable,3632,584.0,54,60,6,25.8,15.0,77.3,200.68,155.93,22.3,medium,63.2,370.1,57709.69,740.2
BATCH-PRX-00131,2026-03-16 00:00:00,Mandi Yard,Wheat,Cereal,235,111.3,91,180,89,31.4,22.0,85.9,33.23,31.77,4.4,low,42.7,58.6,1861.72,117.2
BATCH-PRX-00154,2026-03-16 00:00:00,Wholesaler Depot,Rice,Cereal,1509,236.5,156,180,24,26.5,22.0,72.2,54.55,51.99,4.7,low,5.0,124.9,6493.55,249.8
BATCH-PRX-00445,2026-03-16 00:00:00,Mandi Yard,Banana,Fruit,2352,376.6,7,6,-1,23.7,14.0,87.5,60.31,15.08,75.0,critical,100.0,0.0,0.0,0.0
BATCH-PRX-00587,2026-03-16 00:00:00,Retail Supermarket,Rice,Cereal,344,160.7,84,180,96,25.1,22.0,83.0,46.46,44.46,4.3,low,5.0,84.5,3756.87,169.0
BATCH-PRX-01360,2026-03-16 00:00:00,Wholesaler Depot,Banana,Fruit,4472,580.5,7,6,-1,20.7,14.0,82.7,52.62,13.15,75.0,critical,100.0,0.0,0.0,0.0
BATCH-PRX-00101,2026-03-17 00:00:00,Farm Hub,Garlic,Spice / Vegetable,3940,602.0,53,60,7,15.8,15.0,75.1,198.07,153.7,22.4,medium,20.0,381.9,58698.03,763.8
BATCH-PRX-00420,2026-03-17 00:00:00,Retail Supermarket,Apple,Fruit,1961,806.9,12,25,13,0.2,2.0,75.1,191.17,171.67,10.2,low,5.0,452.8,77732.18,905.6
BATCH-PRX-00640,2026-03-17 00:00:00,Mandi Yard,Ginger,Spice,3187,760.3,15,20,5,21.7,12.0,91.2,113.3,85.99,24.1,medium,58.6,490.1,42143.7,980.2
BATCH-PRX-00651,2026-03-17 00:00:00,Farm Hub,Rice,Cereal,4210,744.8,145,180,35,21.4,22.0,88.6,56.49,52.42,7.2,low,5.0,404.6,21209.13,809.2
BATCH-PRX-01294,2026-03-17 00:00:00,Retail Supermarket,Banana,Fruit,3760,658.8,5,6,1,12.9,14.0,71.0,56.85,20.35,64.2,critical,75.0,583.2,11868.12,1166.4
BATCH-PRX-01879,2026-03-17 00:00:00,Wholesaler Depot,Tomato,Vegetable,2217,324.4,6,7,1,12.3,12.0,87.8,42.46,15.67,63.1,critical,75.0,285.0,4465.95,570.0
BATCH-PRX-00209,2026-03-18 00:00:00,Wholesaler Depot,Orange,Fruit,1924,247.4,11,14,3,6.3,6.0,84.3,67.96,39.35,42.1,high,45.0,186.2,7326.97,372.4
BATCH-PRX-00826,2026-03-18 00:00:00,Mandi Yard,Garlic,Spice / Vegetable,1439,217.9,66,60,-6,18.7,15.0,76.6,189.88,47.47,75.0,critical,95.0,0.0,0.0,0.0
BATCH-PRX-00986,2026-03-18 00:00:00,Farm Hub,Garlic,Spice / Vegetable,1956,241.4,65,60,-5,19.1,15.0,65.4,171.59,42.9,75.0,critical,95.0,0.0,0.0,0.0
BATCH-PRX-00107,2026-03-19 00:00:00,Farm Hub,Rice,Cereal,3630,2265.3,41,180,139,31.3,22.0,83.0,50.79,43.27,14.8,low,42.2,1333.8,57713.53,2667.6
BATCH-PRX-00734,2026-03-19 00:00:00,Retail Supermarket,Onion,Vegetable,659,593.0,1,30,29,8.5,10.0,80.8,37.86,34.38,9.2,low,5.0,329.2,11317.9,658.4
BATCH-PRX-00959,2026-03-19 00:00:00,Mandi Yard,Cauliflower,Vegetable,1828,892.3,3,8,5,16.2,5.0,67.2,32.37,24.12,25.5,medium,64.7,582.7,14054.72,1165.4
BATCH-PRX-01572,2026-03-19 00:00:00,Mandi Yard,Mango,Fruit,4116,3484.4,1,7,6,20.5,12.0,67.3,89.11,55.78,37.4,medium,54.2,2524.1,140794.3,5048.2
BATCH-PRX-01517,2026-03-20 00:00:00,Farm Hub,Rice,Cereal,2694,1924.9,16,180,164,26.7,22.0,65.4,55.24,48.0,13.1,low,5.0,1113.7,53457.6,2227.4
BATCH-PRX-01583,2026-03-20 00:00:00,Mandi Yard,Potato,Vegetable,2987,448.2,28,35,7,15.8,8.0,88.6,26.87,20.74,22.8,medium,51.3,285.4,5919.2,570.8
BATCH-PRX-00749,2026-03-22 00:00:00,Wholesaler Depot,Carrot,Vegetable,1645,272.1,12,15,3,12.8,4.0,80.3,41.76,24.18,42.1,high,80.0,204.8,4952.06,409.6
BATCH-PRX-01591,2026-03-22 00:00:00,Retail Supermarket,Orange,Fruit,714,368.2,6,14,8,4.8,6.0,86.4,60.78,56.1,7.7,low,5.0,201.1,11281.71,402.2
BATCH-PRX-01767,2026-03-22 00:00:00,Mandi Yard,Apple,Fruit,1079,614.5,10,25,15,9.8,2.0,81.3,179.86,163.13,9.3,low,36.2,341.5,55708.89,683.0
BATCH-PRX-00261,2026-03-23 00:00:00,Wholesaler Depot,Rice,Cereal,3154,1188.3,93,180,87,25.9,22.0,75.5,46.21,41.87,9.4,low,5.0,661.2,27684.44,1322.4
BATCH-PRX-00478,2026-03-23 00:00:00,Retail Supermarket,Tomato,Vegetable,4131,1170.4,5,7,2,16.8,12.0,84.8,40.42,21.26,47.4,high,45.0,918.1,19518.81,1836.2
BATCH-PRX-00717,2026-03-23 00:00:00,Retail Supermarket,Onion,Vegetable,101,73.4,4,30,26,19.6,10.0,68.8,34.02,31.77,6.6,low,43.4,39.6,1258.09,79.2
BATCH-PRX-00532,2026-03-24 00:00:00,Mandi Yard,Cauliflower,Vegetable,3815,540.2,9,8,-1,16.5,5.0,89.8,31.54,7.88,75.0,critical,100.0,0.0,0.0,0.0
BATCH-PRX-01869,2026-03-24 00:00:00,Farm Hub,Garlic,Spice / Vegetable,3018,417.1,66,60,-6,27.5,15.0,70.7,195.49,48.87,75.0,critical,100.0,0.0,0.0,0.0
BATCH-PRX-01274,2026-03-25 00:00:00,Farm Hub,Onion,Vegetable,450,70.8,27,30,3,22.2,10.0,77.0,36.5,21.32,41.6,high,94.0,53.1,1132.09,106.2
BATCH-PRX-01426,2026-03-25 00:00:00,Retail Supermarket,Wheat,Cereal,1348,1020.8,38,180,142,22.0,22.0,91.1,31.79,28.96,8.9,low,5.0,564.9,16359.5,1129.8
BATCH-PRX-01634,2026-03-25 00:00:00,Retail Supermarket,Rice,Cereal,1617,288.3,189,180,-9,31.7,22.0,89.2,47.64,11.96,74.9,critical,100.0,0.0,0.0,0.0
BATCH-PRX-01646,2026-03-25 00:00:00,Retail Supermarket,Onion,Vegetable,2112,1443.1,4,30,26,18.0,10.0,68.2,39.04,33.81,13.4,low,37.0,837.6,28319.26,1675.2
BATCH-PRX-00003,2026-03-26 00:00:00,Wholesaler Depot,Orange,Fruit,4380,604.7,14,14,0,8.6,6.0,90.9,62.44,15.61,75.0,critical,95.0,574.5,8967.94,1149.0
BATCH-PRX-00102,2026-03-26 00:00:00,Farm Hub,Banana,Fruit,364,262.2,1,6,5,14.9,14.0,88.4,53.87,41.91,22.2,medium,20.0,166.0,6957.06,332.0
BATCH-PRX-00386,2026-03-26 00:00:00,Retail Supermarket,Garlic,Spice / Vegetable,3736,2251.6,8,60,52,20.0,15.0,73.0,201.09,169.52,15.7,low,25.0,1337.9,226800.81,2675.8
BATCH-PRX-00437,2026-03-26 00:00:00,Mandi Yard,Onion,Vegetable,1078,686.4,10,30,20,22.0,10.0,76.1,39.98,36.14,9.6,low,52.9,382.7,13830.78,765.4
BATCH-PRX-01621,2026-03-26 00:00:00,Farm Hub,Ginger,Spice,3610,2487.3,0,20,20,23.0,12.0,70.2,117.09,96.37,17.7,low,48.9,1507.8,145306.69,3015.6
BATCH-PRX-01673,2026-03-26 00:00:00,Mandi Yard,Wheat,Cereal,3809,533.8,192,180,-12,32.1,22.0,85.5,35.01,8.75,75.0,critical,100.0,0.0,0.0,0.0
BATCH-PRX-01745,2026-03-26 00:00:00,Farm Hub,Cabbage,Vegetable,3069,1409.1,3,12,9,8.3,4.0,74.1,23.1,20.12,12.9,low,5.0,813.6,16369.63,1627.2
BATCH-PRX-00244,2026-03-27 00:00:00,Mandi Yard,Tomato,Vegetable,4418,744.8,8,7,-1,18.2,12.0,85.7,41.79,10.45,75.0,critical,100.0,0.0,0.0,0.0
BATCH-PRX-01522,2026-03-27 00:00:00,Farm Hub,Turmeric,Spice,2213,375.7,119,120,1,26.1,20.0,72.6,151.1,58.93,61.0,critical,99.3,325.4,19175.82,650.8
BATCH-PRX-01846,2026-03-27 00:00:00,Farm Hub,Orange,Fruit,2728,771.5,9,14,5,10.7,6.0,79.2,66.83,50.26,24.8,medium,20.0,500.5,25155.13,1001.0
BATCH-PRX-00695,2026-03-28 00:00:00,Retail Supermarket,Tomato,Vegetable,1270,628.9,3,7,4,17.8,12.0,91.7,39.28,29.62,24.6,medium,43.2,407.3,12064.23,814.6
BATCH-PRX-00719,2026-03-28 00:00:00,Wholesaler Depot,Wheat,Cereal,815,427.3,44,180,136,32.9,22.0,70.8,35.05,32.98,5.9,low,48.5,228.8,7545.82,457.6
BATCH-PRX-00732,2026-03-28 00:00:00,Wholesaler Depot,Ginger,Spice,1606,493.2,13,20,7,19.2,12.0,75.9,132.57,102.34,22.8,medium,48.8,314.1,32144.99,628.2
BATCH-PRX-00919,2026-03-28 00:00:00,Farm Hub,Rice,Cereal,2322,501.1,139,180,41,33.0,22.0,89.7,46.8,43.99,6.0,low,49.1,268.6,11815.71,537.2
BATCH-PRX-01209,2026-03-28 00:00:00,Mandi Yard,Rice,Cereal,1515,629.1,56,180,124,28.7,22.0,72.4,50.58,47.24,6.6,low,31.9,339.5,16037.98,679.0
BATCH-PRX-00377,2026-03-29 00:00:00,Retail Supermarket,Onion,Vegetable,3923,2815.7,2,30,28,19.6,10.0,89.3,33.83,26.96,20.3,low,43.5,1750.8,47201.57,3501.6
BATCH-PRX-00491,2026-03-29 00:00:00,Retail Supermarket,Mango,Fruit,2608,1588.8,2,7,5,18.4,12.0,81.6,104.71,72.98,30.3,medium,45.5,1083.2,79051.94,2166.4
BATCH-PRX-00769,2026-03-29 00:00:00,Farm Hub,Banana,Fruit,2814,424.9,7,6,-1,19.3,14.0,77.1,49.2,12.3,75.0,critical,100.0,0.0,0.0,0.0
BATCH-PRX-00940,2026-03-29 00:00:00,Farm Hub,Potato,Vegetable,139,112.8,4,35,31,19.5,8.0,77.3,30.43,28.54,6.2,low,51.1,60.6,1729.52,121.2
BATCH-PRX-01502,2026-03-29 00:00:00,Retail Supermarket,Turmeric,Spice,3972,714.4,125,120,-5,21.8,20.0,82.7,176.77,44.19,75.0,critical,95.0,0.0,0.0,0.0
BATCH-PRX-00656,2026-03-30 00:00:00,Wholesaler Depot,Tomato,Vegetable,3277,2269.0,1,7,6,11.6,12.0,86.2,42.07,28.27,32.8,medium,20.0,1581.0,44694.87,3162.0
BATCH-PRX-01123,2026-03-30 00:00:00,Mandi Yard,Cabbage,Vegetable,764,362.9,5,12,7,2.2,4.0,68.1,23.52,18.18,22.7,medium,20.0,230.9,4197.76,461.8
BATCH-PRX-00020,2026-03-31 00:00:00,Farm Hub,Ginger,Spice,3423,2360.8,3,20,17,20.1,12.0,65.0,119.22,98.83,17.1,low,37.4,1422.6,140595.56,2845.2
BATCH-PRX-00269,2026-03-31 00:00:00,Mandi Yard,Cauliflower,Vegetable,767,321.2,3,8,5,4.2,5.0,77.9,29.49,22.8,22.7,medium,20.0,204.3,4658.04,408.6
BATCH-PRX-00708,2026-03-31 00:00:00,Retail Supermarket,Onion,Vegetable,1801,271.6,29,30,1,11.0,10.0,77.5,38.04,14.23,62.6,critical,75.0,237.8,3383.89,475.6
BATCH-PRX-01425,2026-03-31 00:00:00,Mandi Yard,Apple,Fruit,3913,3207.2,2,25,23,12.8,2.0,70.9,185.04,145.81,21.2,low,48.2,2011.6,293311.4,4023.2
BATCH-PRX-00896,2026-04-01 00:00:00,Retail Supermarket,Tomato,Vegetable,3305,2967.7,0,7,7,19.5,12.0,89.9,42.2,26.88,36.3,medium,49.9,2130.2,57259.78,4260.4
BATCH-PRX-01039,2026-04-01 00:00:00,Mandi Yard,Potato,Vegetable,1243,231.1,37,35,-2,13.9,8.0,81.5,30.14,7.54,75.0,critical,100.0,0.0,0.0,0.0
BATCH-PRX-01472,2026-04-01 00:00:00,Farm Hub,Cauliflower,Vegetable,1887,991.4,1,8,7,4.1,5.0,86.0,31.8,23.53,26.0,medium,20.0,650.4,15303.91,1300.8
BATCH-PRX-01870,2026-04-01 00:00:00,Farm Hub,Banana,Fruit,170,153.3,0,6,6,24.2,14.0,91.7,54.54,42.7,21.7,medium,60.7,96.6,4124.82,193.2
BATCH-PRX-00176,2026-04-02 00:00:00,Wholesaler Depot,Carrot,Vegetable,860,129.4,16,15,-1,15.1,4.0,84.7,46.35,11.59,75.0,critical,100.0,0.0,0.0,0.0
BATCH-PRX-01237,2026-04-02 00:00:00,Farm Hub,Wheat,Cereal,597,124.8,126,180,54,29.0,22.0,74.2,32.45,31.02,4.4,low,32.9,65.7,2038.01,131.4
BATCH-PRX-01296,2026-04-02 00:00:00,Mandi Yard,Orange,Fruit,2700,2218.0,1,14,13,16.1,6.0,69.4,64.33,53.39,17.0,low,45.6,1335.2,71286.33,2670.4
BATCH-PRX-01886,2026-04-02 00:00:00,Retail Supermarket,Rice,Cereal,2125,501.0,112,180,68,22.4,22.0,74.7,55.5,52.17,6.0,low,5.0,268.5,14007.65,537.0
BATCH-PRX-01997,2026-04-02 00:00:00,Mandi Yard,Cauliflower,Vegetable,3507,427.0,8,8,0,18.4,5.0,87.3,34.39,8.6,75.0,critical,100.0,405.6,3488.16,811.2
BATCH-PRX-00257,2026-04-03 00:00:00,Farm Hub,Orange,Fruit,2953,1819.3,3,14,11,14.1,6.0,78.3,62.59,53.2,15.0,low,37.4,1073.4,57104.88,2146.8
BATCH-PRX-00300,2026-04-03 00:00:00,Mandi Yard,Orange,Fruit,1630,371.7,9,14,5,15.9,6.0,90.6,57.94,44.73,22.8,medium,59.6,236.7,10587.59,473.4
BATCH-PRX-01191,2026-04-03 00:00:00,Wholesaler Depot,Banana,Fruit,1177,777.8,1,6,5,16.8,14.0,80.9,60.67,45.62,24.8,medium,20.0,504.6,23019.85,1009.2
BATCH-PRX-01299,2026-04-03 00:00:00,Mandi Yard,Cauliflower,Vegetable,1980,1147.0,2,8,6,7.0,5.0,91.4,29.52,21.61,26.8,medium,20.0,757.9,16378.22,1515.8
BATCH-PRX-01664,2026-04-03 00:00:00,Farm Hub,Apple,Fruit,3036,2298.6,4,25,21,9.6,2.0,75.2,187.08,153.97,17.7,low,35.5,1393.4,214541.8,2786.8
BATCH-PRX-00471,2026-04-04 00:00:00,Wholesaler Depot,Potato,Vegetable,416,221.7,10,35,25,18.6,8.0,67.4,27.33,25.5,6.7,low,47.5,119.8,3054.9,239.6
BATCH-PRX-00731,2026-04-04 00:00:00,Retail Supermarket,Banana,Fruit,3427,428.0,5,6,1,15.7,14.0,86.7,55.6,20.57,63.0,critical,75.0,375.8,7730.21,751.6
BATCH-PRX-00819,2026-04-04 00:00:00,Wholesaler Depot,Ginger,Spice,2782,1610.4,8,20,12,14.3,12.0,69.8,116.12,100.56,13.4,low,5.0,934.7,93993.43,1869.4
BATCH-PRX-00467,2026-04-05 00:00:00,Mandi Yard,Rice,Cereal,3900,1291.3,89,180,91,28.0,22.0,86.8,48.81,43.93,10.0,low,29.0,723.1,31765.78,1446.2
BATCH-PRX-01177,2026-04-05 00:00:00,Retail Supermarket,Ginger,Spice,3555,1475.4,10,20,10,21.1,12.0,66.2,117.25,102.36,12.7,low,41.2,850.1,87016.24,1700.2
BATCH-PRX-01821,2026-04-05 00:00:00,Mandi Yard,Garlic,Spice / Vegetable,839,124.4,74,60,-14,15.7,15.0,76.2,200.24,50.06,75.0,critical,95.0,0.0,0.0,0.0
BATCH-PRX-00128,2026-04-06 00:00:00,Mandi Yard,Potato,Vegetable,173,71.6,17,35,18,18.4,8.0,74.1,29.36,27.6,6.0,low,46.7,38.4,1059.84,76.8
BATCH-PRX-00458,2026-04-06 00:00:00,Wholesaler Depot,Cabbage,Vegetable,3529,510.3,11,12,1,16.5,4.0,73.3,21.35,7.79,63.5,critical,100.0,449.6,3502.38,899.2
BATCH-PRX-01118,2026-04-06 00:00:00,Retail Supermarket,Potato,Vegetable,4259,2668.9,3,35,32,19.7,8.0,71.9,31.68,25.69,18.9,low,51.7,1637.1,42057.1,3274.2
BATCH-PRX-01197,2026-04-06 00:00:00,Farm Hub,Apple,Fruit,493,61.5,30,25,-5,6.5,2.0,91.6,188.11,47.03,75.0,critical,95.0,0.0,0.0,0.0
BATCH-PRX-00150,2026-04-07 00:00:00,Retail Supermarket,Ginger,Spice,923,180.5,20,20,0,15.9,12.0,76.0,107.04,26.76,75.0,critical,95.0,171.5,4589.34,343.0
BATCH-PRX-00346,2026-04-07 00:00:00,Farm Hub,Cabbage,Vegetable,3182,1146.7,7,12,5,12.2,4.0,85.9,24.51,17.99,26.6,medium,52.6,756.4,13607.64,1512.8
BATCH-PRX-00593,2026-04-07 00:00:00,Retail Supermarket,Banana,Fruit,862,111.4,5,6,1,15.2,14.0,89.2,54.81,21.1,61.5,critical,75.0,96.8,2042.48,193.6
BATCH-PRX-01100,2026-04-07 00:00:00,Farm Hub,Onion,Vegetable,3140,439.1,25,30,5,23.7,10.0,65.6,37.78,28.94,23.4,medium,74.9,281.2,8137.93,562.4
BATCH-PRX-00691,2026-04-08 00:00:00,Retail Supermarket,Mango,Fruit,2139,895.2,4,7,3,23.3,12.0,71.4,87.7,46.57,46.9,high,90.1,699.5,32575.72,1399.0
BATCH-PRX-01005,2026-04-08 00:00:00,Mandi Yard,Garlic,Spice / Vegetable,3016,532.9,44,60,16,16.1,15.0,85.8,176.24,163.73,7.1,low,5.0,289.2,47350.72,578.4
BATCH-PRX-00224,2026-04-09 00:00:00,Wholesaler Depot,Potato,Vegetable,1447,532.6,18,35,17,12.4,8.0,90.9,30.16,27.66,8.3,low,5.0,292.8,8098.85,585.6
BATCH-PRX-00971,2026-04-09 00:00:00,Farm Hub,Wheat,Cereal,577,492.9,26,180,154,26.7,22.0,83.2,31.16,29.2,6.3,low,5.0,265.1,7740.92,530.2
BATCH-PRX-00659,2026-04-11 00:00:00,Farm Hub,Cauliflower,Vegetable,3852,1774.2,2,8,6,16.1,5.0,74.4,33.09,23.2,29.9,medium,64.4,1205.4,27965.28,2410.8
BATCH-PRX-01771,2026-04-11 00:00:00,Mandi Yard,Cauliflower,Vegetable,1634,1257.3,0,8,8,9.5,5.0,87.8,33.18,29.1,12.3,low,5.0,721.4,20992.74,1442.8
BATCH-PRX-00635,2026-04-12 00:00:00,Wholesaler Depot,Cauliflower,Vegetable,2805,1131.6,3,8,5,5.5,5.0,66.3,32.27,23.65,26.7,medium,20.0,747.1,17668.92,1494.2
BATCH-PRX-00768,2026-04-12 00:00:00,Farm Hub,Apple,Fruit,4041,730.2,22,25,3,13.4,2.0,89.8,157.49,86.78,44.9,high,90.7,561.8,48753.0,1123.6
BATCH-PRX-01078,2026-04-12 00:00:00,Wholesaler Depot,Garlic,Spice / Vegetable,1099,147.9,55,60,5,19.0,15.0,75.5,192.15,153.53,20.1,medium,20.0,91.8,14094.05,183.6
BATCH-PRX-00865,2026-04-13 00:00:00,Retail Supermarket,Ginger,Spice,1635,939.6,4,20,16,13.6,12.0,70.3,128.37,115.53,10.0,low,5.0,526.2,60791.89,1052.4
BATCH-PRX-01698,2026-04-13 00:00:00,Wholesaler Depot,Green Chilli,Spice / Vegetable,412,55.9,13,10,-3,16.5,10.0,86.3,134.59,33.65,75.0,critical,100.0,0.0,0.0,0.0
BATCH-PRX-01844,2026-04-13 00:00:00,Farm Hub,Mango,Fruit,3157,1091.4,4,7,3,10.1,12.0,87.3,103.02,53.67,47.9,high,45.0,859.4,46124.0,1718.8
BATCH-PRX-01613,2026-04-14 00:00:00,Mandi Yard,Orange,Fruit,169,122.3,2,14,12,15.1,6.0,84.0,64.72,60.51,6.5,low,41.6,65.9,3987.61,131.8
BATCH-PRX-01976,2026-04-14 00:00:00,Wholesaler Depot,Tomato,Vegetable,2521,1725.0,0,7,7,10.8,12.0,68.4,42.18,29.48,30.1,medium,20.0,1174.0,34609.52,2348.0
BATCH-PRX-00207,2026-04-15 00:00:00,Mandi Yard,Banana,Fruit,629,325.2,2,6,4,27.0,14.0,82.9,54.25,42.04,22.5,medium,72.1,206.5,8681.26,413.0
BATCH-PRX-01518,2026-04-15 00:00:00,Wholesaler Depot,Potato,Vegetable,4231,610.8,34,35,1,11.6,8.0,74.3,25.33,9.19,63.7,critical,75.0,538.8,4951.57,1077.6
BATCH-PRX-01772,2026-04-15 00:00:00,Wholesaler Depot,Carrot,Vegetable,1805,294.4,11,15,4,8.1,4.0,68.8,45.65,35.52,22.2,medium,20.0,186.4,6620.93,372.8
BATCH-PRX-01816,2026-04-15 00:00:00,Mandi Yard,Ginger,Spice,1000,420.8,9,20,11,22.8,12.0,84.4,107.6,99.64,7.4,low,48.1,229.1,22827.52,458.2
BATCH-PRX-00036,2026-04-16 00:00:00,Retail Supermarket,Mango,Fruit,805,547.8,2,7,5,10.7,12.0,83.9,87.46,65.51,25.1,medium,20.0,356.4,23347.76,712.8
BATCH-PRX-00600,2026-04-16 00:00:00,Wholesaler Depot,Cauliflower,Vegetable,2773,935.0,5,8,3,17.4,5.0,87.6,34.48,18.72,45.7,high,94.8,723.9,13551.41,1447.8
BATCH-PRX-00387,2026-04-17 00:00:00,Farm Hub,Banana,Fruit,3523,696.1,5,6,1,14.5,14.0,86.9,54.69,19.47,64.4,critical,75.0,617.0,12012.99,1234.0
BATCH-PRX-00724,2026-04-17 00:00:00,Retail Supermarket,Banana,Fruit,2326,1931.5,0,6,6,26.5,14.0,87.3,49.33,34.24,30.6,medium,69.9,1320.4,45210.5,2640.8
BATCH-PRX-01544,2026-04-17 00:00:00,Farm Hub,Onion,Vegetable,860,280.2,19,30,11,17.0,10.0,91.2,36.47,33.7,7.6,low,33.1,152.9,5152.73,305.8
BATCH-PRX-01862,2026-04-17 00:00:00,Wholesaler Depot,Orange,Fruit,2479,471.1,14,14,0,7.3,6.0,79.6,69.38,17.34,75.0,critical,95.0,447.5,7759.65,895.0
BATCH-PRX-00519,2026-04-18 00:00:00,Farm Hub,Apple,Fruit,925,202.1,18,25,7,0.7,2.0,69.0,179.26,139.46,22.2,medium,20.0,128.0,17850.88,256.0
BATCH-PRX-00543,2026-04-18 00:00:00,Wholesaler Depot,Green Chilli,Spice / Vegetable,4292,1410.1,6,10,4,21.8,10.0,80.0,150.66,109.38,27.4,medium,67.1,936.9,102478.12,1873.8
BATCH-PRX-01259,2026-04-18 00:00:00,Wholesaler Depot,Cauliflower,Vegetable,3071,2480.5,1,8,7,5.1,5.0,86.0,34.35,22.84,33.5,medium,20.0,1738.8,39714.19,3477.6
BATCH-PRX-01741,2026-04-18 00:00:00,Farm Hub,Cauliflower,Vegetable,2403,1878.1,1,8,7,11.7,5.0,88.5,33.2,23.11,30.4,medium,46.9,1281.6,29617.78,2563.2
BATCH-PRX-00529,2026-04-19 00:00:00,Retail Supermarket,Garlic,Spice / Vegetable,248,143.8,18,60,42,16.5,15.0,86.4,196.94,186.9,5.1,low,5.0,76.3,14260.47,152.6
BATCH-PRX-00654,2026-04-19 00:00:00,Mandi Yard,Wheat,Cereal,551,105.7,205,180,-25,23.4,22.0,71.1,34.82,8.95,74.3,critical,95.0,0.0,0.0,0.0
BATCH-PRX-00799,2026-04-19 00:00:00,Mandi Yard,Tomato,Vegetable,4133,3233.2,1,7,6,16.8,12.0,85.2,40.52,25.73,36.5,medium,20.0,2324.7,59814.53,4649.4
BATCH-PRX-01617,2026-04-19 00:00:00,Mandi Yard,Cabbage,Vegetable,652,500.5,2,12,10,3.0,4.0,79.1,25.43,23.29,8.4,low,5.0,275.5,6416.39,551.0
BATCH-PRX-01899,2026-04-19 00:00:00,Mandi Yard,Mango,Fruit,812,215.8,4,7,3,12.2,12.0,66.9,90.41,51.08,43.5,high,45.0,164.2,8387.34,328.4
BATCH-PRX-00294,2026-04-20 00:00:00,Mandi Yard,Cauliflower,Vegetable,3073,2582.0,0,8,8,12.5,5.0,74.1,29.29,23.72,19.0,low,35.0,1585.3,37603.32,3170.6
BATCH-PRX-01968,2026-04-20 00:00:00,Wholesaler Depot,Green Chilli,Spice / Vegetable,3829,1894.8,2,10,8,20.1,10.0,78.3,149.67,127.52,14.8,low,45.3,1115.7,142274.06,2231.4
BATCH-PRX-00558,2026-04-21 00:00:00,Farm Hub,Turmeric,Spice,3941,528.9,144,120,-24,25.6,20.0,65.1,167.06,41.77,75.0,critical,100.0,0.0,0.0,0.0
BATCH-PRX-00836,2026-04-21 00:00:00,Wholesaler Depot,Garlic,Spice / Vegetable,1716,1180.6,4,60,56,13.2,15.0,86.0,187.97,168.61,10.3,low,5.0,663.3,111839.01,1326.6
BATCH-PRX-01356,2026-04-21 00:00:00,Mandi Yard,Orange,Fruit,2453,1896.9,2,14,12,7.7,6.0,71.0,57.37,48.54,15.4,low,5.0,1123.7,54544.4,2247.4
BATCH-PRX-00638,2026-04-22 00:00:00,Mandi Yard,Potato,Vegetable,1473,237.9,32,35,3,12.7,8.0,65.3,27.01,15.72,41.8,high,45.0,178.6,2807.59,357.2
BATCH-PRX-00877,2026-04-22 00:00:00,Mandi Yard,Cauliflower,Vegetable,3592,672.6,10,8,-2,18.3,5.0,79.7,27.87,6.97,75.0,critical,100.0,0.0,0.0,0.0
BATCH-PRX-00033,2026-04-23 00:00:00,Wholesaler Depot,Wheat,Cereal,211,27.6,161,180,19,25.4,22.0,76.9,34.58,33.23,3.9,low,5.0,14.4,478.51,28.8
BATCH-PRX-00490,2026-04-23 00:00:00,Wholesaler Depot,Cabbage,Vegetable,3378,1667.8,3,12,9,2.5,4.0,88.0,25.07,21.51,14.2,low,5.0,976.0,20993.76,1952.0
BATCH-PRX-00547,2026-04-23 00:00:00,Farm Hub,Turmeric,Spice,3815,3174.5,10,120,110,32.0,20.0,66.5,159.99,129.43,19.1,low,53.0,1951.0,252517.93,3902.0
BATCH-PRX-00676,2026-04-23 00:00:00,Farm Hub,Cabbage,Vegetable,2568,1720.5,1,12,11,8.0,4.0,73.8,25.3,21.63,14.5,low,5.0,1009.9,21844.14,2019.8
BATCH-PRX-01491,2026-04-23 00:00:00,Retail Supermarket,Green Chilli,Spice / Vegetable,3177,564.6,12,10,-2,22.4,10.0,90.0,129.74,32.44,75.0,critical,100.0,0.0,0.0,0.0
BATCH-PRX-01648,2026-04-23 00:00:00,Wholesaler Depot,Ginger,Spice,3096,464.6,21,20,-1,18.4,12.0,70.5,109.65,27.41,75.0,critical,100.0,0.0,0.0,0.0
BATCH-PRX-01677,2026-04-23 00:00:00,Wholesaler Depot,Onion,Vegetable,3871,591.5,36,30,-6,15.2,10.0,69.4,38.85,9.71,75.0,critical,100.0,0.0,0.0,0.0
BATCH-PRX-01784,2026-04-23 00:00:00,Farm Hub,Green Chilli,Spice / Vegetable,3195,962.7,6,10,4,21.6,10.0,69.6,154.01,115.35,25.1,medium,66.3,626.3,72243.7,1252.6
BATCH-PRX-01896,2026-04-23 00:00:00,Farm Hub,Cabbage,Vegetable,1073,443.7,4,12,8,10.8,4.0,75.0,21.47,19.73,8.1,low,32.1,243.4,4802.28,486.8
BATCH-PRX-00283,2026-04-24 00:00:00,Wholesaler Depot,Garlic,Spice / Vegetable,120,27.2,45,60,15,14.7,15.0,92.0,200.79,191.75,4.5,low,5.0,14.3,2742.03,28.6
BATCH-PRX-00536,2026-04-24 00:00:00,Retail Supermarket,Mango,Fruit,2130,1269.1,2,7,5,21.9,12.0,69.6,108.13,77.1,28.7,medium,59.8,853.1,65774.01,1706.2
BATCH-PRX-00924,2026-04-24 00:00:00,Wholesaler Depot,Mango,Fruit,803,487.9,1,7,6,12.0,12.0,74.0,89.72,67.47,24.8,medium,20.0,316.5,21354.26,633.0
BATCH-PRX-01379,2026-04-24 00:00:00,Retail Supermarket,Banana,Fruit,958,415.8,3,6,3,15.7,14.0,65.7,49.58,28.26,43.0,high,45.0,315.2,8907.55,630.4
BATCH-PRX-01751,2026-04-24 00:00:00,Retail Supermarket,Tomato,Vegetable,424,196.7,2,7,5,16.3,12.0,91.7,38.67,29.97,22.5,medium,20.0,124.9,3743.25,249.8
BATCH-PRX-00109,2026-04-25 00:00:00,Farm Hub,Banana,Fruit,3501,903.0,4,6,2,23.6,14.0,91.8,56.41,30.8,45.4,high,83.5,697.5,21483.0,1395.0
BATCH-PRX-00704,2026-04-25 00:00:00,Farm Hub,Banana,Fruit,2675,371.3,7,6,-1,14.7,14.0,70.0,51.24,12.81,75.0,critical,95.0,0.0,0.0,0.0
BATCH-PRX-01258,2026-04-25 00:00:00,Farm Hub,Green Chilli,Spice / Vegetable,335,62.7,8,10,2,17.6,10.0,85.9,158.57,94.19,40.6,high,75.3,46.6,4389.25,93.2
BATCH-PRX-01630,2026-04-25 00:00:00,Mandi Yard,Garlic,Spice / Vegetable,2637,1624.8,10,60,50,23.6,15.0,71.3,188.59,165.02,12.5,low,39.6,934.3,154178.19,1868.6
BATCH-PRX-01462,2026-04-26 00:00:00,Retail Supermarket,Wheat,Cereal,2227,325.9,145,180,35,26.6,22.0,78.4,38.06,36.0,5.4,low,5.0,173.5,6246.0,347.0
BATCH-PRX-01926,2026-04-26 00:00:00,Wholesaler Depot,Wheat,Cereal,4432,797.0,210,180,-30,20.3,22.0,88.7,36.97,9.24,75.0,critical,95.0,0.0,0.0,0.0
BATCH-PRX-00527,2026-04-27 00:00:00,Wholesaler Depot,Turmeric,Spice,3783,781.3,88,120,32,20.9,20.0,86.8,145.68,134.03,8.0,low,5.0,428.2,57391.65,856.4
BATCH-PRX-00480,2026-04-28 00:00:00,Mandi Yard,Cauliflower,Vegetable,3562,520.0,10,8,-2,13.1,5.0,75.5,30.05,7.51,75.0,critical,100.0,0.0,0.0,0.0
BATCH-PRX-01753,2026-04-28 00:00:00,Farm Hub,Onion,Vegetable,973,134.4,26,30,4,20.8,10.0,65.3,36.28,28.33,21.9,medium,63.0,84.9,2405.22,169.8
BATCH-PRX-00183,2026-04-29 00:00:00,Retail Supermarket,Carrot,Vegetable,1127,168.9,15,15,0,16.3,4.0,80.5,43.1,10.78,75.0,critical,100.0,160.5,1730.19,321.0
BATCH-PRX-01260,2026-04-29 00:00:00,Wholesaler Depot,Rice,Cereal,4073,1752.8,78,180,102,22.4,22.0,74.1,45.33,39.75,12.3,low,5.0,1005.8,39980.55,2011.6
BATCH-PRX-01908,2026-04-29 00:00:00,Wholesaler Depot,Rice,Cereal,316,59.0,188,180,-8,28.7,22.0,83.6,52.25,13.69,73.8,critical,100.0,0.0,0.0,0.0
BATCH-PRX-00539,2026-04-30 00:00:00,Mandi Yard,Tomato,Vegetable,3137,2220.2,2,7,5,24.3,12.0,90.1,43.22,29.13,32.6,medium,69.3,1544.4,44988.37,3088.8
BATCH-PRX-01635,2026-04-30 00:00:00,Mandi Yard,Cabbage,Vegetable,803,146.1,12,12,0,4.1,4.0,77.6,24.28,6.07,75.0,critical,95.0,138.8,842.52,277.6
BATCH-PRX-01791,2026-04-30 00:00:00,Wholesaler Depot,Garlic,Spice / Vegetable,3293,1272.4,36,60,24,18.5,15.0,84.8,176.49,157.43,10.8,low,5.0,718.7,113144.94,1437.4
BATCH-PRX-00022,2026-05-01 00:00:00,Mandi Yard,Cabbage,Vegetable,2125,436.2,8,12,4,10.1,4.0,89.0,22.3,17.15,23.1,medium,44.3,278.6,4777.99,557.2
BATCH-PRX-00024,2026-05-01 00:00:00,Retail Supermarket,Turmeric,Spice,3690,2860.1,8,120,112,18.5,20.0,69.2,148.61,121.27,18.4,low,5.0,1745.8,211713.17,3491.6
BATCH-PRX-00868,2026-05-01 00:00:00,Farm Hub,Banana,Fruit,283,190.7,1,6,5,20.3,14.0,76.4,56.24,43.92,21.9,medium,45.2,120.4,5287.97,240.8
BATCH-PRX-00921,2026-05-02 00:00:00,Farm Hub,Turmeric,Spice,2438,399.1,146,120,-26,25.6,20.0,72.1,152.09,38.02,75.0,critical,100.0,0.0,0.0,0.0
BATCH-PRX-01723,2026-05-02 00:00:00,Wholesaler Depot,Wheat,Cereal,2329,483.2,142,180,38,30.8,22.0,82.5,31.81,29.84,6.2,low,40.2,259.6,7746.46,519.2
BATCH-PRX-00961,2026-05-03 00:00:00,Mandi Yard,Tomato,Vegetable,3940,644.1,7,7,0,13.2,12.0,89.2,44.02,11.01,75.0,critical,95.0,611.9,6737.02,1223.8
BATCH-PRX-01353,2026-05-03 00:00:00,Retail Supermarket,Ginger,Spice,3334,460.7,22,20,-2,25.6,12.0,90.8,110.98,27.75,75.0,critical,100.0,0.0,0.0,0.0
BATCH-PRX-01973,2026-05-03 00:00:00,Farm Hub,Garlic,Spice / Vegetable,312,88.7,36,60,24,25.0,15.0,81.9,166.08,158.11,4.8,low,45.1,46.9,7415.36,93.8
BATCH-PRX-00657,2026-05-04 00:00:00,Retail Supermarket,Ginger,Spice,433,55.8,22,20,-2,17.8,12.0,65.7,126.22,31.55,75.0,critical,100.0,0.0,0.0,0.0
BATCH-PRX-00006,2026-05-05 00:00:00,Mandi Yard,Onion,Vegetable,120,40.8,18,30,12,15.6,10.0,72.5,37.23,34.85,6.4,low,27.3,22.0,766.7,44.0
BATCH-PRX-01084,2026-05-05 00:00:00,Mandi Yard,Banana,Fruit,4385,2161.7,3,6,3,18.7,14.0,71.8,53.18,25.69,51.7,high,45.0,1751.4,44993.47,3502.8
BATCH-PRX-01943,2026-05-05 00:00:00,Mandi Yard,Mango,Fruit,909,177.0,5,7,2,13.6,12.0,79.0,98.73,55.98,43.3,high,45.0,134.5,7529.31,269.0
BATCH-PRX-01573,2026-05-06 00:00:00,Retail Supermarket,Carrot,Vegetable,2558,634.8,10,15,5,15.7,4.0,88.5,51.98,39.56,23.9,medium,66.6,408.4,16156.3,816.8
BATCH-PRX-01620,2026-05-06 00:00:00,Farm Hub,Mango,Fruit,353,55.7,8,7,-1,19.5,12.0,85.8,100.45,25.11,75.0,critical,100.0,0.0,0.0,0.0
BATCH-PRX-01818,2026-05-06 00:00:00,Farm Hub,Green Chilli,Spice / Vegetable,1405,416.2,7,10,3,12.5,10.0,85.3,139.16,80.16,42.4,high,45.0,314.0,25170.24,628.0
BATCH-PRX-00653,2026-05-07 00:00:00,Mandi Yard,Ginger,Spice,1241,1110.3,0,20,20,17.0,12.0,67.2,129.98,115.81,10.9,low,25.2,627.8,72705.52,1255.6
BATCH-PRX-01769,2026-05-07 00:00:00,Mandi Yard,Cauliflower,Vegetable,3138,1418.4,2,8,6,12.8,5.0,66.8,34.02,24.46,28.1,medium,51.3,948.3,23195.42,1896.6
BATCH-PRX-00624,2026-05-08 00:00:00,Retail Supermarket,Orange,Fruit,3629,450.6,18,14,-4,9.4,6.0,89.8,58.74,14.69,75.0,critical,95.0,0.0,0.0,0.0
BATCH-PRX-00869,2026-05-08 00:00:00,Mandi Yard,Carrot,Vegetable,294,42.4,18,15,-3,13.7,4.0,77.4,47.96,11.99,75.0,critical,100.0,0.0,0.0,0.0
BATCH-PRX-00186,2026-05-09 00:00:00,Wholesaler Depot,Cabbage,Vegetable,1522,1198.9,2,12,10,16.9,4.0,77.5,20.88,18.4,11.9,low,56.7,685.1,12605.84,1370.2
BATCH-PRX-00206,2026-05-09 00:00:00,Farm Hub,Mango,Fruit,1712,669.9,3,7,4,25.1,12.0,80.9,103.61,76.98,25.7,medium,72.4,438.2,33732.64,876.4
BATCH-PRX-00248,2026-05-09 00:00:00,Mandi Yard,Orange,Fruit,840,144.4,15,14,-1,4.7,6.0,78.4,58.63,14.66,75.0,critical,95.0,0.0,0.0,0.0
BATCH-PRX-01246,2026-05-09 00:00:00,Farm Hub,Carrot,Vegetable,341,54.8,17,15,-2,7.1,4.0,73.8,45.6,11.4,75.0,critical,95.0,0.0,0.0,0.0
BATCH-PRX-01801,2026-05-09 00:00:00,Wholesaler Depot,Apple,Fruit,3025,1762.6,9,25,16,0.9,2.0,73.8,169.66,144.21,15.0,low,5.0,1039.9,149963.98,2079.8
BATCH-PRX-00147,2026-05-10 00:00:00,Wholesaler Depot,Cauliflower,Vegetable,4140,3509.9,0,8,8,18.1,5.0,76.5,28.36,22.38,21.1,low,57.3,2199.3,49220.33,4398.6
BATCH-PRX-00563,2026-05-10 00:00:00,Mandi Yard,Ginger,Spice,4250,1000.3,14,20,6,19.8,12.0,77.6,107.45,80.27,25.3,medium,51.4,652.0,52336.04,1304.0
BATCH-PRX-01342,2026-05-10 00:00:00,Farm Hub,Turmeric,Spice,2374,1241.5,21,120,99,32.9,20.0,65.2,154.31,138.42,10.3,low,56.5,697.5,96547.95,1395.0
BATCH-PRX-01834,2026-05-10 00:00:00,Wholesaler Depot,Wheat,Cereal,3079,469.6,220,180,-40,33.0,22.0,69.2,37.3,9.32,75.0,critical,100.0,0.0,0.0,0.0
BATCH-PRX-01913,2026-05-10 00:00:00,Farm Hub,Tomato,Vegetable,3366,2576.9,0,7,7,15.5,12.0,68.3,44.31,29.07,34.4,medium,20.0,1820.3,52916.12,3640.6
BATCH-PRX-00098,2026-05-11 00:00:00,Farm Hub,Green Chilli,Spice / Vegetable,295,51.5,10,10,0,13.4,10.0,72.0,134.96,33.74,75.0,critical,95.0,48.9,1649.89,97.8
BATCH-PRX-01199,2026-05-11 00:00:00,Mandi Yard,Orange,Fruit,1040,139.6,17,14,-3,17.6,6.0,69.9,63.32,15.83,75.0,critical,100.0,0.0,0.0,0.0
BATCH-PRX-01366,2026-05-11 00:00:00,Wholesaler Depot,Orange,Fruit,1339,1144.4,0,14,14,15.7,6.0,83.3,61.83,54.66,11.6,low,43.6,651.9,35632.85,1303.8
BATCH-PRX-01796,2026-05-11 00:00:00,Retail Supermarket,Potato,Vegetable,4399,2298.0,15,35,20,17.7,8.0,76.5,28.27,23.44,17.1,low,43.8,1384.8,32459.71,2769.6
BATCH-PRX-00425,2026-05-12 00:00:00,Wholesaler Depot,Onion,Vegetable,4235,2318.2,4,30,26,13.0,10.0,66.8,39.52,32.49,17.8,low,5.0,1406.7,45703.68,2813.4
BATCH-PRX-01730,2026-05-12 00:00:00,Wholesaler Depot,Wheat,Cereal,326,58.9,207,180,-27,23.6,22.0,78.4,34.6,8.96,74.1,critical,95.0,0.0,0.0,0.0
BATCH-PRX-00507,2026-05-13 00:00:00,Farm Hub,Green Chilli,Spice / Vegetable,2253,604.4,6,10,4,8.1,10.0,76.7,137.98,105.83,23.3,medium,20.0,386.7,40924.46,773.4
BATCH-PRX-00938,2026-05-13 00:00:00,Mandi Yard,Potato,Vegetable,3464,458.6,36,35,-1,17.1,8.0,69.1,27.3,6.83,75.0,critical,100.0,0.0,0.0,0.0
BATCH-PRX-01183,2026-05-13 00:00:00,Retail Supermarket,Cauliflower,Vegetable,2460,477.1,7,8,1,16.9,5.0,65.4,28.94,10.59,63.4,critical,100.0,420.0,4447.8,840.0
BATCH-PRX-01584,2026-05-13 00:00:00,Farm Hub,Cauliflower,Vegetable,864,126.3,9,8,-1,9.5,5.0,80.7,31.9,7.97,75.0,critical,95.0,0.0,0.0,0.0
BATCH-PRX-01814,2026-05-13 00:00:00,Mandi Yard,Green Chilli,Spice / Vegetable,197,26.0,10,10,0,13.7,10.0,68.8,127.81,31.95,75.0,critical,95.0,24.7,789.16,49.4
BATCH-PRX-00321,2026-05-14 00:00:00,Wholesaler Depot,Mango,Fruit,4489,720.5,7,7,0,14.3,12.0,91.2,108.18,27.05,75.0,critical,95.0,684.5,18515.73,1369.0
BATCH-PRX-00632,2026-05-14 00:00:00,Retail Supermarket,Potato,Vegetable,1355,252.3,26,35,9,12.7,8.0,73.7,27.09,25.22,6.9,low,5.0,136.6,3445.05,273.2
BATCH-PRX-01204,2026-05-14 00:00:00,Mandi Yard,Garlic,Spice / Vegetable,2274,623.0,42,60,18,23.2,15.0,70.8,165.82,153.38,7.5,low,37.8,339.5,52072.51,679.0
BATCH-PRX-01488,2026-05-14 00:00:00,Farm Hub,Banana,Fruit,3600,1431.8,3,6,3,18.5,14.0,65.6,58.95,30.6,48.1,high,45.0,1129.1,34550.46,2258.2
BATCH-PRX-01904,2026-05-14 00:00:00,Farm Hub,Ginger,Spice,427,229.0,4,20,16,17.2,12.0,75.4,107.29,100.42,6.4,low,25.8,123.3,12381.79,246.6
BATCH-PRX-01910,2026-05-14 00:00:00,Wholesaler Depot,Orange,Fruit,1529,1292.6,2,14,12,8.4,6.0,76.4,68.7,60.18,12.4,low,5.0,742.5,44683.65,1485.0
BATCH-PRX-00474,2026-05-15 00:00:00,Farm Hub,Ginger,Spice,1636,771.6,5,20,15,13.0,12.0,71.9,120.54,109.45,9.2,low,5.0,428.4,46888.38,856.8
BATCH-PRX-00910,2026-05-15 00:00:00,Wholesaler Depot,Cabbage,Vegetable,2766,2498.7,0,12,12,13.8,4.0,80.4,21.84,17.82,18.4,low,44.4,1525.2,27179.06,3050.4
BATCH-PRX-00544,2026-05-17 00:00:00,Mandi Yard,Onion,Vegetable,3568,2017.2,10,30,20,23.7,10.0,66.4,35.44,29.66,16.3,low,59.8,1205.9,35766.99,2411.8
BATCH-PRX-00978,2026-05-17 00:00:00,Retail Supermarket,Turmeric,Spice,1383,668.1,43,120,77,32.8,20.0,72.1,161.01,149.1,7.4,low,56.1,363.7,54227.67,727.4
BATCH-PRX-01232,2026-05-17 00:00:00,Mandi Yard,Carrot,Vegetable,3063,398.8,19,15,-4,11.5,4.0,88.0,45.51,11.38,75.0,critical,100.0,0.0,0.0,0.0
BATCH-PRX-01521,2026-05-17 00:00:00,Mandi Yard,Ginger,Spice,1944,251.3,18,20,2,11.3,12.0,85.2,125.95,73.55,41.6,high,45.0,188.4,13856.82,376.8
BATCH-PRX-01763,2026-05-17 00:00:00,Wholesaler Depot,Carrot,Vegetable,995,145.3,19,15,-4,17.8,4.0,85.3,45.31,11.33,75.0,critical,100.0,0.0,0.0,0.0
BATCH-PRX-00621,2026-05-18 00:00:00,Retail Supermarket,Tomato,Vegetable,1200,204.5,6,7,1,19.9,12.0,78.3,41.2,15.45,62.5,critical,100.0,178.9,2764.01,357.8
BATCH-PRX-00765,2026-05-18 00:00:00,Retail Supermarket,Cabbage,Vegetable,1935,243.6,11,12,1,13.3,4.0,91.5,25.71,9.74,62.1,critical,100.0,212.6,2070.72,425.2
BATCH-PRX-00442,2026-05-19 00:00:00,Farm Hub,Wheat,Cereal,4114,684.6,210,180,-30,32.4,22.0,65.0,38.11,9.53,75.0,critical,100.0,0.0,0.0,0.0
BATCH-PRX-00528,2026-05-19 00:00:00,Wholesaler Depot,Wheat,Cereal,4154,1850.7,76,180,104,32.5,22.0,69.4,38.16,33.16,13.1,low,47.2,1070.8,35507.73,2141.6
BATCH-PRX-00809,2026-05-19 00:00:00,Wholesaler Depot,Carrot,Vegetable,369,44.3,14,15,1,16.0,4.0,70.7,52.13,20.33,61.0,critical,100.0,38.4,780.67,76.8
BATCH-PRX-00995,2026-05-19 00:00:00,Mandi Yard,Apple,Fruit,1532,305.0,20,25,5,3.3,2.0,75.9,156.04,120.62,22.7,medium,20.0,194.0,23400.28,388.0
BATCH-PRX-01492,2026-05-19 00:00:00,Farm Hub,Tomato,Vegetable,1465,1155.0,1,7,6,15.8,12.0,76.6,43.37,31.53,27.3,medium,20.0,766.7,24174.05,1533.4
BATCH-PRX-01533,2026-05-19 00:00:00,Wholesaler Depot,Tomato,Vegetable,2955,492.3,9,7,-2,22.4,12.0,75.3,45.53,11.38,75.0,critical,100.0,0.0,0.0,0.0
BATCH-PRX-01980,2026-05-19 00:00:00,Retail Supermarket,Turmeric,Spice,4244,2293.4,37,120,83,31.5,20.0,67.0,157.58,133.0,15.6,low,51.0,1361.4,181066.2,2722.8
BATCH-PRX-00483,2026-05-20 00:00:00,Wholesaler Depot,Garlic,Spice / Vegetable,280,182.8,5,60,55,24.1,15.0,80.0,188.88,178.87,5.3,low,41.6,97.2,17386.16,194.4
BATCH-PRX-00548,2026-05-20 00:00:00,Retail Supermarket,Ginger,Spice,809,682.5,1,20,19,17.3,12.0,66.5,111.96,102.22,8.7,low,26.2,376.9,38526.72,753.8
BATCH-PRX-00677,2026-05-20 00:00:00,Retail Supermarket,Potato,Vegetable,3645,1717.5,10,35,25,10.4,8.0,87.0,27.43,23.53,14.2,low,5.0,1005.1,23650.0,2010.2
BATCH-PRX-01819,2026-05-20 00:00:00,Wholesaler Depot,Rice,Cereal,3835,733.6,175,180,5,23.2,22.0,87.5,48.24,37.53,22.2,medium,20.0,464.5,17432.69,929.0
BATCH-PRX-01539,2026-05-21 00:00:00,Retail Supermarket,Garlic,Spice / Vegetable,1563,257.3,70,60,-10,25.5,15.0,67.9,167.46,41.87,75.0,critical,100.0,0.0,0.0,0.0
BATCH-PRX-01802,2026-05-21 00:00:00,Mandi Yard,Mango,Fruit,181,29.4,6,7,1,12.0,12.0,77.9,108.59,40.72,62.5,critical,75.0,25.7,1046.5,51.4
BATCH-PRX-00203,2026-05-22 00:00:00,Retail Supermarket,Wheat,Cereal,2743,1322.5,90,180,90,28.4,22.0,69.8,37.33,33.45,10.4,low,30.5,743.8,24880.11,1487.6
BATCH-PRX-00341,2026-05-22 00:00:00,Wholesaler Depot,Apple,Fruit,3390,2462.5,4,25,21,11.4,2.0,66.5,164.12,133.76,18.5,low,42.4,1504.6,201255.3,3009.2
BATCH-PRX-00494,2026-05-22 00:00:00,Retail Supermarket,Cabbage,Vegetable,1026,174.4,10,12,2,14.7,4.0,89.2,23.61,13.74,41.8,high,87.9,130.9,1798.57,261.8
BATCH-PRX-00957,2026-05-22 00:00:00,Farm Hub,Ginger,Spice,1601,261.1,18,20,2,13.5,12.0,87.0,127.73,74.59,41.6,high,45.0,195.7,14597.26,391.4
BATCH-PRX-01152,2026-05-23 00:00:00,Wholesaler Depot,Apple,Fruit,1411,927.7,7,25,18,4.9,2.0,75.7,168.03,149.88,10.8,low,5.0,524.0,78537.12,1048.0
BATCH-PRX-01545,2026-05-23 00:00:00,Farm Hub,Mango,Fruit,2847,611.1,5,7,2,12.3,12.0,83.9,95.57,52.09,45.5,high,45.0,472.4,24607.32,944.8
BATCH-PRX-01774,2026-05-23 00:00:00,Mandi Yard,Turmeric,Spice,2659,713.5,70,120,50,27.5,20.0,76.6,154.47,142.58,7.7,low,34.9,389.7,55563.43,779.4
BATCH-PRX-01984,2026-05-23 00:00:00,Wholesaler Depot,Rice,Cereal,2351,1407.3,71,180,109,22.7,22.0,72.4,54.78,49.03,10.5,low,5.0,792.3,38846.47,1584.6
BATCH-PRX-00134,2026-05-24 00:00:00,Farm Hub,Potato,Vegetable,2766,524.3,39,35,-4,8.3,8.0,86.1,26.12,6.53,75.0,critical,95.0,0.0,0.0,0.0
BATCH-PRX-00289,2026-05-24 00:00:00,Wholesaler Depot,Mango,Fruit,3569,484.0,9,7,-2,24.6,12.0,85.8,97.0,24.25,75.0,critical,100.0,0.0,0.0,0.0
BATCH-PRX-01214,2026-05-24 00:00:00,Wholesaler Depot,Orange,Fruit,896,153.4,12,14,2,6.0,6.0,84.6,60.53,35.29,41.7,high,45.0,115.1,4061.88,230.2
BATCH-PRX-01690,2026-05-24 00:00:00,Retail Supermarket,Tomato,Vegetable,3825,3478.4,0,7,7,14.1,12.0,88.9,37.38,23.74,36.5,medium,20.0,2501.0,59373.74,5002.0
BATCH-PRX-01742,2026-05-24 00:00:00,Retail Supermarket,Ginger,Spice,4194,1732.9,11,20,9,19.0,12.0,75.2,111.1,95.55,14.0,low,33.1,1012.0,96696.6,2024.0
BATCH-PRX-00038,2026-05-25 00:00:00,Mandi Yard,Orange,Fruit,4205,2862.1,3,14,11,7.2,6.0,90.2,67.79,54.1,20.2,low,5.0,1777.9,96184.39,3555.8
BATCH-PRX-00448,2026-05-25 00:00:00,Retail Supermarket,Mango,Fruit,1291,202.3,7,7,0,19.2,12.0,88.3,86.62,21.66,75.0,critical,100.0,192.2,4163.05,384.4
BATCH-PRX-00552,2026-05-25 00:00:00,Mandi Yard,Garlic,Spice / Vegetable,2429,944.9,25,60,35,13.9,15.0,78.7,196.19,178.34,9.1,low,5.0,524.0,93450.16,1048.0
BATCH-PRX-01736,2026-05-25 00:00:00,Mandi Yard,Mango,Fruit,2829,2424.2,0,7,7,11.1,12.0,86.9,87.12,57.06,34.5,medium,20.0,1713.9,97795.13,3427.8
BATCH-PRX-00353,2026-05-27 00:00:00,Farm Hub,Banana,Fruit,1313,712.9,1,6,5,20.6,14.0,75.9,58.94,44.5,24.5,medium,46.5,461.2,20523.4,922.4
BATCH-PRX-00589,2026-05-27 00:00:00,Farm Hub,Green Chilli,Spice / Vegetable,1048,316.0,6,10,4,20.1,10.0,80.8,129.42,101.08,21.9,medium,60.5,199.5,20165.46,399.0
BATCH-PRX-00882,2026-05-27 00:00:00,Mandi Yard,Wheat,Cereal,1043,342.2,97,180,83,34.5,22.0,81.1,36.34,34.34,5.5,low,55.0,182.4,6263.62,364.8
BATCH-PRX-00912,2026-05-27 00:00:00,Farm Hub,Turmeric,Spice,1565,445.9,72,120,48,28.9,20.0,89.0,173.74,162.79,6.3,low,40.6,239.8,39037.04,479.6
BATCH-PRX-01135,2026-05-27 00:00:00,Mandi Yard,Apple,Fruit,1213,274.2,18,25,7,11.0,2.0,70.7,192.6,149.07,22.6,medium,56.0,174.3,25982.9,348.6
BATCH-PRX-01250,2026-05-27 00:00:00,Mandi Yard,Green Chilli,Spice / Vegetable,1325,779.3,3,10,7,11.1,10.0,75.7,126.56,95.93,24.2,medium,20.0,502.8,48233.6,1005.6
BATCH-PRX-01268,2026-05-28 00:00:00,Farm Hub,Cauliflower,Vegetable,629,413.0,0,8,8,16.6,5.0,71.9,30.01,27.58,8.1,low,51.2,226.6,6249.63,453.2
BATCH-PRX-01626,2026-05-28 00:00:00,Farm Hub,Mango,Fruit,1176,226.9,8,7,-1,19.7,12.0,74.5,90.44,22.61,75.0,critical,100.0,0.0,0.0,0.0
BATCH-PRX-01739,2026-05-28 00:00:00,Wholesaler Depot,Carrot,Vegetable,1837,1080.6,5,15,10,11.3,4.0,67.3,46.93,41.67,11.2,low,34.0,612.9,25539.54,1225.8
BATCH-PRX-00316,2026-05-29 00:00:00,Mandi Yard,Cabbage,Vegetable,2918,396.4,14,12,-2,17.4,4.0,85.2,21.03,5.26,75.0,critical,100.0,0.0,0.0,0.0
BATCH-PRX-00895,2026-05-29 00:00:00,Mandi Yard,Mango,Fruit,3541,2215.2,0,7,7,22.5,12.0,69.6,90.97,60.5,33.5,medium,62.1,1552.9,93950.45,3105.8
BATCH-PRX-01038,2026-05-29 00:00:00,Mandi Yard,Green Chilli,Spice / Vegetable,838,561.8,1,10,9,15.9,10.0,87.8,140.42,129.05,8.1,low,28.5,308.2,39773.21,616.4
BATCH-PRX-01242,2026-05-29 00:00:00,Mandi Yard,Ginger,Spice,1586,1111.4,5,20,15,11.9,12.0,72.5,131.51,117.18,10.9,low,5.0,628.4,73635.91,1256.8
BATCH-PRX-01243,2026-05-29 00:00:00,Mandi Yard,Potato,Vegetable,4114,605.6,43,35,-8,21.6,8.0,90.8,29.96,7.49,75.0,critical,100.0,0.0,0.0,0.0
BATCH-PRX-01303,2026-05-29 00:00:00,Retail Supermarket,Banana,Fruit,134,47.7,3,6,3,18.9,14.0,84.5,54.12,31.88,41.1,high,45.0,35.6,1134.93,71.2
BATCH-PRX-01423,2026-05-29 00:00:00,Farm Hub,Rice,Cereal,949,495.6,48,180,132,22.4,22.0,71.8,56.27,52.89,6.0,low,5.0,265.6,14047.58,531.2
BATCH-PRX-00091,2026-05-30 00:00:00,Mandi Yard,Cauliflower,Vegetable,3217,1126.3,5,8,3,8.4,5.0,80.4,34.35,18.31,46.7,high,45.0,878.7,16089.0,1757.4
BATCH-PRX-00130,2026-05-30 00:00:00,Mandi Yard,Mango,Fruit,3753,2068.9,2,7,5,21.0,12.0,89.0,107.28,72.2,32.7,medium,56.2,1440.4,103996.88,2880.8
BATCH-PRX-00874,2026-05-30 00:00:00,Wholesaler Depot,Green Chilli,Spice / Vegetable,2958,2513.9,1,10,9,10.1,10.0,78.4,130.11,106.82,17.9,low,5.0,1526.9,163103.46,3053.8
BATCH-PRX-01085,2026-05-30 00:00:00,Wholesaler Depot,Tomato,Vegetable,1619,314.5,7,7,0,17.2,12.0,76.5,42.35,10.59,75.0,critical,100.0,298.8,3164.29,597.6
BATCH-PRX-01395,2026-05-30 00:00:00,Farm Hub,Apple,Fruit,1414,457.5,14,25,11,4.7,2.0,66.0,158.04,144.61,8.5,low,5.0,252.1,36456.18,504.2
BATCH-PRX-01438,2026-05-30 00:00:00,Farm Hub,Cauliflower,Vegetable,1940,296.1,10,8,-2,11.0,5.0,68.7,31.08,7.77,75.0,critical,100.0,0.0,0.0,0.0
BATCH-PRX-00517,2026-05-31 00:00:00,Mandi Yard,Mango,Fruit,390,98.5,5,7,2,17.8,12.0,75.5,91.07,52.0,42.9,high,68.0,74.6,3879.2,149.2
BATCH-PRX-01733,2026-05-31 00:00:00,Wholesaler Depot,Ginger,Spice,593,82.8,22,20,-2,20.3,12.0,86.0,115.9,28.98,75.0,critical,100.0,0.0,0.0,0.0
BATCH-PRX-01989,2026-05-31 00:00:00,Farm Hub,Mango,Fruit,3338,656.0,6,7,1,15.1,12.0,65.6,102.55,35.17,65.7,critical,75.0,586.6,20630.72,1173.2
BATCH-PRX-00110,2026-06-01 00:00:00,Farm Hub,Banana,Fruit,361,129.9,3,6,3,27.9,14.0,89.1,53.13,31.08,41.5,high,100.0,97.3,3024.08,194.6
BATCH-PRX-00740,2026-06-01 00:00:00,Farm Hub,Rice,Cereal,1314,294.8,139,180,41,25.6,22.0,75.1,46.49,44.17,5.0,low,5.0,156.2,6899.35,312.4
BATCH-PRX-01103,2026-06-01 00:00:00,Wholesaler Depot,Apple,Fruit,4323,2536.6,10,25,15,9.6,2.0,86.5,160.57,130.22,18.9,low,35.3,1556.0,202622.32,3112.0
BATCH-PRX-00278,2026-06-02 00:00:00,Farm Hub,Mango,Fruit,1986,516.2,4,7,3,14.1,12.0,82.6,88.36,48.6,45.0,high,45.0,397.5,19318.5,795.0
BATCH-PRX-01662,2026-06-02 00:00:00,Retail Supermarket,Apple,Fruit,1566,292.3,22,25,3,15.1,2.0,76.7,194.75,111.59,42.7,high,97.5,221.0,24661.39,442.0
BATCH-PRX-01884,2026-06-02 00:00:00,Retail Supermarket,Rice,Cereal,2372,327.1,206,180,-26,26.3,22.0,74.2,47.33,11.83,75.0,critical,95.0,0.0,0.0,0.0
BATCH-PRX-00088,2026-06-03 00:00:00,Wholesaler Depot,Cabbage,Vegetable,2495,766.7,6,12,6,10.4,4.0,82.4,22.75,17.13,24.7,medium,45.8,497.0,8513.61,994.0
BATCH-PRX-00672,2026-06-03 00:00:00,Wholesaler Depot,Mango,Fruit,3435,3253.1,0,7,7,25.7,12.0,66.8,104.88,65.65,37.4,medium,74.9,2356.5,154704.23,4713.0
BATCH-PRX-00993,2026-06-03 00:00:00,Mandi Yard,Apple,Fruit,1857,667.9,15,25,10,14.8,2.0,83.8,164.3,148.69,9.5,low,56.3,372.0,55312.68,744.0
BATCH-PRX-01810,2026-06-03 00:00:00,Wholesaler Depot,Carrot,Vegetable,4181,1674.8,7,15,8,11.3,4.0,73.9,44.65,38.35,14.1,low,34.2,979.1,37548.49,1958.2
BATCH-PRX-01448,2026-06-04 00:00:00,Retail Supermarket,Mango,Fruit,499,166.3,4,7,3,25.7,12.0,73.9,97.98,55.65,43.2,high,100.0,126.3,7028.59,252.6
BATCH-PRX-01815,2026-06-04 00:00:00,Farm Hub,Rice,Cereal,1492,289.2,234,180,-54,31.2,22.0,84.2,55.47,13.92,74.9,critical,100.0,0.0,0.0,0.0
BATCH-PRX-00016,2026-06-05 00:00:00,Retail Supermarket,Ginger,Spice,3268,548.9,22,20,-2,12.5,12.0,71.8,120.42,30.11,75.0,critical,95.0,0.0,0.0,0.0
BATCH-PRX-00345,2026-06-05 00:00:00,Wholesaler Depot,Tomato,Vegetable,3243,1377.5,3,7,4,15.0,12.0,91.0,46.21,33.09,28.4,medium,20.0,923.5,30558.62,1847.0
BATCH-PRX-01109,2026-06-05 00:00:00,Wholesaler Depot,Onion,Vegetable,3632,2493.1,1,30,29,13.2,10.0,86.1,32.72,26.6,18.7,low,5.0,1526.3,40599.58,3052.6
BATCH-PRX-00023,2026-06-06 00:00:00,Wholesaler Depot,Garlic,Spice / Vegetable,3258,463.4,77,60,-17,17.3,15.0,79.2,168.11,42.03,75.0,critical,95.0,0.0,0.0,0.0
BATCH-PRX-00295,2026-06-06 00:00:00,Mandi Yard,Onion,Vegetable,921,175.9,23,30,7,22.6,10.0,80.6,39.53,30.79,22.1,medium,70.5,111.3,3426.93,222.6
BATCH-PRX-00313,2026-06-06 00:00:00,Wholesaler Depot,Banana,Fruit,1497,1140.9,1,6,5,27.9,14.0,72.5,55.78,40.94,26.6,medium,75.7,752.5,30807.35,1505.0
BATCH-PRX-01429,2026-06-06 00:00:00,Retail Supermarket,Mango,Fruit,495,137.7,4,7,3,24.5,12.0,74.0,103.56,58.93,43.1,high,95.0,104.5,6158.19,209.0
BATCH-PRX-00685,2026-06-07 00:00:00,Wholesaler Depot,Green Chilli,Spice / Vegetable,4072,2780.9,3,10,7,10.2,10.0,85.4,158.96,104.6,34.2,medium,20.0,1961.1,205131.06,3922.2
BATCH-PRX-01347,2026-06-07 00:00:00,Retail Supermarket,Cabbage,Vegetable,2378,1381.5,2,12,10,17.3,4.0,87.3,21.82,19.03,12.8,low,58.3,796.8,15163.1,1593.6
BATCH-PRX-01757,2026-06-07 00:00:00,Farm Hub,Turmeric,Spice,696,92.1,113,120,7,23.4,20.0,67.1,166.76,134.08,19.6,medium,20.0,56.9,7629.15,113.8
BATCH-PRX-00105,2026-06-08 00:00:00,Wholesaler Depot,Tomato,Vegetable,3949,514.2,7,7,0,16.7,12.0,85.9,37.89,9.47,75.0,critical,95.0,488.5,4626.1,977.0
BATCH-PRX-00163,2026-06-08 00:00:00,Mandi Yard,Banana,Fruit,2323,523.4,4,6,2,17.1,14.0,82.4,49.69,28.07,43.5,high,45.0,398.3,11180.28,796.6
BATCH-PRX-00381,2026-06-08 00:00:00,Retail Supermarket,Carrot,Vegetable,1402,541.5,7,15,8,5.8,4.0,84.7,42.5,38.89,8.5,low,5.0,298.4,11604.78,596.8
BATCH-PRX-00530,2026-06-08 00:00:00,Wholesaler Depot,Garlic,Spice / Vegetable,3831,581.0,66,60,-6,14.7,15.0,89.8,168.69,42.17,75.0,critical,95.0,0.0,0.0,0.0
BATCH-PRX-01475,2026-06-08 00:00:00,Retail Supermarket,Banana,Fruit,861,297.1,3,6,3,14.7,14.0,81.9,50.25,28.94,42.4,high,45.0,224.1,6485.45,448.2
BATCH-PRX-01861,2026-06-08 00:00:00,Retail Supermarket,Wheat,Cereal,2775,525.4,229,180,-49,20.5,22.0,70.4,34.53,8.63,75.0,critical,95.0,0.0,0.0,0.0
BATCH-PRX-00055,2026-06-09 00:00:00,Farm Hub,Garlic,Spice / Vegetable,2367,1071.4,29,60,31,26.3,15.0,65.9,186.52,168.24,9.8,low,50.3,598.7,100725.29,1197.4
BATCH-PRX-00712,2026-06-09 00:00:00,Wholesaler Depot,Cabbage,Vegetable,653,400.7,4,12,8,9.5,4.0,72.2,22.4,20.63,7.9,low,27.1,219.3,4524.16,438.6
BATCH-PRX-00792,2026-06-09 00:00:00,Mandi Yard,Garlic,Spice / Vegetable,1068,183.3,71,60,-11,26.2,15.0,80.4,193.34,48.34,75.0,critical,100.0,0.0,0.0,0.0
BATCH-PRX-00834,2026-06-09 00:00:00,Retail Supermarket,Cabbage,Vegetable,2065,702.8,7,12,5,14.7,4.0,66.3,22.89,17.3,24.4,medium,62.7,454.3,7859.39,908.6
BATCH-PRX-00918,2026-06-09 00:00:00,Retail Supermarket,Mango,Fruit,4330,1164.1,4,7,3,16.5,12.0,72.4,89.32,46.27,48.2,high,45.0,918.7,42508.25,1837.4
BATCH-PRX-01408,2026-06-09 00:00:00,Retail Supermarket,Garlic,Spice / Vegetable,968,274.2,39,60,21,23.1,15.0,87.2,169.32,159.5,5.8,low,37.4,146.6,23382.7,293.2
BATCH-PRX-01587,2026-06-09 00:00:00,Farm Hub,Apple,Fruit,4131,1235.0,14,25,11,3.0,2.0,89.8,179.21,156.99,12.4,low,5.0,709.4,111368.71,1418.8
BATCH-PRX-01653,2026-06-09 00:00:00,Farm Hub,Cauliflower,Vegetable,4042,1443.7,4,8,4,5.8,5.0,67.5,32.96,23.63,28.3,medium,20.0,967.0,22850.21,1934.0
BATCH-PRX-00526,2026-06-10 00:00:00,Retail Supermarket,Banana,Fruit,4002,3088.3,1,6,5,13.6,14.0,73.6,49.62,31.81,35.9,medium,20.0,2209.4,70281.01,4418.8
BATCH-PRX-01037,2026-06-10 00:00:00,Mandi Yard,Orange,Fruit,3514,2588.6,0,14,14,18.2,6.0,66.7,56.19,45.63,18.8,low,53.9,1586.3,72382.87,3172.6
BATCH-PRX-01546,2026-06-10 00:00:00,Mandi Yard,Tomato,Vegetable,3963,726.5,8,7,-1,22.3,12.0,69.9,41.16,10.29,75.0,critical,100.0,0.0,0.0,0.0
BATCH-PRX-01575,2026-06-10 00:00:00,Farm Hub,Potato,Vegetable,3199,461.1,30,35,5,11.1,8.0,83.8,28.79,22.2,22.9,medium,20.0,293.9,6524.58,587.8
BATCH-PRX-01960,2026-06-12 00:00:00,Wholesaler Depot,Garlic,Spice / Vegetable,500,319.2,7,60,53,14.8,15.0,78.6,175.69,165.15,6.0,low,5.0,171.1,28257.17,342.2
BATCH-PRX-00225,2026-06-13 00:00:00,Mandi Yard,Carrot,Vegetable,4091,1321.1,7,15,8,11.6,4.0,84.7,45.3,39.68,12.4,low,35.3,758.8,30109.18,1517.6
BATCH-PRX-00757,2026-06-13 00:00:00,Farm Hub,Cauliflower,Vegetable,1345,242.2,8,8,0,3.7,5.0,84.4,32.74,8.19,75.0,critical,95.0,230.1,1884.52,460.2
BATCH-PRX-01382,2026-06-13 00:00:00,Farm Hub,Garlic,Spice / Vegetable,1146,210.6,51,60,9,25.9,15.0,87.5,169.41,160.09,5.5,low,48.4,112.2,17962.1,224.4
BATCH-PRX-01598,2026-06-13 00:00:00,Retail Supermarket,Potato,Vegetable,336,62.1,31,35,4,11.7,8.0,65.5,31.17,24.66,20.9,medium,20.0,38.8,956.81,77.6
BATCH-PRX-00251,2026-06-14 00:00:00,Farm Hub,Wheat,Cereal,2572,347.1,202,180,-22,21.3,22.0,67.2,31.7,7.92,75.0,critical,95.0,0.0,0.0,0.0
BATCH-PRX-00758,2026-06-14 00:00:00,Mandi Yard,Cabbage,Vegetable,1753,348.2,15,12,-3,4.7,4.0,70.3,24.21,6.05,75.0,critical,95.0,0.0,0.0,0.0
BATCH-PRX-00840,2026-06-14 00:00:00,Mandi Yard,Mango,Fruit,805,645.5,1,7,6,16.8,12.0,75.7,94.45,70.27,25.6,medium,20.0,421.9,29646.91,843.8
BATCH-PRX-01022,2026-06-14 00:00:00,Wholesaler Depot,Green Chilli,Spice / Vegetable,2291,1050.1,5,10,5,19.9,10.0,66.3,149.59,111.29,25.6,medium,59.5,686.3,76378.33,1372.6
BATCH-PRX-01106,2026-06-15 00:00:00,Retail Supermarket,Mango,Fruit,791,557.0,1,7,6,23.4,12.0,76.4,94.95,71.02,25.2,medium,65.7,362.7,25758.95,725.4
BATCH-PRX-01158,2026-06-15 00:00:00,Mandi Yard,Ginger,Spice,615,338.0,8,20,12,19.9,12.0,71.8,110.91,103.15,7.0,low,36.7,183.2,18897.08,366.4
BATCH-PRX-01174,2026-06-15 00:00:00,Mandi Yard,Garlic,Spice / Vegetable,2117,1150.1,18,60,42,20.6,15.0,71.4,190.72,171.27,10.2,low,27.3,645.4,110537.66,1290.8
BATCH-PRX-00358,2026-06-16 00:00:00,Wholesaler Depot,Turmeric,Spice,3945,629.5,126,120,-6,26.0,20.0,72.0,166.15,41.54,75.0,critical,100.0,0.0,0.0,0.0
BATCH-PRX-00907,2026-06-16 00:00:00,Mandi Yard,Green Chilli,Spice / Vegetable,4280,3329.1,0,10,10,8.2,10.0,66.7,157.15,125.25,20.3,low,5.0,2070.0,259267.5,4140.0
BATCH-PRX-00231,2026-06-17 00:00:00,Wholesaler Depot,Cauliflower,Vegetable,2393,302.0,9,8,-1,18.5,5.0,70.2,34.41,8.6,75.0,critical,100.0,0.0,0.0,0.0
BATCH-PRX-00411,2026-06-17 00:00:00,Wholesaler Depot,Wheat,Cereal,2924,351.6,228,180,-48,32.9,22.0,67.1,36.55,9.14,75.0,critical,100.0,0.0,0.0,0.0
BATCH-PRX-00234,2026-06-18 00:00:00,Mandi Yard,Banana,Fruit,2767,494.1,7,6,-1,26.2,14.0,71.8,49.04,12.26,75.0,critical,100.0,0.0,0.0,0.0
BATCH-PRX-00310,2026-06-18 00:00:00,Retail Supermarket,Cauliflower,Vegetable,3800,1596.2,4,8,4,12.3,5.0,74.0,34.07,24.19,29.0,medium,49.2,1075.8,26023.6,2151.6
BATCH-PRX-00755,2026-06-18 00:00:00,Wholesaler Depot,Tomato,Vegetable,4413,2289.9,2,7,5,17.4,12.0,91.4,41.54,27.87,32.9,medium,41.4,1597.0,44508.39,3194.0
BATCH-PRX-01060,2026-06-18 00:00:00,Mandi Yard,Mango,Fruit,2671,1963.7,0,7,7,14.3,12.0,77.4,90.31,61.23,32.2,medium,20.0,1361.2,83346.28,2722.4
BATCH-PRX-01249,2026-06-18 00:00:00,Mandi Yard,Orange,Fruit,1578,490.8,8,14,6,12.8,6.0,83.8,55.83,42.77,23.4,medium,47.1,314.3,13442.61,628.6
BATCH-PRX-01558,2026-06-18 00:00:00,Farm Hub,Apple,Fruit,2134,1204.7,7,25,18,5.7,2.0,88.0,171.67,150.73,12.2,low,5.0,690.5,104079.06,1381.0
BATCH-PRX-01718,2026-06-18 00:00:00,Retail Supermarket,Green Chilli,Spice / Vegetable,2310,456.5,8,10,2,18.3,10.0,81.7,131.97,75.75,42.6,high,78.1,344.9,26126.17,689.8
BATCH-PRX-01947,2026-06-18 00:00:00,Farm Hub,Banana,Fruit,1999,985.7,3,6,3,18.3,14.0,66.9,49.59,26.88,45.8,high,45.0,763.7,20528.26,1527.4
BATCH-PRX-00807,2026-06-19 00:00:00,Farm Hub,Rice,Cereal,2520,444.3,187,180,-7,25.0,22.0,70.0,46.74,11.69,75.0,critical,95.0,0.0,0.0,0.0
BATCH-PRX-01688,2026-06-19 00:00:00,Mandi Yard,Rice,Cereal,3808,525.2,204,180,-24,27.4,22.0,73.9,53.32,13.33,75.0,critical,100.0,0.0,0.0,0.0
BATCH-PRX-01902,2026-06-19 00:00:00,Farm Hub,Garlic,Spice / Vegetable,121,26.8,46,60,14,20.3,15.0,69.8,176.06,168.14,4.5,low,26.2,14.1,2370.77,28.2
BATCH-PRX-00116,2026-06-20 00:00:00,Farm Hub,Tomato,Vegetable,1510,865.4,1,7,6,18.4,12.0,67.4,38.35,28.46,25.8,medium,45.5,566.7,16128.28,1133.4
BATCH-PRX-00354,2026-06-20 00:00:00,Mandi Yard,Cabbage,Vegetable,2452,1009.6,6,12,6,11.3,4.0,88.5,21.24,15.74,25.9,medium,49.3,661.7,10415.16,1323.4
BATCH-PRX-00482,2026-06-20 00:00:00,Wholesaler Depot,Cabbage,Vegetable,246,114.5,4,12,8,4.2,4.0,65.3,20.75,19.4,6.5,low,5.0,61.7,1196.98,123.4
BATCH-PRX-00560,2026-06-20 00:00:00,Retail Supermarket,Wheat,Cereal,2969,1008.7,100,180,80,22.0,22.0,89.0,32.37,29.52,8.8,low,5.0,557.6,16460.35,1115.2
BATCH-PRX-01500,2026-06-20 00:00:00,Retail Supermarket,Apple,Fruit,4391,734.7,25,25,0,1.1,2.0,80.0,189.08,47.27,75.0,critical,95.0,698.0,32994.46,1396.0
BATCH-PRX-00781,2026-06-21 00:00:00,Mandi Yard,Apple,Fruit,2718,405.4,32,25,-7,1.7,2.0,65.2,181.52,45.38,75.0,critical,95.0,0.0,0.0,0.0
BATCH-PRX-00883,2026-06-21 00:00:00,Farm Hub,Potato,Vegetable,4206,1655.9,20,35,15,15.9,8.0,69.3,27.81,23.94,13.9,low,36.6,966.1,23128.43,1932.2
BATCH-PRX-00265,2026-06-22 00:00:00,Retail Supermarket,Turmeric,Spice,2985,2506.3,13,120,107,19.5,20.0,75.2,148.87,124.16,16.6,low,5.0,1502.8,186587.65,3005.6
BATCH-PRX-00301,2026-06-22 00:00:00,Farm Hub,Garlic,Spice / Vegetable,4233,711.9,59,60,1,20.9,15.0,82.6,194.93,72.12,63.0,critical,98.7,625.0,45075.0,1250.0
BATCH-PRX-00476,2026-06-22 00:00:00,Mandi Yard,Mango,Fruit,1411,258.1,8,7,-1,15.7,12.0,66.4,92.29,23.07,75.0,critical,95.0,0.0,0.0,0.0
BATCH-PRX-00891,2026-06-23 00:00:00,Farm Hub,Banana,Fruit,1674,225.6,7,6,-1,17.8,14.0,71.6,54.78,13.7,75.0,critical,95.0,0.0,0.0,0.0
BATCH-PRX-01611,2026-06-23 00:00:00,Retail Supermarket,Onion,Vegetable,953,172.4,33,30,-3,11.4,10.0,66.7,35.67,8.92,75.0,critical,95.0,0.0,0.0,0.0
BATCH-PRX-01981,2026-06-23 00:00:00,Mandi Yard,Apple,Fruit,3985,642.2,28,25,-3,2.7,2.0,71.7,160.49,40.12,75.0,critical,95.0,0.0,0.0,0.0
BATCH-PRX-00702,2026-06-24 00:00:00,Farm Hub,Carrot,Vegetable,1404,204.6,16,15,-1,15.7,4.0,75.4,49.62,12.4,75.0,critical,100.0,0.0,0.0,0.0
BATCH-PRX-00767,2026-06-24 00:00:00,Farm Hub,Green Chilli,Spice / Vegetable,3777,1777.8,4,10,6,15.7,10.0,89.8,154.58,109.44,29.2,medium,42.9,1200.4,131371.78,2400.8
BATCH-PRX-00864,2026-06-24 00:00:00,Wholesaler Depot,Orange,Fruit,3391,3098.8,0,14,14,9.2,6.0,91.0,66.71,52.77,20.9,low,5.0,1938.0,102268.26,3876.0
BATCH-PRX-00987,2026-06-24 00:00:00,Retail Supermarket,Orange,Fruit,709,403.0,5,14,9,16.2,6.0,71.8,63.71,58.68,7.9,low,45.9,220.6,12944.81,441.2
BATCH-PRX-01756,2026-06-24 00:00:00,Retail Supermarket,Carrot,Vegetable,252,32.2,15,15,0,7.0,4.0,79.2,50.34,12.59,75.0,critical,95.0,30.6,385.25,61.2
BATCH-PRX-01901,2026-06-24 00:00:00,Wholesaler Depot,Cabbage,Vegetable,766,93.3,12,12,0,5.5,4.0,79.2,22.39,5.6,75.0,critical,95.0,88.6,496.16,177.2
BATCH-PRX-00581,2026-06-25 00:00:00,Mandi Yard,Mango,Fruit,880,641.5,1,7,6,23.6,12.0,80.0,105.27,78.32,25.6,medium,66.5,419.3,32839.58,838.6
BATCH-PRX-01277,2026-06-25 00:00:00,Retail Supermarket,Ginger,Spice,3609,599.4,15,20,5,25.6,12.0,88.8,125.95,96.6,23.3,medium,74.3,383.5,37046.1,767.0
BATCH-PRX-01310,2026-06-25 00:00:00,Wholesaler Depot,Orange,Fruit,1293,199.9,18,14,-4,12.8,6.0,83.4,64.81,16.2,75.0,critical,100.0,0.0,0.0,0.0
BATCH-PRX-00090,2026-06-26 00:00:00,Retail Supermarket,Apple,Fruit,3843,521.8,32,25,-7,7.4,2.0,89.3,166.89,41.72,75.0,critical,100.0,0.0,0.0,0.0
BATCH-PRX-00432,2026-06-26 00:00:00,Mandi Yard,Onion,Vegetable,3228,1064.2,19,30,11,22.4,10.0,67.7,38.75,34.29,11.5,low,54.7,605.5,20762.6,1211.0
BATCH-PRX-00713,2026-06-26 00:00:00,Farm Hub,Turmeric,Spice,666,320.8,34,120,86,23.8,20.0,87.0,168.37,158.77,5.7,low,5.0,171.4,27213.18,342.8
BATCH-PRX-01079,2026-06-26 00:00:00,Wholesaler Depot,Rice,Cereal,3298,604.2,162,180,18,31.5,22.0,78.6,55.03,51.45,6.5,low,43.1,325.7,16757.26,651.4
BATCH-PRX-01302,2026-06-26 00:00:00,Retail Supermarket,Orange,Fruit,3474,3455.7,0,14,14,18.4,6.0,67.1,55.68,44.04,20.9,low,54.8,2161.2,95179.25,4322.4
BATCH-PRX-01315,2026-06-26 00:00:00,Wholesaler Depot,Ginger,Spice,2173,381.0,18,20,2,20.3,12.0,79.2,128.6,74.33,42.2,high,78.3,287.0,21332.71,574.0
BATCH-PRX-01525,2026-06-26 00:00:00,Retail Supermarket,Wheat,Cereal,3400,558.5,197,180,-17,32.7,22.0,78.3,37.31,9.33,75.0,critical,100.0,0.0,0.0,0.0
BATCH-PRX-00068,2026-06-27 00:00:00,Wholesaler Depot,Cabbage,Vegetable,3874,3520.0,1,12,11,4.2,4.0,77.9,22.87,18.09,20.9,low,5.0,2201.4,39823.33,4402.8
BATCH-PRX-00337,2026-06-27 00:00:00,Wholesaler Depot,Orange,Fruit,915,427.9,4,14,10,10.8,6.0,86.5,62.26,57.28,8.0,low,5.0,234.5,13432.16,469.0
BATCH-PRX-00760,2026-06-27 00:00:00,Farm Hub,Cabbage,Vegetable,1044,136.0,10,12,2,9.6,4.0,87.1,24.71,14.43,41.6,high,67.4,101.9,1470.42,203.8
BATCH-PRX-00803,2026-06-27 00:00:00,Farm Hub,Tomato,Vegetable,3976,1908.5,2,7,5,17.7,12.0,81.5,36.96,25.5,31.0,medium,42.7,1309.2,33384.6,2618.4
BATCH-PRX-01434,2026-06-27 00:00:00,Farm Hub,Green Chilli,Spice / Vegetable,3375,602.6,8,10,2,9.1,10.0,79.4,144.73,82.06,43.3,high,45.0,457.9,37575.27,915.8
BATCH-PRX-01526,2026-06-27 00:00:00,Wholesaler Depot,Ginger,Spice,3759,1608.2,8,20,12,10.7,12.0,91.9,117.85,102.18,13.3,low,5.0,932.4,95272.63,1864.8
BATCH-PRX-01724,2026-06-27 00:00:00,Retail Supermarket,Tomato,Vegetable,3443,3158.6,0,7,7,10.6,12.0,77.4,42.96,27.28,36.5,medium,20.0,2271.0,61952.88,4542.0
BATCH-PRX-01934,2026-06-27 00:00:00,Retail Supermarket,Cabbage,Vegetable,3180,2706.2,0,12,12,16.0,4.0,76.5,23.03,18.56,19.4,low,53.1,1668.1,30959.94,3336.2
BATCH-PRX-00406,2026-06-28 00:00:00,Farm Hub,Potato,Vegetable,1494,925.7,11,35,24,17.8,8.0,82.7,27.85,25.01,10.2,low,44.2,519.5,12992.7,1039.0
BATCH-PRX-01090,2026-06-28 00:00:00,Farm Hub,Garlic,Spice / Vegetable,3334,638.4,69,60,-9,23.8,15.0,73.0,202.71,50.68,75.0,critical,100.0,0.0,0.0,0.0
BATCH-PRX-01110,2026-06-28 00:00:00,Retail Supermarket,Garlic,Spice / Vegetable,2607,931.9,25,60,35,22.4,15.0,77.9,191.74,174.29,9.1,low,34.6,516.8,90073.07,1033.6
BATCH-PRX-01270,2026-06-28 00:00:00,Wholesaler Depot,Cabbage,Vegetable,2186,288.7,15,12,-3,7.2,4.0,71.2,23.01,5.75,75.0,critical,95.0,0.0,0.0,0.0
BATCH-PRX-01317,2026-06-29 00:00:00,Mandi Yard,Wheat,Cereal,4162,2276.5,52,180,128,23.3,22.0,70.4,32.44,27.51,15.2,low,5.0,1345.9,37025.71,2691.8
BATCH-PRX-01907,2026-06-29 00:00:00,Retail Supermarket,Carrot,Vegetable,3807,1494.1,8,15,7,9.1,4.0,89.5,44.88,32.22,28.2,medium,40.6,999.9,32216.78,1999.8
BATCH-PRX-01946,2026-06-29 00:00:00,Mandi Yard,Potato,Vegetable,4128,824.7,37,35,-2,14.5,8.0,78.9,26.53,6.63,75.0,critical,100.0,0.0,0.0,0.0
BATCH-PRX-00728,2026-06-30 00:00:00,Farm Hub,Apple,Fruit,4039,663.3,32,25,-7,1.0,2.0,70.5,178.13,44.53,75.0,critical,95.0,0.0,0.0,0.0
BATCH-PRX-01074,2026-06-30 00:00:00,Wholesaler Depot,Cauliflower,Vegetable,459,324.6,1,8,7,5.6,5.0,72.4,31.54,24.38,22.7,medium,20.0,206.5,5034.47,413.0
BATCH-PRX-01699,2026-06-30 00:00:00,Wholesaler Depot,Wheat,Cereal,2122,902.8,92,180,88,21.4,22.0,68.9,31.64,29.01,8.3,low,5.0,496.4,14400.56,992.8
BATCH-PRX-01731,2026-06-30 00:00:00,Mandi Yard,Wheat,Cereal,2181,1318.8,30,180,150,34.1,22.0,74.2,37.07,33.21,10.4,low,53.3,741.7,24631.86,1483.4
BATCH-PRX-00509,2026-07-01 00:00:00,Retail Supermarket,Potato,Vegetable,1438,535.8,18,35,17,10.5,8.0,72.1,29.53,27.08,8.3,low,5.0,294.6,7977.77,589.2
BATCH-PRX-00813,2026-07-01 00:00:00,Farm Hub,Cauliflower,Vegetable,323,173.9,1,8,7,16.7,5.0,68.0,29.72,23.21,21.9,medium,66.8,109.8,2548.46,219.6
BATCH-PRX-00439,2026-07-02 00:00:00,Wholesaler Depot,Mango,Fruit,3496,696.7,9,7,-2,21.6,12.0,77.9,96.12,24.03,75.0,critical,100.0,0.0,0.0,0.0
BATCH-PRX-00027,2026-07-03 00:00:00,Wholesaler Depot,Wheat,Cereal,530,71.1,214,180,-34,23.9,22.0,89.1,34.84,8.99,74.2,critical,95.0,0.0,0.0,0.0
BATCH-PRX-00842,2026-07-03 00:00:00,Farm Hub,Cauliflower,Vegetable,3382,1823.6,1,8,7,8.4,5.0,84.6,31.69,22.12,30.2,medium,20.0,1242.2,27477.46,2484.4
BATCH-PRX-01034,2026-07-03 00:00:00,Mandi Yard,Wheat,Cereal,3816,1595.5,73,180,107,26.6,22.0,69.8,38.15,33.65,11.8,low,5.0,910.7,30645.06,1821.4
BATCH-PRX-00220,2026-07-04 00:00:00,Retail Supermarket,Onion,Vegetable,3818,537.6,23,30,7,21.3,10.0,76.5,36.27,27.6,23.9,medium,65.1,345.9,9546.84,691.8
BATCH-PRX-01988,2026-07-04 00:00:00,Farm Hub,Turmeric,Spice,1652,657.8,58,120,62,22.0,20.0,89.2,175.21,162.24,7.4,low,5.0,358.1,58098.14,716.2
BATCH-PRX-00018,2026-07-05 00:00:00,Mandi Yard,Apple,Fruit,3492,1251.8,15,25,10,0.6,2.0,78.1,180.13,157.61,12.5,low,5.0,719.8,113447.68,1439.6
BATCH-PRX-00334,2026-07-05 00:00:00,Mandi Yard,Rice,Cereal,1557,1140.9,42,180,138,26.6,22.0,84.8,55.03,49.97,9.2,low,5.0,633.4,31651.0,1266.8
BATCH-PRX-00887,2026-07-05 00:00:00,Mandi Yard,Cabbage,Vegetable,2011,1254.6,3,12,9,13.8,4.0,80.1,22.34,19.61,12.2,low,44.1,719.1,14101.55,1438.2
BATCH-PRX-00893,2026-07-05 00:00:00,Retail Supermarket,Carrot,Vegetable,4470,1657.4,6,15,9,10.1,4.0,70.7,42.59,36.63,14.0,low,29.5,967.9,35454.18,1935.8
BATCH-PRX-01857,2026-07-05 00:00:00,Farm Hub,Banana,Fruit,458,248.7,1,6,5,19.7,14.0,75.8,58.66,45.7,22.1,medium,42.7,157.3,7188.61,314.6
BATCH-PRX-00867,2026-07-06 00:00:00,Farm Hub,Banana,Fruit,4183,3372.4,0,6,6,26.2,14.0,80.0,60.22,38.6,35.9,medium,68.6,2412.6,93126.36,4825.2
BATCH-PRX-00054,2026-07-07 00:00:00,Mandi Yard,Banana,Fruit,3482,687.6,5,6,1,19.3,14.0,86.4,51.52,18.39,64.3,critical,96.3,609.1,11201.35,1218.2
BATCH-PRX-00419,2026-07-07 00:00:00,Farm Hub,Banana,Fruit,2932,2188.9,0,6,6,26.5,14.0,81.4,57.19,39.0,31.8,medium,70.0,1512.1,58971.9,3024.2
BATCH-PRX-01581,2026-07-07 00:00:00,Mandi Yard,Mango,Fruit,3488,1795.1,3,7,4,10.2,12.0,77.5,100.76,69.12,31.4,medium,20.0,1235.7,85411.58,2471.4
BATCH-PRX-01991,2026-07-07 00:00:00,Mandi Yard,Onion,Vegetable,1126,174.8,37,30,-7,19.8,10.0,83.3,35.32,8.83,75.0,critical,100.0,0.0,0.0,0.0
BATCH-PRX-00815,2026-07-08 00:00:00,Mandi Yard,Cabbage,Vegetable,2933,2637.2,0,12,12,17.0,4.0,65.6,22.6,18.28,19.1,low,57.1,1620.8,29628.22,3241.6
BATCH-PRX-01073,2026-07-08 00:00:00,Retail Supermarket,Turmeric,Spice,4016,530.7,146,120,-26,31.6,20.0,87.0,159.29,39.82,75.0,critical,100.0,0.0,0.0,0.0
BATCH-PRX-01411,2026-07-08 00:00:00,Farm Hub,Cauliflower,Vegetable,3240,1047.3,5,8,3,7.7,5.0,80.5,29.28,15.72,46.3,high,45.0,814.6,12805.51,1629.2
BATCH-PRX-01436,2026-07-08 00:00:00,Wholesaler Depot,Banana,Fruit,1128,292.5,4,6,2,27.4,14.0,77.1,59.43,34.23,42.4,high,98.5,220.7,7554.56,441.4
BATCH-PRX-01561,2026-07-08 00:00:00,Mandi Yard,Cabbage,Vegetable,1224,184.4,10,12,2,14.8,4.0,71.5,21.39,12.45,41.8,high,88.1,138.4,1723.08,276.8
BATCH-PRX-00797,2026-07-09 00:00:00,Wholesaler Depot,Tomato,Vegetable,853,158.2,6,7,1,19.2,12.0,66.8,37.85,14.27,62.3,critical,100.0,138.2,1972.11,276.4
BATCH-PRX-00900,2026-07-09 00:00:00,Retail Supermarket,Garlic,Spice / Vegetable,2196,1507.3,11,60,49,27.5,15.0,69.7,198.69,175.05,11.9,low,55.1,861.3,150770.57,1722.6
BATCH-PRX-01542,2026-07-09 00:00:00,Mandi Yard,Orange,Fruit,4205,2315.4,3,14,11,13.2,6.0,89.2,69.58,57.4,17.5,low,33.7,1400.8,80405.92,2801.6
BATCH-PRX-00001,2026-07-10 00:00:00,Farm Hub,Onion,Vegetable,3889,2170.7,10,30,20,18.1,10.0,87.2,34.53,28.63,17.1,low,37.4,1308.1,37450.9,2616.2
BATCH-PRX-00215,2026-07-10 00:00:00,Retail Supermarket,Wheat,Cereal,4478,995.9,139,180,41,23.8,22.0,81.4,30.89,28.17,8.8,low,5.0,550.5,15507.59,1101.0
BATCH-PRX-00226,2026-07-10 00:00:00,Wholesaler Depot,Cauliflower,Vegetable,4415,2645.2,3,8,5,5.8,5.0,91.0,34.73,22.82,34.3,medium,20.0,1867.0,42604.94,3734.0
BATCH-PRX-00338,2026-07-10 00:00:00,Wholesaler Depot,Wheat,Cereal,4330,567.8,224,180,-44,27.1,22.0,71.4,33.42,8.36,75.0,critical,100.0,0.0,0.0,0.0
BATCH-PRX-00403,2026-07-10 00:00:00,Retail Supermarket,Onion,Vegetable,286,45.1,26,30,4,8.9,10.0,83.5,36.97,29.06,21.4,medium,20.0,28.3,822.4,56.6
BATCH-PRX-00504,2026-07-10 00:00:00,Farm Hub,Mango,Fruit,3548,1639.6,2,7,5,13.4,12.0,68.0,99.33,68.94,30.6,medium,20.0,1120.8,77267.95,2241.6
BATCH-PRX-00639,2026-07-10 00:00:00,Mandi Yard,Cauliflower,Vegetable,3832,2719.4,2,8,6,11.0,5.0,85.1,29.17,19.08,34.6,medium,44.0,1924.2,36713.74,3848.4
BATCH-PRX-01442,2026-07-10 00:00:00,Wholesaler Depot,Tomato,Vegetable,3576,2017.3,1,7,6,16.6,12.0,87.8,43.44,29.71,31.6,medium,20.0,1391.1,41329.58,2782.2
BATCH-PRX-01728,2026-07-10 00:00:00,Wholesaler Depot,Green Chilli,Spice / Vegetable,3594,3394.6,0,10,10,15.0,10.0,73.1,133.45,106.36,20.3,low,25.1,2110.8,224504.69,4221.6
BATCH-PRX-01779,2026-07-10 00:00:00,Farm Hub,Banana,Fruit,3705,1228.2,3,6,3,16.6,14.0,75.7,56.01,29.69,47.0,high,45.0,960.5,28517.25,1921.0
BATCH-PRX-00689,2026-07-11 00:00:00,Farm Hub,Apple,Fruit,2751,364.7,29,25,-4,3.4,2.0,84.4,183.51,45.88,75.0,critical,95.0,0.0,0.0,0.0
BATCH-PRX-00943,2026-07-11 00:00:00,Retail Supermarket,Wheat,Cereal,1872,369.5,221,180,-41,21.4,22.0,91.4,32.88,8.22,75.0,critical,95.0,0.0,0.0,0.0
BATCH-PRX-01777,2026-07-11 00:00:00,Wholesaler Depot,Rice,Cereal,2847,765.0,124,180,56,34.7,22.0,91.3,46.9,43.48,7.3,low,55.9,416.0,18087.68,832.0
BATCH-PRX-01883,2026-07-11 00:00:00,Farm Hub,Mango,Fruit,1558,1021.1,0,7,7,14.9,12.0,80.9,101.29,73.44,27.5,medium,20.0,679.0,49865.76,1358.0
BATCH-PRX-01916,2026-07-11 00:00:00,Mandi Yard,Cabbage,Vegetable,2069,1864.1,1,12,11,11.7,4.0,70.7,21.79,18.48,15.2,low,35.7,1102.1,20366.81,2204.2
BATCH-PRX-00172,2026-07-12 00:00:00,Wholesaler Depot,Cabbage,Vegetable,611,425.7,2,12,10,3.1,4.0,66.9,22.47,20.67,8.0,low,5.0,233.3,4822.31,466.6
BATCH-PRX-00434,2026-07-12 00:00:00,Farm Hub,Cauliflower,Vegetable,2311,839.4,4,8,4,15.1,5.0,83.3,33.31,24.92,25.2,medium,60.3,546.6,13621.27,1093.2
BATCH-PRX-01025,2026-07-13 00:00:00,Wholesaler Depot,Cauliflower,Vegetable,2666,405.9,7,8,1,15.2,5.0,83.6,27.89,10.29,63.1,critical,100.0,356.6,3669.41,713.2
BATCH-PRX-00007,2026-07-15 00:00:00,Retail Supermarket,Orange,Fruit,3681,1288.4,6,14,8,18.8,6.0,74.6,61.88,54.27,12.3,low,56.4,739.3,40121.81,1478.6
BATCH-PRX-00746,2026-07-15 00:00:00,Mandi Yard,Apple,Fruit,3982,2250.7,2,25,23,1.2,2.0,71.1,182.02,150.17,17.5,low,5.0,1361.7,204486.49,2723.4
BATCH-PRX-01021,2026-07-15 00:00:00,Farm Hub,Potato,Vegetable,3717,489.0,32,35,3,7.7,8.0,68.1,31.44,17.92,43.0,high,45.0,370.7,6642.94,741.4
BATCH-PRX-01154,2026-07-15 00:00:00,Mandi Yard,Cauliflower,Vegetable,553,206.3,5,8,3,13.5,5.0,80.5,33.62,19.47,42.1,high,79.2,155.3,3023.69,310.6
BATCH-PRX-01795,2026-07-15 00:00:00,Farm Hub,Mango,Fruit,3277,629.8,6,7,1,14.4,12.0,66.6,107.03,36.93,65.5,critical,75.0,562.4,20769.43,1124.8
BATCH-PRX-00043,2026-07-16 00:00:00,Farm Hub,Cabbage,Vegetable,198,37.0,13,12,-1,3.5,4.0,91.6,24.94,6.24,75.0,critical,95.0,0.0,0.0,0.0
BATCH-PRX-00944,2026-07-17 00:00:00,Retail Supermarket,Tomato,Vegetable,2710,340.5,6,7,1,14.6,12.0,91.1,39.97,14.71,63.2,critical,75.0,299.4,4404.17,598.8
BATCH-PRX-01017,2026-07-17 00:00:00,Farm Hub,Cauliflower,Vegetable,1368,944.4,2,8,6,15.5,5.0,70.1,33.08,24.55,25.8,medium,61.9,618.4,15181.72,1236.8
BATCH-PRX-01909,2026-07-17 00:00:00,Mandi Yard,Wheat,Cereal,1620,1006.7,42,180,138,34.2,22.0,72.2,32.35,29.5,8.8,low,53.8,556.5,16416.75,1113.0
BATCH-PRX-00327,2026-07-18 00:00:00,Wholesaler Depot,Wheat,Cereal,268,131.2,50,180,130,27.4,22.0,82.8,31.57,30.15,4.5,low,26.6,69.1,2083.36,138.2
BATCH-PRX-00698,2026-07-18 00:00:00,Retail Supermarket,Carrot,Vegetable,1031,825.6,2,15,13,2.2,4.0,75.0,44.9,40.45,9.9,low,5.0,461.8,18679.81,923.6
BATCH-PRX-00739,2026-07-18 00:00:00,Wholesaler Depot,Cauliflower,Vegetable,222,85.4,4,8,4,5.5,5.0,73.6,28.4,22.29,21.5,medium,20.0,53.7,1196.97,107.4
BATCH-PRX-01719,2026-07-18 00:00:00,Farm Hub,Green Chilli,Spice / Vegetable,1135,179.1,12,10,-2,10.0,10.0,77.3,141.07,35.27,75.0,critical,95.0,0.0,0.0,0.0
BATCH-PRX-00820,2026-07-19 00:00:00,Retail Supermarket,Rice,Cereal,1074,201.2,211,180,-31,20.8,22.0,81.5,48.3,12.32,74.5,critical,95.0,0.0,0.0,0.0
BATCH-PRX-00828,2026-07-19 00:00:00,Retail Supermarket,Onion,Vegetable,1667,653.8,18,30,12,8.2,10.0,76.2,36.19,32.75,9.5,low,5.0,364.2,11927.55,728.4
BATCH-PRX-01248,2026-07-19 00:00:00,Retail Supermarket,Banana,Fruit,3411,1469.0,3,6,3,18.2,14.0,65.5,56.87,29.46,48.2,high,45.0,1159.3,34152.98,2318.6
BATCH-PRX-01350,2026-07-19 00:00:00,Mandi Yard,Cauliflower,Vegetable,234,34.0,9,8,-1,11.2,5.0,80.1,28.85,7.21,75.0,critical,100.0,0.0,0.0,0.0
BATCH-PRX-01633,2026-07-19 00:00:00,Wholesaler Depot,Tomato,Vegetable,1920,725.8,4,7,3,25.5,12.0,91.7,38.39,21.08,45.1,high,99.1,559.3,11790.04,1118.6
BATCH-PRX-00262,2026-07-20 00:00:00,Retail Supermarket,Cauliflower,Vegetable,729,131.8,6,8,2,15.8,5.0,87.0,33.24,19.38,41.7,high,88.3,98.9,1916.68,197.8
BATCH-PRX-00641,2026-07-20 00:00:00,Wholesaler Depot,Orange,Fruit,939,134.5,14,14,0,17.2,6.0,78.9,64.91,16.23,75.0,critical,100.0,127.8,2074.19,255.6
BATCH-PRX-01309,2026-07-20 00:00:00,Mandi Yard,Onion,Vegetable,3047,552.1,29,30,1,14.9,10.0,76.6,37.67,13.56,64.0,critical,75.0,488.1,6618.64,976.2
BATCH-PRX-01643,2026-07-20 00:00:00,Mandi Yard,Wheat,Cereal,2789,1702.1,64,180,116,22.9,22.0,70.5,32.07,28.13,12.3,low,5.0,976.7,27474.57,1953.4
BATCH-PRX-01863,2026-07-20 00:00:00,Mandi Yard,Mango,Fruit,1432,439.1,4,7,3,21.8,12.0,67.0,106.04,58.75,44.6,high,84.1,337.1,19804.62,674.2
BATCH-PRX-01895,2026-07-20 00:00:00,Retail Supermarket,Turmeric,Spice,4314,832.3,90,120,30,28.6,20.0,80.7,150.54,138.05,8.3,low,39.2,457.6,63171.68,915.2
BATCH-PRX-00017,2026-07-21 00:00:00,Mandi Yard,Potato,Vegetable,2442,1038.0,12,35,23,8.3,8.0,80.7,25.66,22.89,10.8,low,5.0,586.3,13420.41,1172.6
BATCH-PRX-00984,2026-07-21 00:00:00,Retail Supermarket,Apple,Fruit,1836,318.9,25,25,0,3.3,2.0,77.0,174.68,43.67,75.0,critical,95.0,303.0,13232.01,606.0
BATCH-PRX-01639,2026-07-21 00:00:00,Retail Supermarket,Tomato,Vegetable,3422,777.2,5,7,2,23.0,12.0,69.4,42.41,23.16,45.4,high,89.1,600.3,13902.95,1200.6
BATCH-PRX-00296,2026-07-22 00:00:00,Retail Supermarket,Banana,Fruit,113,16.2,5,6,1,13.9,14.0,72.2,49.51,19.31,61.0,critical,75.0,14.0,270.34,28.0
BATCH-PRX-00533,2026-07-22 00:00:00,Retail Supermarket,Cauliflower,Vegetable,1247,197.3,6,8,2,11.3,5.0,86.0,28.31,16.42,42.0,high,70.4,148.4,2436.73,296.8
BATCH-PRX-00633,2026-07-22 00:00:00,Mandi Yard,Apple,Fruit,3345,518.8,26,25,-1,9.6,2.0,82.2,158.03,39.51,75.0,critical,100.0,0.0,0.0,0.0
BATCH-PRX-01000,2026-07-22 00:00:00,Retail Supermarket,Turmeric,Spice,4287,1349.7,66,120,54,20.5,20.0,88.9,155.41,138.63,10.8,low,5.0,762.3,105677.65,1524.6
BATCH-PRX-01167,2026-07-22 00:00:00,Mandi Yard,Tomato,Vegetable,3550,490.7,9,7,-2,12.7,12.0,85.2,42.54,10.63,75.0,critical,95.0,0.0,0.0,0.0
BATCH-PRX-01383,2026-07-22 00:00:00,Mandi Yard,Onion,Vegetable,1266,777.4,3,30,27,15.9,10.0,80.8,37.08,33.33,10.1,low,28.6,435.8,14525.21,871.6
BATCH-PRX-01615,2026-07-22 00:00:00,Mandi Yard,Garlic,Spice / Vegetable,2613,373.0,59,60,1,26.8,15.0,84.9,190.12,73.58,61.3,critical,100.0,323.7,23817.85,647.4
BATCH-PRX-00239,2026-07-23 00:00:00,Mandi Yard,Wheat,Cereal,1380,1338.9,3,180,177,30.1,22.0,80.6,37.39,33.46,10.5,low,37.3,753.8,25222.15,1507.6
BATCH-PRX-01460,2026-07-23 00:00:00,Farm Hub,Turmeric,Spice,1323,756.7,38,120,82,23.0,20.0,88.2,168.23,154.94,7.9,low,5.0,414.2,64176.15,828.4
BATCH-PRX-00710,2026-07-24 00:00:00,Retail Supermarket,Rice,Cereal,3204,399.6,195,180,-15,34.0,22.0,65.4,45.65,11.41,75.0,critical,100.0,0.0,0.0,0.0
BATCH-PRX-00942,2026-07-24 00:00:00,Farm Hub,Wheat,Cereal,3650,1908.9,40,180,140,31.7,22.0,66.4,38.24,33.15,13.3,low,43.6,1106.8,36690.42,2213.6
BATCH-PRX-00076,2026-07-25 00:00:00,Mandi Yard,Cabbage,Vegetable,4168,2186.2,4,12,8,3.0,4.0,87.1,24.65,20.51,16.8,low,5.0,1313.5,26939.89,2627.0
BATCH-PRX-00111,2026-07-25 00:00:00,Farm Hub,Mango,Fruit,3544,688.1,8,7,-1,23.3,12.0,78.5,106.36,26.59,75.0,critical,100.0,0.0,0.0,0.0
BATCH-PRX-00584,2026-07-25 00:00:00,Retail Supermarket,Green Chilli,Spice / Vegetable,808,331.9,5,10,5,18.7,10.0,67.9,142.19,110.91,22.0,medium,54.9,209.8,23268.92,419.6
BATCH-PRX-00606,2026-07-25 00:00:00,Wholesaler Depot,Cabbage,Vegetable,1087,801.2,3,12,9,9.3,4.0,80.2,21.76,19.61,9.9,low,26.3,448.2,8789.2,896.4
BATCH-PRX-00729,2026-07-25 00:00:00,Mandi Yard,Rice,Cereal,3587,2180.8,50,180,130,31.1,22.0,82.4,45.34,38.81,14.4,low,41.6,1278.8,49630.23,2557.6
BATCH-PRX-01262,2026-07-25 00:00:00,Retail Supermarket,Potato,Vegetable,4248,884.4,23,35,12,16.7,8.0,83.8,27.06,24.35,10.0,low,39.8,495.3,12060.56,990.6
BATCH-PRX-01279,2026-07-25 00:00:00,Retail Supermarket,Garlic,Spice / Vegetable,1355,357.9,42,60,18,13.1,15.0,75.8,189.65,177.89,6.2,low,5.0,192.3,34208.25,384.6
BATCH-PRX-01606,2026-07-25 00:00:00,Mandi Yard,Garlic,Spice / Vegetable,547,377.2,10,60,50,13.5,15.0,70.5,180.84,169.45,6.3,low,5.0,202.9,34381.4,405.8
BATCH-PRX-01670,2026-07-25 00:00:00,Wholesaler Depot,Cauliflower,Vegetable,724,237.4,5,8,3,15.2,5.0,78.5,29.28,16.92,42.2,high,86.0,178.8,3025.3,357.6
BATCH-PRX-01986,2026-07-25 00:00:00,Mandi Yard,Apple,Fruit,257,185.7,3,25,22,12.1,2.0,86.2,169.41,157.38,7.1,low,45.4,100.8,15863.9,201.6
BATCH-PRX-00336,2026-07-26 00:00:00,Farm Hub,Carrot,Vegetable,3278,1412.6,5,15,10,3.3,4.0,86.4,43.28,37.74,12.8,low,5.0,814.8,30750.55,1629.6
BATCH-PRX-00909,2026-07-26 00:00:00,Mandi Yard,Banana,Fruit,4238,717.4,6,6,0,15.2,14.0,68.7,48.32,12.08,75.0,critical,95.0,681.5,8232.52,1363.0
BATCH-PRX-01412,2026-07-26 00:00:00,Wholesaler Depot,Cauliflower,Vegetable,254,47.8,7,8,1,17.6,5.0,81.7,30.28,11.72,61.3,critical,100.0,41.5,486.38,83.0
BATCH-PRX-01836,2026-07-27 00:00:00,Wholesaler Depot,Banana,Fruit,2462,674.2,4,6,2,22.4,14.0,68.7,58.05,32.33,44.3,high,78.5,516.3,16691.98,1032.6
BATCH-PRX-00409,2026-07-28 00:00:00,Farm Hub,Mango,Fruit,2465,475.4,7,7,0,21.6,12.0,85.4,92.66,23.16,75.0,critical,100.0,451.6,10459.06,903.2
BATCH-PRX-00906,2026-07-28 00:00:00,Retail Supermarket,Cabbage,Vegetable,3344,420.0,13,12,-1,11.1,4.0,69.8,21.66,5.42,75.0,critical,100.0,0.0,0.0,0.0
BATCH-PRX-00089,2026-07-29 00:00:00,Wholesaler Depot,Ginger,Spice,827,398.0,5,20,15,17.0,12.0,86.1,108.63,100.7,7.3,low,5.0,216.4,21791.48,432.8
BATCH-PRX-01842,2026-07-29 00:00:00,Farm Hub,Garlic,Spice / Vegetable,3287,1899.2,12,60,48,25.0,15.0,80.2,196.1,168.84,13.9,low,44.9,1108.0,187074.72,2216.0
BATCH-PRX-00167,2026-07-30 00:00:00,Retail Supermarket,Mango,Fruit,2893,1754.6,2,7,5,14.8,12.0,83.1,102.11,70.25,31.2,medium,20.0,1205.8,84707.45,2411.6
BATCH-PRX-00860,2026-07-30 00:00:00,Farm Hub,Wheat,Cereal,1265,196.0,215,180,-35,34.6,22.0,87.0,31.73,8.0,74.8,critical,100.0,0.0,0.0,0.0
BATCH-PRX-01033,2026-07-30 00:00:00,Farm Hub,Rice,Cereal,911,838.9,11,180,169,31.6,22.0,76.1,54.18,50.01,7.7,low,43.4,458.2,22914.58,916.4
BATCH-PRX-01376,2026-07-30 00:00:00,Farm Hub,Rice,Cereal,3627,1536.2,53,180,127,22.9,22.0,82.0,52.26,46.41,11.2,low,5.0,871.3,40437.03,1742.6
BATCH-PRX-01717,2026-07-30 00:00:00,Wholesaler Depot,Tomato,Vegetable,1219,167.9,6,7,1,15.8,12.0,84.4,41.17,15.52,62.3,critical,75.0,146.7,2276.78,293.4
BATCH-PRX-00168,2026-07-31 00:00:00,Wholesaler Depot,Wheat,Cereal,2818,503.1,173,180,7,20.2,22.0,70.2,33.6,26.44,21.3,medium,20.0,315.8,8349.75,631.6
BATCH-PRX-01150,2026-07-31 00:00:00,Mandi Yard,Garlic,Spice / Vegetable,4010,773.5,75,60,-15,13.6,15.0,78.9,162.63,40.66,75.0,critical,95.0,0.0,0.0,0.0
BATCH-PRX-01175,2026-07-31 00:00:00,Farm Hub,Cabbage,Vegetable,1060,196.2,13,12,-1,3.3,4.0,68.0,25.84,6.46,75.0,critical,95.0,0.0,0.0,0.0
BATCH-PRX-00082,2026-08-01 00:00:00,Farm Hub,Garlic,Spice / Vegetable,2769,499.4,45,60,15,20.5,15.0,84.4,184.52,171.79,6.9,low,27.1,270.4,46452.02,540.8
BATCH-PRX-00665,2026-08-01 00:00:00,Farm Hub,Potato,Vegetable,4288,2105.2,17,35,18,16.2,8.0,65.6,27.74,23.27,16.1,low,37.9,1256.0,29227.12,2512.0
BATCH-PRX-00779,2026-08-01 00:00:00,Mandi Yard,Orange,Fruit,2380,1352.5,3,14,11,9.4,6.0,65.4,63.49,55.43,12.7,low,5.0,779.3,43196.6,1558.6
BATCH-PRX-00846,2026-08-01 00:00:00,Mandi Yard,Cabbage,Vegetable,3511,470.4,12,12,0,8.0,4.0,91.4,22.68,5.67,75.0,critical,95.0,446.9,2533.92,893.8
BATCH-PRX-00030,2026-08-02 00:00:00,Mandi Yard,Turmeric,Spice,3412,1109.3,72,120,48,29.3,20.0,67.0,150.44,136.0,9.6,low,42.2,618.5,84116.0,1237.0
BATCH-PRX-01285,2026-08-02 00:00:00,Farm Hub,Rice,Cereal,3728,2985.3,34,180,146,20.7,22.0,72.0,55.4,45.21,18.4,low,5.0,1822.2,82381.66,3644.4
BATCH-PRX-00752,2026-08-03 00:00:00,Farm Hub,Onion,Vegetable,3595,474.6,25,30,5,21.5,10.0,67.9,32.37,24.73,23.6,medium,65.9,304.5,7530.28,609.0
BATCH-PRX-00766,2026-08-03 00:00:00,Farm Hub,Potato,Vegetable,3669,1883.5,11,35,24,17.9,8.0,69.0,25.58,21.74,15.0,low,44.5,1111.3,24159.66,2222.6
BATCH-PRX-00962,2026-08-03 00:00:00,Retail Supermarket,Apple,Fruit,4409,623.8,31,25,-6,5.7,2.0,66.5,191.3,47.83,75.0,critical,95.0,0.0,0.0,0.0
BATCH-PRX-00040,2026-08-04 00:00:00,Retail Supermarket,Green Chilli,Spice / Vegetable,3272,666.4,7,10,3,14.3,10.0,84.3,128.13,72.27,43.6,high,45.0,507.5,36677.03,1015.0
BATCH-PRX-00118,2026-08-04 00:00:00,Mandi Yard,Garlic,Spice / Vegetable,2001,328.8,52,60,8,16.4,15.0,84.7,172.26,161.92,6.0,low,5.0,176.2,28530.3,352.4
BATCH-PRX-00268,2026-08-04 00:00:00,Retail Supermarket,Turmeric,Spice,2086,1394.6,28,120,92,27.8,20.0,78.9,173.85,154.55,11.1,low,36.1,790.2,122125.41,1580.4
BATCH-PRX-00597,2026-08-04 00:00:00,Wholesaler Depot,Turmeric,Spice,795,117.8,113,120,7,23.1,20.0,82.0,164.79,132.33,19.7,medium,20.0,72.8,9633.62,145.6
BATCH-PRX-00945,2026-08-04 00:00:00,Wholesaler Depot,Cabbage,Vegetable,210,169.5,0,12,12,11.2,4.0,69.1,24.37,22.74,6.7,low,33.6,91.6,2082.98,183.2
BATCH-PRX-01178,2026-08-04 00:00:00,Retail Supermarket,Green Chilli,Spice / Vegetable,3903,2933.0,0,10,10,8.2,10.0,84.9,141.68,113.34,20.0,low,5.0,1818.5,206108.79,3637.0
BATCH-PRX-01532,2026-08-04 00:00:00,Wholesaler Depot,Rice,Cereal,732,94.7,172,180,8,26.8,22.0,87.5,49.2,47.23,4.0,low,5.0,49.6,2342.61,99.2
BATCH-PRX-01609,2026-08-04 00:00:00,Farm Hub,Green Chilli,Spice / Vegetable,2964,570.6,9,10,1,8.8,10.0,66.0,153.48,56.48,63.2,critical,75.0,501.7,28336.02,1003.4
BATCH-PRX-01948,2026-08-04 00:00:00,Mandi Yard,Onion,Vegetable,3883,3079.4,3,30,27,20.9,10.0,83.1,34.75,27.38,21.2,low,48.5,1931.4,52881.73,3862.8
